ar_coefficients,repetition,horizon,method,error
0.1,0,0,factor_error,48.861155494481636
0.1,1,0,factor_error,48.45352110207284
0.1,2,0,factor_error,45.88322556428003
0.1,3,0,factor_error,42.780921906528754
0.1,4,0,factor_error,60.69523854651349
0.1,5,0,factor_error,44.202861152273606
0.1,6,0,factor_error,51.92227876960332
0.1,7,0,factor_error,41.41369190023693
0.1,8,0,factor_error,66.51213829687343
0.1,9,0,factor_error,71.44545956733973
0.1,10,0,factor_error,86.17464995602595
0.1,11,0,factor_error,64.12935513223402
0.1,12,0,factor_error,57.310240152141255
0.1,13,0,factor_error,39.264441262666885
0.1,14,0,factor_error,52.9527364284865
0.1,15,0,factor_error,75.8624741569466
0.1,16,0,factor_error,31.218490673245824
0.1,17,0,factor_error,40.358970488750465
0.1,18,0,factor_error,54.72626572326348
0.1,19,0,factor_error,60.85129804633219
0.1,20,0,factor_error,39.6836437203286
0.1,21,0,factor_error,40.87820414655338
0.1,22,0,factor_error,29.799462212677778
0.1,23,0,factor_error,48.048552316707514
0.1,24,0,factor_error,45.320407494849704
0.1,25,0,factor_error,43.88457355146278
0.1,26,0,factor_error,42.85188728690599
0.1,27,0,factor_error,57.94475305131452
0.1,28,0,factor_error,40.10106174124005
0.1,29,0,factor_error,48.67130517744362
0.1,30,0,factor_error,51.90927338671261
0.1,31,0,factor_error,75.68936784304033
0.1,32,0,factor_error,25.161292615152803
0.1,33,0,factor_error,72.85840721190952
0.1,34,0,factor_error,60.52608912111456
0.1,35,0,factor_error,58.845864227662055
0.1,36,0,factor_error,62.95901125879111
0.1,37,0,factor_error,34.75762090456773
0.1,38,0,factor_error,48.861155494481636
0.1,39,0,factor_error,48.45352110207284
0.1,40,0,factor_error,45.88322556428003
0.1,41,0,factor_error,42.780921906528754
0.1,42,0,factor_error,60.69523854651349
0.1,43,0,factor_error,44.202861152273606
0.1,44,0,factor_error,51.92227876960332
0.1,45,0,factor_error,41.41369190023693
0.1,46,0,factor_error,66.51213829687343
0.1,47,0,factor_error,71.44545956733973
0.1,48,0,factor_error,86.17464995602595
0.1,49,0,factor_error,64.12935513223402
0.1,50,0,factor_error,57.310240152141255
0.1,51,0,factor_error,39.264441262666885
0.1,52,0,factor_error,52.9527364284865
0.1,53,0,factor_error,75.8624741569466
0.1,54,0,factor_error,31.218490673245824
0.1,55,0,factor_error,40.358970488750465
0.1,56,0,factor_error,54.72626572326348
0.1,57,0,factor_error,60.85129804633219
0.1,58,0,factor_error,39.6836437203286
0.1,59,0,factor_error,40.87820414655338
0.1,60,0,factor_error,29.799462212677778
0.1,61,0,factor_error,48.048552316707514
0.1,62,0,factor_error,45.320407494849704
0.1,63,0,factor_error,43.88457355146278
0.1,64,0,factor_error,42.85188728690599
0.1,65,0,factor_error,57.94475305131452
0.1,66,0,factor_error,40.10106174124005
0.1,67,0,factor_error,48.67130517744362
0.1,68,0,factor_error,51.90927338671261
0.1,69,0,factor_error,75.68936784304033
0.1,70,0,factor_error,25.161292615152803
0.1,71,0,factor_error,72.85840721190952
0.1,72,0,factor_error,60.52608912111456
0.1,73,0,factor_error,58.845864227662055
0.1,74,0,factor_error,62.95901125879111
0.1,75,0,factor_error,34.75762090456773
0.1,76,0,factor_error,48.861155494481636
0.1,77,0,factor_error,48.45352110207284
0.1,78,0,factor_error,45.88322556428003
0.1,79,0,factor_error,42.780921906528754
0.1,80,0,factor_error,60.69523854651349
0.1,81,0,factor_error,44.202861152273606
0.1,82,0,factor_error,51.92227876960332
0.1,83,0,factor_error,41.41369190023693
0.1,84,0,factor_error,66.51213829687343
0.1,85,0,factor_error,71.44545956733973
0.1,86,0,factor_error,86.17464995602595
0.1,87,0,factor_error,64.12935513223402
0.1,88,0,factor_error,57.310240152141255
0.1,89,0,factor_error,39.264441262666885
0.1,90,0,factor_error,52.9527364284865
0.1,91,0,factor_error,75.8624741569466
0.1,92,0,factor_error,31.218490673245824
0.1,93,0,factor_error,40.358970488750465
0.1,94,0,factor_error,54.72626572326348
0.1,95,0,factor_error,60.85129804633219
0.1,96,0,factor_error,39.6836437203286
0.1,97,0,factor_error,40.87820414655338
0.1,98,0,factor_error,29.799462212677778
0.1,99,0,factor_error,48.048552316707514
0.1,100,0,factor_error,45.320407494849704
0.1,101,0,factor_error,43.88457355146278
0.1,102,0,factor_error,42.85188728690599
0.1,103,0,factor_error,57.94475305131452
0.1,104,0,factor_error,40.10106174124005
0.1,105,0,factor_error,48.67130517744362
0.1,106,0,factor_error,51.90927338671261
0.1,107,0,factor_error,75.68936784304033
0.1,108,0,factor_error,25.161292615152803
0.1,109,0,factor_error,72.85840721190952
0.1,110,0,factor_error,60.52608912111456
0.1,111,0,factor_error,58.845864227662055
0.1,112,0,factor_error,62.95901125879111
0.1,113,0,factor_error,34.75762090456773
0.1,114,0,factor_error,48.861155494481636
0.1,115,0,factor_error,48.45352110207284
0.1,116,0,factor_error,45.88322556428003
0.1,117,0,factor_error,42.780921906528754
0.1,118,0,factor_error,60.69523854651349
0.1,119,0,factor_error,44.202861152273606
0.1,120,0,factor_error,51.92227876960332
0.1,121,0,factor_error,41.41369190023693
0.1,122,0,factor_error,66.51213829687343
0.1,123,0,factor_error,71.44545956733973
0.1,124,0,factor_error,86.17464995602595
0.1,125,0,factor_error,64.12935513223402
0.1,126,0,factor_error,57.310240152141255
0.1,127,0,factor_error,39.264441262666885
0.1,128,0,factor_error,52.9527364284865
0.1,129,0,factor_error,75.8624741569466
0.1,130,0,factor_error,31.218490673245824
0.1,131,0,factor_error,40.358970488750465
0.1,132,0,factor_error,54.72626572326348
0.1,133,0,factor_error,60.85129804633219
0.1,134,0,factor_error,39.6836437203286
0.1,135,0,factor_error,40.87820414655338
0.1,136,0,factor_error,29.799462212677778
0.1,137,0,factor_error,48.048552316707514
0.1,138,0,factor_error,45.320407494849704
0.1,139,0,factor_error,43.88457355146278
0.1,140,0,factor_error,42.85188728690599
0.1,141,0,factor_error,57.94475305131452
0.1,142,0,factor_error,40.10106174124005
0.1,143,0,factor_error,48.67130517744362
0.1,144,0,factor_error,51.90927338671261
0.1,145,0,factor_error,75.68936784304033
0.1,146,0,factor_error,25.161292615152803
0.1,147,0,factor_error,72.85840721190952
0.1,148,0,factor_error,60.52608912111456
0.1,149,0,factor_error,58.845864227662055
0.1,150,0,factor_error,62.95901125879111
0.1,151,0,factor_error,34.75762090456773
0.1,152,0,factor_error,48.861155494481636
0.1,153,0,factor_error,48.45352110207284
0.1,154,0,factor_error,45.88322556428003
0.1,155,0,factor_error,42.780921906528754
0.1,156,0,factor_error,60.69523854651349
0.1,157,0,factor_error,44.202861152273606
0.1,158,0,factor_error,51.92227876960332
0.1,159,0,factor_error,41.41369190023693
0.1,160,0,factor_error,66.51213829687343
0.1,161,0,factor_error,71.44545956733973
0.1,162,0,factor_error,86.17464995602595
0.1,163,0,factor_error,64.12935513223402
0.1,164,0,factor_error,57.310240152141255
0.1,165,0,factor_error,39.264441262666885
0.1,166,0,factor_error,52.9527364284865
0.1,167,0,factor_error,75.8624741569466
0.1,168,0,factor_error,31.218490673245824
0.1,169,0,factor_error,40.358970488750465
0.1,170,0,factor_error,54.72626572326348
0.1,171,0,factor_error,60.85129804633219
0.1,172,0,factor_error,39.6836437203286
0.1,173,0,factor_error,40.87820414655338
0.1,174,0,factor_error,29.799462212677778
0.1,175,0,factor_error,48.048552316707514
0.1,176,0,factor_error,45.320407494849704
0.1,177,0,factor_error,43.88457355146278
0.1,178,0,factor_error,42.85188728690599
0.1,179,0,factor_error,57.94475305131452
0.1,180,0,factor_error,40.10106174124005
0.1,181,0,factor_error,48.67130517744362
0.1,182,0,factor_error,51.90927338671261
0.1,183,0,factor_error,75.68936784304033
0.1,184,0,factor_error,25.161292615152803
0.1,185,0,factor_error,72.85840721190952
0.1,186,0,factor_error,60.52608912111456
0.1,187,0,factor_error,58.845864227662055
0.1,188,0,factor_error,62.95901125879111
0.1,189,0,factor_error,34.75762090456773
0.1,190,0,factor_error,48.861155494481636
0.1,191,0,factor_error,48.45352110207284
0.1,192,0,factor_error,45.88322556428003
0.1,193,0,factor_error,42.780921906528754
0.1,194,0,factor_error,60.69523854651349
0.1,195,0,factor_error,44.202861152273606
0.1,196,0,factor_error,51.92227876960332
0.1,197,0,factor_error,41.41369190023693
0.1,198,0,factor_error,66.51213829687343
0.1,199,0,factor_error,71.44545956733973
0.1,200,0,factor_error,86.17464995602595
0.1,201,0,factor_error,64.12935513223402
0.1,202,0,factor_error,57.310240152141255
0.1,203,0,factor_error,39.264441262666885
0.1,204,0,factor_error,52.9527364284865
0.1,205,0,factor_error,75.8624741569466
0.1,206,0,factor_error,31.218490673245824
0.1,207,0,factor_error,40.358970488750465
0.1,208,0,factor_error,54.72626572326348
0.1,209,0,factor_error,60.85129804633219
0.1,210,0,factor_error,39.6836437203286
0.1,211,0,factor_error,40.87820414655338
0.1,212,0,factor_error,29.799462212677778
0.1,213,0,factor_error,48.048552316707514
0.1,214,0,factor_error,45.320407494849704
0.1,215,0,factor_error,43.88457355146278
0.1,216,0,factor_error,42.85188728690599
0.1,217,0,factor_error,57.94475305131452
0.1,218,0,factor_error,40.10106174124005
0.1,219,0,factor_error,48.67130517744362
0.1,220,0,factor_error,51.90927338671261
0.1,221,0,factor_error,75.68936784304033
0.1,222,0,factor_error,25.161292615152803
0.1,223,0,factor_error,72.85840721190952
0.1,224,0,factor_error,60.52608912111456
0.1,225,0,factor_error,58.845864227662055
0.1,226,0,factor_error,62.95901125879111
0.1,227,0,factor_error,34.75762090456773
0.1,228,0,factor_error,48.861155494481636
0.1,229,0,factor_error,48.45352110207284
0.1,230,0,factor_error,45.88322556428003
0.1,231,0,factor_error,42.780921906528754
0.1,232,0,factor_error,60.69523854651349
0.1,233,0,factor_error,44.202861152273606
0.1,234,0,factor_error,51.92227876960332
0.1,235,0,factor_error,41.41369190023693
0.1,236,0,factor_error,66.51213829687343
0.1,237,0,factor_error,71.44545956733973
0.1,238,0,factor_error,86.17464995602595
0.1,239,0,factor_error,64.12935513223402
0.1,240,0,factor_error,57.310240152141255
0.1,241,0,factor_error,39.264441262666885
0.1,242,0,factor_error,52.9527364284865
0.1,243,0,factor_error,75.8624741569466
0.1,244,0,factor_error,31.218490673245824
0.1,245,0,factor_error,40.358970488750465
0.1,246,0,factor_error,54.72626572326348
0.1,247,0,factor_error,60.85129804633219
0.1,248,0,factor_error,39.6836437203286
0.1,249,0,factor_error,40.87820414655338
0.1,250,0,factor_error,29.799462212677778
0.1,251,0,factor_error,48.048552316707514
0.1,252,0,factor_error,45.320407494849704
0.1,253,0,factor_error,43.88457355146278
0.1,254,0,factor_error,42.85188728690599
0.1,255,0,factor_error,57.94475305131452
0.1,256,0,factor_error,40.10106174124005
0.1,257,0,factor_error,48.67130517744362
0.1,258,0,factor_error,51.90927338671261
0.1,259,0,factor_error,75.68936784304033
0.1,260,0,factor_error,25.161292615152803
0.1,261,0,factor_error,72.85840721190952
0.1,262,0,factor_error,60.52608912111456
0.1,263,0,factor_error,58.845864227662055
0.1,264,0,factor_error,62.95901125879111
0.1,265,0,factor_error,34.75762090456773
0.1,266,0,factor_error,48.861155494481636
0.1,267,0,factor_error,48.45352110207284
0.1,268,0,factor_error,45.88322556428003
0.1,269,0,factor_error,42.780921906528754
0.1,270,0,factor_error,60.69523854651349
0.1,271,0,factor_error,44.202861152273606
0.1,272,0,factor_error,51.92227876960332
0.1,273,0,factor_error,41.41369190023693
0.1,274,0,factor_error,66.51213829687343
0.1,275,0,factor_error,71.44545956733973
0.1,276,0,factor_error,86.17464995602595
0.1,277,0,factor_error,64.12935513223402
0.1,278,0,factor_error,57.310240152141255
0.1,279,0,factor_error,39.264441262666885
0.1,280,0,factor_error,52.9527364284865
0.1,281,0,factor_error,75.8624741569466
0.1,282,0,factor_error,31.218490673245824
0.1,283,0,factor_error,40.358970488750465
0.1,284,0,factor_error,54.72626572326348
0.1,285,0,factor_error,60.85129804633219
0.1,286,0,factor_error,39.6836437203286
0.1,287,0,factor_error,40.87820414655338
0.1,288,0,factor_error,29.799462212677778
0.1,289,0,factor_error,48.048552316707514
0.1,290,0,factor_error,45.320407494849704
0.1,291,0,factor_error,43.88457355146278
0.1,292,0,factor_error,42.85188728690599
0.1,293,0,factor_error,57.94475305131452
0.1,294,0,factor_error,40.10106174124005
0.1,295,0,factor_error,48.67130517744362
0.1,296,0,factor_error,51.90927338671261
0.1,297,0,factor_error,75.68936784304033
0.1,298,0,factor_error,25.161292615152803
0.1,299,0,factor_error,72.85840721190952
0.3,0,0,factor_error,71.25690105016707
0.3,1,0,factor_error,63.52324924381585
0.3,2,0,factor_error,60.280511716873846
0.3,3,0,factor_error,35.96497139117202
0.3,4,0,factor_error,46.55956382999111
0.3,5,0,factor_error,52.88724593022438
0.3,6,0,factor_error,48.1816606738175
0.3,7,0,factor_error,39.616009098792304
0.3,8,0,factor_error,59.45871637789965
0.3,9,0,factor_error,40.70684534916127
0.3,10,0,factor_error,59.932987402569076
0.3,11,0,factor_error,44.978022408999465
0.3,12,0,factor_error,62.76712564186794
0.3,13,0,factor_error,90.38043437564482
0.3,14,0,factor_error,98.93696125516766
0.3,15,0,factor_error,70.17366456692874
0.3,16,0,factor_error,55.36207052826149
0.3,17,0,factor_error,41.88354269853845
0.3,18,0,factor_error,51.17893625801676
0.3,19,0,factor_error,73.01159033919946
0.3,20,0,factor_error,33.39729838048768
0.3,21,0,factor_error,44.92517804443938
0.3,22,0,factor_error,51.994315085640366
0.3,23,0,factor_error,61.08935531248233
0.3,24,0,factor_error,34.74181763004731
0.3,25,0,factor_error,39.66776837442777
0.3,26,0,factor_error,34.87165400115069
0.3,27,0,factor_error,46.50777805259281
0.3,28,0,factor_error,47.82441864263016
0.3,29,0,factor_error,43.18356433130204
0.3,30,0,factor_error,39.907950462990016
0.3,31,0,factor_error,58.948708249368096
0.3,32,0,factor_error,43.49652869156543
0.3,33,0,factor_error,52.59365318920906
0.3,34,0,factor_error,49.32360077100879
0.3,35,0,factor_error,70.53065102207184
0.3,36,0,factor_error,25.29804966784411
0.3,37,0,factor_error,72.31603784262416
0.3,38,0,factor_error,71.25690105016707
0.3,39,0,factor_error,63.52324924381585
0.3,40,0,factor_error,60.280511716873846
0.3,41,0,factor_error,35.96497139117202
0.3,42,0,factor_error,46.55956382999111
0.3,43,0,factor_error,52.88724593022438
0.3,44,0,factor_error,48.1816606738175
0.3,45,0,factor_error,39.616009098792304
0.3,46,0,factor_error,59.45871637789965
0.3,47,0,factor_error,40.70684534916127
0.3,48,0,factor_error,59.932987402569076
0.3,49,0,factor_error,44.978022408999465
0.3,50,0,factor_error,62.76712564186794
0.3,51,0,factor_error,90.38043437564482
0.3,52,0,factor_error,98.93696125516766
0.3,53,0,factor_error,70.17366456692874
0.3,54,0,factor_error,55.36207052826149
0.3,55,0,factor_error,41.88354269853845
0.3,56,0,factor_error,51.17893625801676
0.3,57,0,factor_error,73.01159033919946
0.3,58,0,factor_error,33.39729838048768
0.3,59,0,factor_error,44.92517804443938
0.3,60,0,factor_error,51.994315085640366
0.3,61,0,factor_error,61.08935531248233
0.3,62,0,factor_error,34.74181763004731
0.3,63,0,factor_error,39.66776837442777
0.3,64,0,factor_error,34.87165400115069
0.3,65,0,factor_error,46.50777805259281
0.3,66,0,factor_error,47.82441864263016
0.3,67,0,factor_error,43.18356433130204
0.3,68,0,factor_error,39.907950462990016
0.3,69,0,factor_error,58.948708249368096
0.3,70,0,factor_error,43.49652869156543
0.3,71,0,factor_error,52.59365318920906
0.3,72,0,factor_error,49.32360077100879
0.3,73,0,factor_error,70.53065102207184
0.3,74,0,factor_error,25.29804966784411
0.3,75,0,factor_error,72.31603784262416
0.3,76,0,factor_error,71.25690105016707
0.3,77,0,factor_error,63.52324924381585
0.3,78,0,factor_error,60.280511716873846
0.3,79,0,factor_error,35.96497139117202
0.3,80,0,factor_error,81.42084996638904
0.3,81,0,factor_error,40.96162257501612
0.3,82,0,factor_error,83.0427189477608
0.3,83,0,factor_error,47.933099012138605
0.3,84,0,factor_error,33.3399170500706
0.3,85,0,factor_error,63.25400340714282
0.3,86,0,factor_error,39.37224076099261
0.3,87,0,factor_error,51.50022642380026
0.3,88,0,factor_error,41.6797363258053
0.3,89,0,factor_error,47.43103970275265
0.3,90,0,factor_error,41.469270297532894
0.3,91,0,factor_error,71.14697814597555
0.3,92,0,factor_error,79.50268449416917
0.3,93,0,factor_error,45.485171844244306
0.3,94,0,factor_error,60.338633330910305
0.3,95,0,factor_error,72.71218185971263
0.3,96,0,factor_error,71.47920775493802
0.3,97,0,factor_error,73.76753362462549
0.3,98,0,factor_error,54.51667820661688
0.3,99,0,factor_error,43.55211686469543
0.3,100,0,factor_error,45.12892784711306
0.3,101,0,factor_error,39.53286970777105
0.3,102,0,factor_error,42.66809698963307
0.3,103,0,factor_error,71.22974027023467
0.3,104,0,factor_error,70.21419199814345
0.3,105,0,factor_error,47.42758771480317
0.3,106,0,factor_error,35.35502880916237
0.3,107,0,factor_error,46.76538512339237
0.3,108,0,factor_error,41.36789252058217
0.3,109,0,factor_error,55.053015883782905
0.3,110,0,factor_error,110.89217547005292
0.3,111,0,factor_error,43.0144909839613
0.3,112,0,factor_error,63.402071065666945
0.3,113,0,factor_error,32.1494756521609
0.3,114,0,factor_error,68.76672419303632
0.3,115,0,factor_error,66.36131552798275
0.3,116,0,factor_error,67.86826522987174
0.3,117,0,factor_error,40.45648080353186
0.3,118,0,factor_error,70.68229340885894
0.3,119,0,factor_error,51.169249396982764
0.3,120,0,factor_error,34.90793680152717
0.3,121,0,factor_error,52.039604544457205
0.3,122,0,factor_error,51.85555281947775
0.3,123,0,factor_error,78.98807840941201
0.3,124,0,factor_error,40.14269365371933
0.3,125,0,factor_error,35.089990754605275
0.3,126,0,factor_error,53.00006672575876
0.3,127,0,factor_error,54.39829578585065
0.3,128,0,factor_error,41.23320337880309
0.3,129,0,factor_error,35.94487620782241
0.3,130,0,factor_error,66.78226769018124
0.3,131,0,factor_error,29.570578012004734
0.3,132,0,factor_error,79.4413859817904
0.3,133,0,factor_error,93.51597455716225
0.3,134,0,factor_error,45.72663060094128
0.3,135,0,factor_error,37.486888465429644
0.3,136,0,factor_error,31.37144921419056
0.3,137,0,factor_error,52.22701087561181
0.3,138,0,factor_error,31.939400102712003
0.3,139,0,factor_error,47.048040976745725
0.3,140,0,factor_error,42.8491519884102
0.3,141,0,factor_error,39.175396489856794
0.3,142,0,factor_error,60.479504151992224
0.3,143,0,factor_error,75.16265702798825
0.3,144,0,factor_error,81.31942398737019
0.3,145,0,factor_error,45.939045430320675
0.3,146,0,factor_error,49.805038683757935
0.3,147,0,factor_error,40.63733435230858
0.3,148,0,factor_error,90.79769696349233
0.3,149,0,factor_error,46.50904185976052
0.3,150,0,factor_error,51.88847318917407
0.3,151,0,factor_error,42.74942899659229
0.3,152,0,factor_error,68.34969112645724
0.3,153,0,factor_error,56.59355943318129
0.3,154,0,factor_error,38.86642635709175
0.3,155,0,factor_error,63.52934955179275
0.3,156,0,factor_error,31.95842882056119
0.3,157,0,factor_error,37.22231497843615
0.3,158,0,factor_error,105.59190484760595
0.3,159,0,factor_error,58.81102273267098
0.3,160,0,factor_error,30.864029246416138
0.3,161,0,factor_error,68.988588667925
0.3,162,0,factor_error,25.789622962013034
0.3,163,0,factor_error,75.08112538993345
0.3,164,0,factor_error,51.683111010270096
0.3,165,0,factor_error,62.336740351424986
0.3,166,0,factor_error,41.09064242511591
0.3,167,0,factor_error,87.31602902726547
0.3,168,0,factor_error,59.60140394454263
0.3,169,0,factor_error,37.067966980935125
0.3,170,0,factor_error,73.65059993062422
0.3,171,0,factor_error,44.253741417031186
0.3,172,0,factor_error,53.53462604173146
0.3,173,0,factor_error,34.82102974745233
0.3,174,0,factor_error,38.96252570947067
0.3,175,0,factor_error,50.844963776250815
0.3,176,0,factor_error,55.64663689534365
0.3,177,0,factor_error,93.2475639271952
0.3,178,0,factor_error,36.96425898386645
0.3,179,0,factor_error,43.017503963762486
0.3,180,0,factor_error,47.494825193425605
0.3,181,0,factor_error,48.64393794056008
0.3,182,0,factor_error,42.0338538748149
0.3,183,0,factor_error,47.430760010681425
0.3,184,0,factor_error,46.67584413696029
0.3,185,0,factor_error,62.967123111328995
0.3,186,0,factor_error,25.438262556089473
0.3,187,0,factor_error,36.752541562581534
0.3,188,0,factor_error,43.936056428981004
0.3,189,0,factor_error,39.77756177986639
0.3,190,0,factor_error,50.408212463435966
0.3,191,0,factor_error,51.2434869827599
0.3,192,0,factor_error,48.27730219363009
0.3,193,0,factor_error,68.56979062065167
0.3,194,0,factor_error,87.17792016661915
0.3,195,0,factor_error,31.44261218399032
0.3,196,0,factor_error,32.516254046922995
0.3,197,0,factor_error,74.41797687075342
0.3,198,0,factor_error,32.11099785901438
0.3,199,0,factor_error,69.82466267552685
0.3,200,0,factor_error,40.64909804089472
0.3,201,0,factor_error,41.07411513424605
0.3,202,0,factor_error,62.31869187689422
0.3,203,0,factor_error,43.15078181183121
0.3,204,0,factor_error,104.66491757982256
0.3,205,0,factor_error,46.115328361254576
0.3,206,0,factor_error,69.23580671251717
0.3,207,0,factor_error,49.67369818741913
0.3,208,0,factor_error,81.14395376639699
0.3,209,0,factor_error,75.02585709162717
0.3,210,0,factor_error,39.714375483286226
0.3,211,0,factor_error,51.37783143051045
0.3,212,0,factor_error,52.38840068142112
0.3,213,0,factor_error,30.859334541998603
0.3,214,0,factor_error,71.53918110279305
0.3,215,0,factor_error,69.17380756055381
0.3,216,0,factor_error,64.33788206159676
0.3,217,0,factor_error,47.61422601177357
0.3,218,0,factor_error,38.37773375571339
0.3,219,0,factor_error,50.44745848770192
0.3,220,0,factor_error,88.2801071889714
0.3,221,0,factor_error,96.1612487987049
0.3,222,0,factor_error,72.8298041332288
0.3,223,0,factor_error,67.59383873554711
0.3,224,0,factor_error,54.96114068842754
0.3,225,0,factor_error,47.01378834648755
0.3,226,0,factor_error,53.14213160511188
0.3,227,0,factor_error,38.757067197201074
0.3,228,0,factor_error,56.71245959301892
0.3,229,0,factor_error,72.09615302830323
0.3,230,0,factor_error,38.887910680339154
0.3,231,0,factor_error,75.27441952107247
0.3,232,0,factor_error,41.90315895900795
0.3,233,0,factor_error,41.06503725890161
0.3,234,0,factor_error,37.648838328197236
0.3,235,0,factor_error,45.452354837550466
0.3,236,0,factor_error,50.63394765489368
0.3,237,0,factor_error,65.01339318351765
0.3,238,0,factor_error,81.95954786604341
0.3,239,0,factor_error,68.1787693875835
0.3,240,0,factor_error,25.699819674122807
0.3,241,0,factor_error,83.84430623332675
0.3,242,0,factor_error,37.803313466056316
0.3,243,0,factor_error,36.14448216565019
0.3,244,0,factor_error,35.94551408498439
0.3,245,0,factor_error,63.73459394465602
0.3,246,0,factor_error,52.78423182832702
0.3,247,0,factor_error,28.39887726884478
0.3,248,0,factor_error,53.564684333888316
0.3,249,0,factor_error,29.189717638968524
0.3,250,0,factor_error,29.435998652788662
0.3,251,0,factor_error,44.25113071905828
0.3,252,0,factor_error,39.87282243667677
0.3,253,0,factor_error,57.8410411574367
0.3,254,0,factor_error,32.19085988826528
0.3,255,0,factor_error,45.986035207330914
0.3,256,0,factor_error,27.570819375801776
0.3,257,0,factor_error,45.62183822613157
0.3,258,0,factor_error,66.8284443253831
0.3,259,0,factor_error,46.55109966386083
0.3,260,0,factor_error,89.54252935756223
0.3,261,0,factor_error,53.4621728060667
0.3,262,0,factor_error,51.5076069812166
0.3,263,0,factor_error,55.68597724331629
0.3,264,0,factor_error,47.73203474552874
0.3,265,0,factor_error,45.89174710748141
0.3,266,0,factor_error,41.55058487313794
0.3,267,0,factor_error,70.44439072688661
0.3,268,0,factor_error,32.749531615395156
0.3,269,0,factor_error,100.21776479362573
0.3,270,0,factor_error,41.235141955006796
0.3,271,0,factor_error,39.65086759661143
0.3,272,0,factor_error,63.97747757413962
0.3,273,0,factor_error,91.70280291979557
0.3,274,0,factor_error,34.199789421215634
0.3,275,0,factor_error,54.24519848522917
0.3,276,0,factor_error,42.82906865813739
0.3,277,0,factor_error,39.48252621977698
0.3,278,0,factor_error,70.28241144012476
0.3,279,0,factor_error,63.43463894519361
0.3,280,0,factor_error,41.356096223133335
0.3,281,0,factor_error,26.37603681492945
0.3,282,0,factor_error,43.3441755601289
0.3,283,0,factor_error,34.94571104181341
0.3,284,0,factor_error,94.79670963206623
0.3,285,0,factor_error,51.9173176288162
0.3,286,0,factor_error,52.598814789186164
0.3,287,0,factor_error,48.58077284913278
0.3,288,0,factor_error,37.60953510407213
0.3,289,0,factor_error,50.8542907751766
0.3,290,0,factor_error,38.61913702025109
0.3,291,0,factor_error,51.887608882374685
0.3,292,0,factor_error,43.15897561116558
0.3,293,0,factor_error,35.222162451490696
0.3,294,0,factor_error,67.65936002089421
0.3,295,0,factor_error,51.84944394419493
0.3,296,0,factor_error,35.14523388309798
0.3,297,0,factor_error,55.00536619000103
0.3,298,0,factor_error,65.5711384500231
0.3,299,0,factor_error,68.52245646315735
0.5,0,0,factor_error,33.0535222261058
0.5,1,0,factor_error,62.991082311631416
0.5,2,0,factor_error,71.54906467241811
0.5,3,0,factor_error,62.46282358725535
0.5,4,0,factor_error,50.58365815326007
0.5,5,0,factor_error,41.71892975207181
0.5,6,0,factor_error,54.385843310655154
0.5,7,0,factor_error,58.696901675676386
0.5,8,0,factor_error,40.01544827919873
0.5,9,0,factor_error,56.27409160046892
0.5,10,0,factor_error,60.34432852638903
0.5,11,0,factor_error,29.61351646611468
0.5,12,0,factor_error,47.56015138330057
0.5,13,0,factor_error,68.25400457071618
0.5,14,0,factor_error,93.35363348883722
0.5,15,0,factor_error,60.69790779383396
0.5,16,0,factor_error,55.29177938886554
0.5,17,0,factor_error,43.46111243091071
0.5,18,0,factor_error,38.65217350396225
0.5,19,0,factor_error,52.955729704980335
0.5,20,0,factor_error,66.63393119202667
0.5,21,0,factor_error,39.12435509825699
0.5,22,0,factor_error,69.55901592557476
0.5,23,0,factor_error,63.84871138892509
0.5,24,0,factor_error,54.733300980460655
0.5,25,0,factor_error,98.93602484395922
0.5,26,0,factor_error,63.71911487234664
0.5,27,0,factor_error,60.71593554093666
0.5,28,0,factor_error,114.82570101064086
0.5,29,0,factor_error,56.940050520070535
0.5,30,0,factor_error,32.34597814395271
0.5,31,0,factor_error,59.76001662496702
0.5,32,0,factor_error,67.9799459862541
0.5,33,0,factor_error,57.68924431925327
0.5,34,0,factor_error,44.51085962889141
0.5,35,0,factor_error,46.30485668122063
0.5,36,0,factor_error,52.28799743634527
0.5,37,0,factor_error,42.80336997285749
0.5,38,0,factor_error,45.0895363325674
0.5,39,0,factor_error,123.78431606216077
0.5,40,0,factor_error,71.62421800109105
0.5,41,0,factor_error,89.25826063032824
0.5,42,0,factor_error,69.61972181594308
0.5,43,0,factor_error,33.98810984173067
0.5,44,0,factor_error,45.551560892383485
0.5,45,0,factor_error,63.5652883101981
0.5,46,0,factor_error,52.6593678176339
0.5,47,0,factor_error,68.42525682175496
0.5,48,0,factor_error,26.25880600497027
0.5,49,0,factor_error,65.93643193412146
0.5,50,0,factor_error,39.01682634809216
0.5,51,0,factor_error,85.34558288057201
0.5,52,0,factor_error,64.01735709839355
0.5,53,0,factor_error,52.88921137738838
0.5,54,0,factor_error,40.865591521846085
0.5,55,0,factor_error,49.40550590579695
0.5,56,0,factor_error,44.33710025687408
0.5,57,0,factor_error,32.974574956664384
0.5,58,0,factor_error,48.31774518842228
0.5,59,0,factor_error,85.41443557582407
0.5,60,0,factor_error,96.84753144572535
0.5,61,0,factor_error,67.95374922003806
0.5,62,0,factor_error,53.06430550214982
0.5,63,0,factor_error,83.66688685466178
0.5,64,0,factor_error,89.1711662049409
0.5,65,0,factor_error,37.66811941722414
0.5,66,0,factor_error,58.05981932600557
0.5,67,0,factor_error,82.38577651386738
0.5,68,0,factor_error,95.88030123056446
0.5,69,0,factor_error,66.49507478349786
0.5,70,0,factor_error,56.95704747343058
0.5,71,0,factor_error,77.21161494130646
0.5,72,0,factor_error,52.66177371532155
0.5,73,0,factor_error,42.59909200156493
0.5,74,0,factor_error,60.768279030855616
0.5,75,0,factor_error,81.02773028539796
0.5,76,0,factor_error,57.193226217127446
0.5,77,0,factor_error,31.67057794722601
0.5,78,0,factor_error,63.74120692045214
0.5,79,0,factor_error,52.3967519718792
0.5,80,0,factor_error,60.08225454733699
0.5,81,0,factor_error,80.08708992860392
0.5,82,0,factor_error,67.30098347589882
0.5,83,0,factor_error,38.7225851407415
0.5,84,0,factor_error,52.791621185759304
0.5,85,0,factor_error,34.51810624853484
0.5,86,0,factor_error,65.20465637753922
0.5,87,0,factor_error,44.18467729695829
0.5,88,0,factor_error,70.03874392421152
0.5,89,0,factor_error,67.65034726420794
0.5,90,0,factor_error,86.90743219170766
0.5,91,0,factor_error,67.32873348178843
0.5,92,0,factor_error,44.50521515022374
0.5,93,0,factor_error,81.90755902158057
0.5,94,0,factor_error,129.48070770238695
0.5,95,0,factor_error,43.57894162158666
0.5,96,0,factor_error,76.67157272081636
0.5,97,0,factor_error,79.5302716578858
0.5,98,0,factor_error,30.926004584391727
0.5,99,0,factor_error,38.45292564088889
0.5,100,0,factor_error,59.262368344955846
0.5,101,0,factor_error,31.815107750543074
0.5,102,0,factor_error,66.27676896878081
0.5,103,0,factor_error,94.58730042457528
0.5,104,0,factor_error,52.008907649017004
0.5,105,0,factor_error,52.454456410515355
0.5,106,0,factor_error,65.26071779244174
0.5,107,0,factor_error,44.866645279167464
0.5,108,0,factor_error,85.42866409912422
0.5,109,0,factor_error,47.54313762503378
0.5,110,0,factor_error,30.896965184664058
0.5,111,0,factor_error,36.14624000804238
0.5,112,0,factor_error,51.86595089307089
0.5,113,0,factor_error,79.24756923853361
0.5,114,0,factor_error,62.734164550393174
0.5,115,0,factor_error,39.39142307864408
0.5,116,0,factor_error,39.25458530740631
0.5,117,0,factor_error,52.44019697651707
0.5,118,0,factor_error,49.842178479231926
0.5,119,0,factor_error,59.874438485307465
0.5,120,0,factor_error,32.95032362752609
0.5,121,0,factor_error,54.867996714258915
0.5,122,0,factor_error,42.07078199928818
0.5,123,0,factor_error,57.346224338146484
0.5,124,0,factor_error,26.574382710653637
0.5,125,0,factor_error,46.03333203884599
0.5,126,0,factor_error,60.38317799951678
0.5,127,0,factor_error,31.972051030347995
0.5,128,0,factor_error,70.59935173213182
0.5,129,0,factor_error,60.25473805963454
0.5,130,0,factor_error,40.03545842871424
0.5,131,0,factor_error,44.35413524567899
0.5,132,0,factor_error,120.90586284758082
0.5,133,0,factor_error,39.97020502153479
0.5,134,0,factor_error,70.49843353229119
0.5,135,0,factor_error,39.19812697926762
0.5,136,0,factor_error,55.1853462812796
0.5,137,0,factor_error,61.283840284277964
0.5,138,0,factor_error,68.18799143699086
0.5,139,0,factor_error,53.30103894937801
0.5,140,0,factor_error,56.80530180463723
0.5,141,0,factor_error,79.49972069058566
0.5,142,0,factor_error,50.23205920678747
0.5,143,0,factor_error,75.94374233287057
0.5,144,0,factor_error,56.19852355694677
0.5,145,0,factor_error,64.4753335116002
0.5,146,0,factor_error,54.976210151626944
0.5,147,0,factor_error,83.71846508305116
0.5,148,0,factor_error,90.57996494325562
0.5,149,0,factor_error,64.8241147621457
0.5,150,0,factor_error,45.25123152387222
0.5,151,0,factor_error,46.062994541139155
0.5,152,0,factor_error,81.92488287901794
0.5,153,0,factor_error,51.60727681047496
0.5,154,0,factor_error,44.82374118976412
0.5,155,0,factor_error,33.79217199126574
0.5,156,0,factor_error,44.04169818690386
0.5,157,0,factor_error,56.380833099577835
0.5,158,0,factor_error,70.11948463418588
0.5,159,0,factor_error,77.97825550071035
0.5,160,0,factor_error,92.95187863999121
0.5,161,0,factor_error,42.92013526730082
0.5,162,0,factor_error,98.88151097077154
0.5,163,0,factor_error,52.44971983336914
0.5,164,0,factor_error,33.50477890548549
0.5,165,0,factor_error,58.1889962521024
0.5,166,0,factor_error,44.229170657209906
0.5,167,0,factor_error,64.10013930204951
0.5,168,0,factor_error,37.30762891315163
0.5,169,0,factor_error,46.69724311684051
0.5,170,0,factor_error,39.33826935304327
0.5,171,0,factor_error,80.98096414534363
0.5,172,0,factor_error,81.63179980315061
0.5,173,0,factor_error,44.88895549747196
0.5,174,0,factor_error,68.26818638229003
0.5,175,0,factor_error,85.33345643074428
0.5,176,0,factor_error,74.87147116435867
0.5,177,0,factor_error,81.8408865353831
0.5,178,0,factor_error,49.23239560658443
0.5,179,0,factor_error,55.19434996788945
0.5,180,0,factor_error,41.478287517202254
0.5,181,0,factor_error,38.64710464264979
0.5,182,0,factor_error,49.22458309893815
0.5,183,0,factor_error,82.8851880592013
0.5,184,0,factor_error,86.58650293777883
0.5,185,0,factor_error,45.510479086048356
0.5,186,0,factor_error,36.56994258427192
0.5,187,0,factor_error,48.41382668387819
0.5,188,0,factor_error,42.044664450011176
0.5,189,0,factor_error,75.53875500356804
0.5,190,0,factor_error,133.9035719050781
0.5,191,0,factor_error,45.64169324620575
0.5,192,0,factor_error,68.24241775462261
0.5,193,0,factor_error,37.4637860975773
0.5,194,0,factor_error,76.5509816391275
0.5,195,0,factor_error,75.3348593295428
0.5,196,0,factor_error,83.4753781711102
0.5,197,0,factor_error,37.9473299915312
0.5,198,0,factor_error,92.95187863999121
0.5,199,0,factor_error,42.92013526730082
0.5,200,0,factor_error,98.88151097077154
0.5,201,0,factor_error,52.44971983336914
0.5,202,0,factor_error,33.50477890548549
0.5,203,0,factor_error,58.1889962521024
0.5,204,0,factor_error,44.229170657209906
0.5,205,0,factor_error,64.10013930204951
0.5,206,0,factor_error,37.30762891315163
0.5,207,0,factor_error,46.69724311684051
0.5,208,0,factor_error,39.33826935304327
0.5,209,0,factor_error,80.98096414534363
0.5,210,0,factor_error,81.63179980315061
0.5,211,0,factor_error,44.88895549747196
0.5,212,0,factor_error,68.26818638229003
0.5,213,0,factor_error,85.33345643074428
0.5,214,0,factor_error,74.87147116435867
0.5,215,0,factor_error,81.8408865353831
0.5,216,0,factor_error,49.23239560658443
0.5,217,0,factor_error,55.19434996788945
0.5,218,0,factor_error,41.478287517202254
0.5,219,0,factor_error,38.64710464264979
0.5,220,0,factor_error,49.22458309893815
0.5,221,0,factor_error,82.8851880592013
0.5,222,0,factor_error,86.58650293777883
0.5,223,0,factor_error,45.510479086048356
0.5,224,0,factor_error,36.56994258427192
0.5,225,0,factor_error,48.41382668387819
0.5,226,0,factor_error,42.044664450011176
0.5,227,0,factor_error,75.53875500356804
0.5,228,0,factor_error,133.9035719050781
0.5,229,0,factor_error,45.64169324620575
0.5,230,0,factor_error,68.24241775462261
0.5,231,0,factor_error,37.4637860975773
0.5,232,0,factor_error,76.5509816391275
0.5,233,0,factor_error,75.3348593295428
0.5,234,0,factor_error,83.4753781711102
0.5,235,0,factor_error,37.9473299915312
0.5,236,0,factor_error,56.07458806520123
0.5,237,0,factor_error,52.07128721029818
0.5,238,0,factor_error,75.28242557736624
0.5,239,0,factor_error,50.19666855710009
0.5,240,0,factor_error,86.16811147841084
0.5,241,0,factor_error,63.25423731788589
0.5,242,0,factor_error,138.26472510357448
0.5,243,0,factor_error,40.04044762677322
0.5,244,0,factor_error,46.18615475710177
0.5,245,0,factor_error,31.5011775071748
0.5,246,0,factor_error,78.25555642538335
0.5,247,0,factor_error,70.44811380366367
0.5,248,0,factor_error,39.18256340897209
0.5,249,0,factor_error,42.31345698958192
0.5,250,0,factor_error,41.280586597994855
0.5,251,0,factor_error,40.024351721453094
0.5,252,0,factor_error,69.0218970605233
0.5,253,0,factor_error,66.552330326036
0.5,254,0,factor_error,85.58660264802198
0.5,255,0,factor_error,31.54809189477113
0.5,256,0,factor_error,51.20252346665349
0.5,257,0,factor_error,68.14552602051293
0.5,258,0,factor_error,64.65419654798589
0.5,259,0,factor_error,68.25219529032807
0.5,260,0,factor_error,40.35440438894958
0.5,261,0,factor_error,44.8792459112684
0.5,262,0,factor_error,48.7242367805183
0.5,263,0,factor_error,84.95280110681796
0.5,264,0,factor_error,90.41290455447457
0.5,265,0,factor_error,85.74118479102253
0.5,266,0,factor_error,60.32203165177322
0.5,267,0,factor_error,32.190209991446515
0.5,268,0,factor_error,34.94622061268025
0.5,269,0,factor_error,59.63814595875077
0.5,270,0,factor_error,88.89201779557239
0.5,271,0,factor_error,49.701233336804286
0.5,272,0,factor_error,59.205474934540376
0.5,273,0,factor_error,57.048615881829406
0.5,274,0,factor_error,92.95187863999121
0.5,275,0,factor_error,42.92013526730082
0.5,276,0,factor_error,98.88151097077154
0.5,277,0,factor_error,52.44971983336914
0.5,278,0,factor_error,33.50477890548549
0.5,279,0,factor_error,58.1889962521024
0.5,280,0,factor_error,44.229170657209906
0.5,281,0,factor_error,64.10013930204951
0.5,282,0,factor_error,37.30762891315163
0.5,283,0,factor_error,46.69724311684051
0.5,284,0,factor_error,39.33826935304327
0.5,285,0,factor_error,80.98096414534363
0.5,286,0,factor_error,81.63179980315061
0.5,287,0,factor_error,44.88895549747196
0.5,288,0,factor_error,68.26818638229003
0.5,289,0,factor_error,85.33345643074428
0.5,290,0,factor_error,74.87147116435867
0.5,291,0,factor_error,81.8408865353831
0.5,292,0,factor_error,49.23239560658443
0.5,293,0,factor_error,55.19434996788945
0.5,294,0,factor_error,41.478287517202254
0.5,295,0,factor_error,38.64710464264979
0.5,296,0,factor_error,49.22458309893815
0.5,297,0,factor_error,82.8851880592013
0.5,298,0,factor_error,86.58650293777883
0.5,299,0,factor_error,45.510479086048356
0.7,0,0,factor_error,46.342714579672936
0.7,1,0,factor_error,59.03622571122789
0.7,2,0,factor_error,64.68528205014503
0.7,3,0,factor_error,105.01235166616436
0.7,4,0,factor_error,162.9472550673506
0.7,5,0,factor_error,49.045146020411046
0.7,6,0,factor_error,75.22845398965123
0.7,7,0,factor_error,42.08991267117683
0.7,8,0,factor_error,85.11479847260371
0.7,9,0,factor_error,86.84742550296482
0.7,10,0,factor_error,100.58934007319719
0.7,11,0,factor_error,46.75432611437385
0.7,12,0,factor_error,102.77089925512381
0.7,13,0,factor_error,48.03777777433212
0.7,14,0,factor_error,121.92421120023006
0.7,15,0,factor_error,62.90733837073153
0.7,16,0,factor_error,54.095964758728165
0.7,17,0,factor_error,46.55408276784466
0.7,18,0,factor_error,54.309173168623715
0.7,19,0,factor_error,95.33641348579654
0.7,20,0,factor_error,37.42470475901255
0.7,21,0,factor_error,50.65890422156566
0.7,22,0,factor_error,34.21672076130925
0.7,23,0,factor_error,105.49627812513762
0.7,24,0,factor_error,83.82247593790134
0.7,25,0,factor_error,47.38253309370466
0.7,26,0,factor_error,82.33970157090623
0.7,27,0,factor_error,106.40594524635603
0.7,28,0,factor_error,78.03988678678213
0.7,29,0,factor_error,92.59331916916733
0.7,30,0,factor_error,43.308261623414445
0.7,31,0,factor_error,80.90701456356398
0.7,32,0,factor_error,41.914023632803406
0.7,33,0,factor_error,44.719962128267845
0.7,34,0,factor_error,55.218964379922284
0.7,35,0,factor_error,102.22567005909971
0.7,36,0,factor_error,104.3217284863198
0.7,37,0,factor_error,43.18366212925085
0.7,38,0,factor_error,46.342714579672936
0.7,39,0,factor_error,59.03622571122789
0.7,40,0,factor_error,64.68528205014503
0.7,41,0,factor_error,105.01235166616436
0.7,42,0,factor_error,162.9472550673506
0.7,43,0,factor_error,49.045146020411046
0.7,44,0,factor_error,75.22845398965123
0.7,45,0,factor_error,42.08991267117683
0.7,46,0,factor_error,85.11479847260371
0.7,47,0,factor_error,86.84742550296482
0.7,48,0,factor_error,100.58934007319719
0.7,49,0,factor_error,46.75432611437385
0.7,50,0,factor_error,102.77089925512381
0.7,51,0,factor_error,48.03777777433212
0.7,52,0,factor_error,121.92421120023006
0.7,53,0,factor_error,62.90733837073153
0.7,54,0,factor_error,54.095964758728165
0.7,55,0,factor_error,46.55408276784466
0.7,56,0,factor_error,54.309173168623715
0.7,57,0,factor_error,95.33641348579654
0.7,58,0,factor_error,37.42470475901255
0.7,59,0,factor_error,50.65890422156566
0.7,60,0,factor_error,34.21672076130925
0.7,61,0,factor_error,105.49627812513762
0.7,62,0,factor_error,83.82247593790134
0.7,63,0,factor_error,47.38253309370466
0.7,64,0,factor_error,82.33970157090623
0.7,65,0,factor_error,106.40594524635603
0.7,66,0,factor_error,78.03988678678213
0.7,67,0,factor_error,92.59331916916733
0.7,68,0,factor_error,43.308261623414445
0.7,69,0,factor_error,80.90701456356398
0.7,70,0,factor_error,41.914023632803406
0.7,71,0,factor_error,44.719962128267845
0.7,72,0,factor_error,55.218964379922284
0.7,73,0,factor_error,102.22567005909971
0.7,74,0,factor_error,104.3217284863198
0.7,75,0,factor_error,43.18366212925085
0.7,76,0,factor_error,46.342714579672936
0.7,77,0,factor_error,59.03622571122789
0.7,78,0,factor_error,64.68528205014503
0.7,79,0,factor_error,105.01235166616436
0.7,80,0,factor_error,162.9472550673506
0.7,81,0,factor_error,49.045146020411046
0.7,82,0,factor_error,75.22845398965123
0.7,83,0,factor_error,42.08991267117683
0.7,84,0,factor_error,85.11479847260371
0.7,85,0,factor_error,86.84742550296482
0.7,86,0,factor_error,100.58934007319719
0.7,87,0,factor_error,46.75432611437385
0.7,88,0,factor_error,102.77089925512381
0.7,89,0,factor_error,48.03777777433212
0.7,90,0,factor_error,121.92421120023006
0.7,91,0,factor_error,62.90733837073153
0.7,92,0,factor_error,54.095964758728165
0.7,93,0,factor_error,46.55408276784466
0.7,94,0,factor_error,54.309173168623715
0.7,95,0,factor_error,95.33641348579654
0.7,96,0,factor_error,37.42470475901255
0.7,97,0,factor_error,50.65890422156566
0.7,98,0,factor_error,34.21672076130925
0.7,99,0,factor_error,105.49627812513762
0.7,100,0,factor_error,83.82247593790134
0.7,101,0,factor_error,47.38253309370466
0.7,102,0,factor_error,82.33970157090623
0.7,103,0,factor_error,106.40594524635603
0.7,104,0,factor_error,78.03988678678213
0.7,105,0,factor_error,92.59331916916733
0.7,106,0,factor_error,43.308261623414445
0.7,107,0,factor_error,80.90701456356398
0.7,108,0,factor_error,41.914023632803406
0.7,109,0,factor_error,44.719962128267845
0.7,110,0,factor_error,55.218964379922284
0.7,111,0,factor_error,102.22567005909971
0.7,112,0,factor_error,104.3217284863198
0.7,113,0,factor_error,43.18366212925085
0.7,114,0,factor_error,46.342714579672936
0.7,115,0,factor_error,59.03622571122789
0.7,116,0,factor_error,64.68528205014503
0.7,117,0,factor_error,105.01235166616436
0.7,118,0,factor_error,162.9472550673506
0.7,119,0,factor_error,49.045146020411046
0.7,120,0,factor_error,75.22845398965123
0.7,121,0,factor_error,42.08991267117683
0.7,122,0,factor_error,85.11479847260371
0.7,123,0,factor_error,86.84742550296482
0.7,124,0,factor_error,100.58934007319719
0.7,125,0,factor_error,46.75432611437385
0.7,126,0,factor_error,102.77089925512381
0.7,127,0,factor_error,48.03777777433212
0.7,128,0,factor_error,121.92421120023006
0.7,129,0,factor_error,62.90733837073153
0.7,130,0,factor_error,54.095964758728165
0.7,131,0,factor_error,46.55408276784466
0.7,132,0,factor_error,54.309173168623715
0.7,133,0,factor_error,95.33641348579654
0.7,134,0,factor_error,37.42470475901255
0.7,135,0,factor_error,50.65890422156566
0.7,136,0,factor_error,34.21672076130925
0.7,137,0,factor_error,105.49627812513762
0.7,138,0,factor_error,83.82247593790134
0.7,139,0,factor_error,47.38253309370466
0.7,140,0,factor_error,82.33970157090623
0.7,141,0,factor_error,106.40594524635603
0.7,142,0,factor_error,78.03988678678213
0.7,143,0,factor_error,92.59331916916733
0.7,144,0,factor_error,43.308261623414445
0.7,145,0,factor_error,80.90701456356398
0.7,146,0,factor_error,41.914023632803406
0.7,147,0,factor_error,44.719962128267845
0.7,148,0,factor_error,55.218964379922284
0.7,149,0,factor_error,102.22567005909971
0.7,150,0,factor_error,104.3217284863198
0.7,151,0,factor_error,43.18366212925085
0.7,152,0,factor_error,46.342714579672936
0.7,153,0,factor_error,59.03622571122789
0.7,154,0,factor_error,64.68528205014503
0.7,155,0,factor_error,105.01235166616436
0.7,156,0,factor_error,162.9472550673506
0.7,157,0,factor_error,49.045146020411046
0.7,158,0,factor_error,75.22845398965123
0.7,159,0,factor_error,42.08991267117683
0.7,160,0,factor_error,85.11479847260371
0.7,161,0,factor_error,86.84742550296482
0.7,162,0,factor_error,100.58934007319719
0.7,163,0,factor_error,46.75432611437385
0.7,164,0,factor_error,102.77089925512381
0.7,165,0,factor_error,48.03777777433212
0.7,166,0,factor_error,121.92421120023006
0.7,167,0,factor_error,62.90733837073153
0.7,168,0,factor_error,54.095964758728165
0.7,169,0,factor_error,46.55408276784466
0.7,170,0,factor_error,54.309173168623715
0.7,171,0,factor_error,95.33641348579654
0.7,172,0,factor_error,37.42470475901255
0.7,173,0,factor_error,50.65890422156566
0.7,174,0,factor_error,34.21672076130925
0.7,175,0,factor_error,105.49627812513762
0.7,176,0,factor_error,83.82247593790134
0.7,177,0,factor_error,47.38253309370466
0.7,178,0,factor_error,82.33970157090623
0.7,179,0,factor_error,106.40594524635603
0.7,180,0,factor_error,78.03988678678213
0.7,181,0,factor_error,92.59331916916733
0.7,182,0,factor_error,43.308261623414445
0.7,183,0,factor_error,80.90701456356398
0.7,184,0,factor_error,41.914023632803406
0.7,185,0,factor_error,44.719962128267845
0.7,186,0,factor_error,55.218964379922284
0.7,187,0,factor_error,102.22567005909971
0.7,188,0,factor_error,104.3217284863198
0.7,189,0,factor_error,43.18366212925085
0.7,190,0,factor_error,46.342714579672936
0.7,191,0,factor_error,59.03622571122789
0.7,192,0,factor_error,64.68528205014503
0.7,193,0,factor_error,105.01235166616436
0.7,194,0,factor_error,162.9472550673506
0.7,195,0,factor_error,49.045146020411046
0.7,196,0,factor_error,75.22845398965123
0.7,197,0,factor_error,42.08991267117683
0.7,198,0,factor_error,85.11479847260371
0.7,199,0,factor_error,86.84742550296482
0.7,200,0,factor_error,100.58934007319719
0.7,201,0,factor_error,46.75432611437385
0.7,202,0,factor_error,102.77089925512381
0.7,203,0,factor_error,48.03777777433212
0.7,204,0,factor_error,121.92421120023006
0.7,205,0,factor_error,62.90733837073153
0.7,206,0,factor_error,54.095964758728165
0.7,207,0,factor_error,46.55408276784466
0.7,208,0,factor_error,54.309173168623715
0.7,209,0,factor_error,95.33641348579654
0.7,210,0,factor_error,37.42470475901255
0.7,211,0,factor_error,50.65890422156566
0.7,212,0,factor_error,34.21672076130925
0.7,213,0,factor_error,105.49627812513762
0.7,214,0,factor_error,83.82247593790134
0.7,215,0,factor_error,47.38253309370466
0.7,216,0,factor_error,82.33970157090623
0.7,217,0,factor_error,106.40594524635603
0.7,218,0,factor_error,78.03988678678213
0.7,219,0,factor_error,92.59331916916733
0.7,220,0,factor_error,43.308261623414445
0.7,221,0,factor_error,80.90701456356398
0.7,222,0,factor_error,41.914023632803406
0.7,223,0,factor_error,44.719962128267845
0.7,224,0,factor_error,55.218964379922284
0.7,225,0,factor_error,102.22567005909971
0.7,226,0,factor_error,104.3217284863198
0.7,227,0,factor_error,43.18366212925085
0.7,228,0,factor_error,46.342714579672936
0.7,229,0,factor_error,59.03622571122789
0.7,230,0,factor_error,64.68528205014503
0.7,231,0,factor_error,105.01235166616436
0.7,232,0,factor_error,162.9472550673506
0.7,233,0,factor_error,49.045146020411046
0.7,234,0,factor_error,75.22845398965123
0.7,235,0,factor_error,42.08991267117683
0.7,236,0,factor_error,85.11479847260371
0.7,237,0,factor_error,86.84742550296482
0.7,238,0,factor_error,100.58934007319719
0.7,239,0,factor_error,46.75432611437385
0.7,240,0,factor_error,93.32082559415937
0.7,241,0,factor_error,36.538452814179365
0.7,242,0,factor_error,32.108017558820734
0.7,243,0,factor_error,48.65836135627102
0.7,244,0,factor_error,75.40274450641043
0.7,245,0,factor_error,92.9138947604317
0.7,246,0,factor_error,41.51543313266791
0.7,247,0,factor_error,31.5905940428614
0.7,248,0,factor_error,42.56038218507809
0.7,249,0,factor_error,82.27581373705607
0.7,250,0,factor_error,43.09312056747079
0.7,251,0,factor_error,35.73227009450922
0.7,252,0,factor_error,139.69823311155778
0.7,253,0,factor_error,31.123589309122536
0.7,254,0,factor_error,58.962166435457696
0.7,255,0,factor_error,152.82979477707744
0.7,256,0,factor_error,50.782574738242346
0.7,257,0,factor_error,50.67840150017826
0.7,258,0,factor_error,49.52821328740476
0.7,259,0,factor_error,52.327010396922866
0.7,260,0,factor_error,36.97993213474392
0.7,261,0,factor_error,59.287530971043914
0.7,262,0,factor_error,73.39079306075655
0.7,263,0,factor_error,33.43839062425096
0.7,264,0,factor_error,56.64988227921957
0.7,265,0,factor_error,72.98283151309185
0.7,266,0,factor_error,119.93527838670788
0.7,267,0,factor_error,58.468813556042996
0.7,268,0,factor_error,62.50911533549138
0.7,269,0,factor_error,55.229930873835535
0.7,270,0,factor_error,112.36072257919434
0.7,271,0,factor_error,42.212956557372316
0.7,272,0,factor_error,73.07977653146673
0.7,273,0,factor_error,79.80585265805443
0.7,274,0,factor_error,99.48907760858116
0.7,275,0,factor_error,81.86997140180907
0.7,276,0,factor_error,74.06379095804628
0.7,277,0,factor_error,80.01665265701621
0.7,278,0,factor_error,93.32082559415937
0.7,279,0,factor_error,36.538452814179365
0.7,280,0,factor_error,32.108017558820734
0.7,281,0,factor_error,48.65836135627102
0.7,282,0,factor_error,75.40274450641043
0.7,283,0,factor_error,92.9138947604317
0.7,284,0,factor_error,41.51543313266791
0.7,285,0,factor_error,31.5905940428614
0.7,286,0,factor_error,42.56038218507809
0.7,287,0,factor_error,82.27581373705607
0.7,288,0,factor_error,43.09312056747079
0.7,289,0,factor_error,35.73227009450922
0.7,290,0,factor_error,139.69823311155778
0.7,291,0,factor_error,31.123589309122536
0.7,292,0,factor_error,58.962166435457696
0.7,293,0,factor_error,152.82979477707744
0.7,294,0,factor_error,50.782574738242346
0.7,295,0,factor_error,50.67840150017826
0.7,296,0,factor_error,49.52821328740476
0.7,297,0,factor_error,52.327010396922866
0.7,298,0,factor_error,36.97993213474392
0.7,299,0,factor_error,59.287530971043914
0.9,0,0,factor_error,73.76651054054713
0.9,1,0,factor_error,50.60081167937677
0.9,2,0,factor_error,62.581748451396486
0.9,3,0,factor_error,53.79063672838383
0.9,4,0,factor_error,165.4775604870912
0.9,5,0,factor_error,61.3981161142945
0.9,6,0,factor_error,88.51316648503136
0.9,7,0,factor_error,83.3184566158339
0.9,8,0,factor_error,113.93283638363053
0.9,9,0,factor_error,61.81364854047491
0.9,10,0,factor_error,67.41483933390765
0.9,11,0,factor_error,211.73077175868121
0.9,12,0,factor_error,148.56632509561192
0.9,13,0,factor_error,116.87051836238858
0.9,14,0,factor_error,137.99539912182638
0.9,15,0,factor_error,129.65386055698337
0.9,16,0,factor_error,124.83317413258135
0.9,17,0,factor_error,109.80247035268103
0.9,18,0,factor_error,82.89831210530595
0.9,19,0,factor_error,48.49278903025463
0.9,20,0,factor_error,104.3864885049941
0.9,21,0,factor_error,85.32148657806029
0.9,22,0,factor_error,68.488635625316
0.9,23,0,factor_error,56.42672071330365
0.9,24,0,factor_error,71.24752200184385
0.9,25,0,factor_error,99.37374191312092
0.9,26,0,factor_error,54.04444793037728
0.9,27,0,factor_error,69.45318540383812
0.9,28,0,factor_error,215.4728198210089
0.9,29,0,factor_error,29.65248432852542
0.9,30,0,factor_error,35.81711748014168
0.9,31,0,factor_error,314.4178598832346
0.9,32,0,factor_error,104.54761453636341
0.9,33,0,factor_error,146.59288557813423
0.9,34,0,factor_error,64.0804775639843
0.9,35,0,factor_error,140.89452091972777
0.9,36,0,factor_error,61.02125990006216
0.9,37,0,factor_error,125.2882556985604
0.9,38,0,factor_error,73.76651054054713
0.9,39,0,factor_error,50.60081167937677
0.9,40,0,factor_error,62.581748451396486
0.9,41,0,factor_error,53.79063672838383
0.9,42,0,factor_error,165.4775604870912
0.9,43,0,factor_error,61.3981161142945
0.9,44,0,factor_error,88.51316648503136
0.9,45,0,factor_error,83.3184566158339
0.9,46,0,factor_error,113.93283638363053
0.9,47,0,factor_error,61.81364854047491
0.9,48,0,factor_error,67.41483933390765
0.9,49,0,factor_error,211.73077175868121
0.9,50,0,factor_error,148.56632509561192
0.9,51,0,factor_error,116.87051836238858
0.9,52,0,factor_error,137.99539912182638
0.9,53,0,factor_error,129.65386055698337
0.9,54,0,factor_error,58.128304399648
0.9,55,0,factor_error,104.3514312432663
0.9,56,0,factor_error,115.57516736891371
0.9,57,0,factor_error,144.7518097685787
0.9,58,0,factor_error,52.228438390057974
0.9,59,0,factor_error,145.77057718675164
0.9,60,0,factor_error,34.84812591403358
0.9,61,0,factor_error,76.47443402375767
0.9,62,0,factor_error,56.040842271638475
0.9,63,0,factor_error,55.17630068175692
0.9,64,0,factor_error,93.17255571444008
0.9,65,0,factor_error,218.4148628169929
0.9,66,0,factor_error,60.294046490621604
0.9,67,0,factor_error,96.95055183018219
0.9,68,0,factor_error,129.0305183021072
0.9,69,0,factor_error,89.58203736414855
0.9,70,0,factor_error,102.06234535462401
0.9,71,0,factor_error,165.61776559411362
0.9,72,0,factor_error,81.98792116244455
0.9,73,0,factor_error,173.00450390436663
0.9,74,0,factor_error,78.56956101187012
0.9,75,0,factor_error,59.89493584790672
0.9,76,0,factor_error,216.19830537284315
0.9,77,0,factor_error,152.1648328701283
0.9,78,0,factor_error,102.66529564512038
0.9,79,0,factor_error,173.13058073400987
0.9,80,0,factor_error,126.63812438590747
0.9,81,0,factor_error,107.92822473838903
0.9,82,0,factor_error,123.4690349596963
0.9,83,0,factor_error,50.100218570347685
0.9,84,0,factor_error,34.26555896845538
0.9,85,0,factor_error,189.40471600195738
0.9,86,0,factor_error,64.64081783938339
0.9,87,0,factor_error,51.38783817393224
0.9,88,0,factor_error,90.72472975704352
0.9,89,0,factor_error,86.64919879363163
0.9,90,0,factor_error,133.1915219576806
0.9,91,0,factor_error,175.62087968831295
0.9,92,0,factor_error,58.128304399648
0.9,93,0,factor_error,104.3514312432663
0.9,94,0,factor_error,115.57516736891371
0.9,95,0,factor_error,144.7518097685787
0.9,96,0,factor_error,52.228438390057974
0.9,97,0,factor_error,145.77057718675164
0.9,98,0,factor_error,34.84812591403358
0.9,99,0,factor_error,76.47443402375767
0.9,100,0,factor_error,56.040842271638475
0.9,101,0,factor_error,55.17630068175692
0.9,102,0,factor_error,93.17255571444008
0.9,103,0,factor_error,218.4148628169929
0.9,104,0,factor_error,60.294046490621604
0.9,105,0,factor_error,96.95055183018219
0.9,106,0,factor_error,129.0305183021072
0.9,107,0,factor_error,89.58203736414855
0.9,108,0,factor_error,102.06234535462401
0.9,109,0,factor_error,165.61776559411362
0.9,110,0,factor_error,81.98792116244455
0.9,111,0,factor_error,173.00450390436663
0.9,112,0,factor_error,78.56956101187012
0.9,113,0,factor_error,59.89493584790672
0.9,114,0,factor_error,216.19830537284315
0.9,115,0,factor_error,152.1648328701283
0.9,116,0,factor_error,102.66529564512038
0.9,117,0,factor_error,173.13058073400987
0.9,118,0,factor_error,126.63812438590747
0.9,119,0,factor_error,107.92822473838903
0.9,120,0,factor_error,123.4690349596963
0.9,121,0,factor_error,50.100218570347685
0.9,122,0,factor_error,34.26555896845538
0.9,123,0,factor_error,189.40471600195738
0.9,124,0,factor_error,64.64081783938339
0.9,125,0,factor_error,51.38783817393224
0.9,126,0,factor_error,90.72472975704352
0.9,127,0,factor_error,86.64919879363163
0.9,128,0,factor_error,133.1915219576806
0.9,129,0,factor_error,175.62087968831295
0.9,130,0,factor_error,58.128304399648
0.9,131,0,factor_error,104.3514312432663
0.9,132,0,factor_error,115.57516736891371
0.9,133,0,factor_error,144.7518097685787
0.9,134,0,factor_error,52.228438390057974
0.9,135,0,factor_error,145.77057718675164
0.9,136,0,factor_error,34.84812591403358
0.9,137,0,factor_error,76.47443402375767
0.9,138,0,factor_error,56.040842271638475
0.9,139,0,factor_error,55.17630068175692
0.9,140,0,factor_error,93.17255571444008
0.9,141,0,factor_error,218.4148628169929
0.9,142,0,factor_error,60.294046490621604
0.9,143,0,factor_error,96.95055183018219
0.9,144,0,factor_error,129.0305183021072
0.9,145,0,factor_error,89.58203736414855
0.9,146,0,factor_error,102.06234535462401
0.9,147,0,factor_error,165.61776559411362
0.9,148,0,factor_error,81.98792116244455
0.9,149,0,factor_error,173.00450390436663
0.9,150,0,factor_error,78.56956101187012
0.9,151,0,factor_error,59.89493584790672
0.9,152,0,factor_error,216.19830537284315
0.9,153,0,factor_error,152.1648328701283
0.9,154,0,factor_error,102.66529564512038
0.9,155,0,factor_error,173.13058073400987
0.9,156,0,factor_error,126.63812438590747
0.9,157,0,factor_error,107.92822473838903
0.9,158,0,factor_error,123.4690349596963
0.9,159,0,factor_error,50.100218570347685
0.9,160,0,factor_error,34.26555896845538
0.9,161,0,factor_error,189.40471600195738
0.9,162,0,factor_error,64.64081783938339
0.9,163,0,factor_error,51.38783817393224
0.9,164,0,factor_error,90.72472975704352
0.9,165,0,factor_error,86.64919879363163
0.9,166,0,factor_error,133.1915219576806
0.9,167,0,factor_error,175.62087968831295
0.9,168,0,factor_error,157.8974678744306
0.9,169,0,factor_error,55.068402562423856
0.9,170,0,factor_error,43.61597523066861
0.9,171,0,factor_error,37.87442789357897
0.9,172,0,factor_error,50.22454246002708
0.9,173,0,factor_error,108.14939074149083
0.9,174,0,factor_error,89.6053252358884
0.9,175,0,factor_error,37.207004304674776
0.9,176,0,factor_error,98.8723485704074
0.9,177,0,factor_error,66.8026713996072
0.9,178,0,factor_error,265.86063348071747
0.9,179,0,factor_error,33.470621066126235
0.9,180,0,factor_error,96.90543709493505
0.9,181,0,factor_error,100.67250037854467
0.9,182,0,factor_error,64.70805142603882
0.9,183,0,factor_error,131.20120162864836
0.9,184,0,factor_error,127.67066079111045
0.9,185,0,factor_error,57.30328979411021
0.9,186,0,factor_error,58.51344315478468
0.9,187,0,factor_error,60.198732455108114
0.9,188,0,factor_error,117.9410633962115
0.9,189,0,factor_error,158.500279733689
0.9,190,0,factor_error,117.79821209146381
0.9,191,0,factor_error,80.2090401073166
0.9,192,0,factor_error,57.74356691911351
0.9,193,0,factor_error,67.77392729376984
0.9,194,0,factor_error,135.17579764445176
0.9,195,0,factor_error,120.85353129621099
0.9,196,0,factor_error,134.80717582362064
0.9,197,0,factor_error,72.76106770759834
0.9,198,0,factor_error,56.28903822455977
0.9,199,0,factor_error,130.16484835587426
0.9,200,0,factor_error,49.879212663741725
0.9,201,0,factor_error,77.49595191410172
0.9,202,0,factor_error,170.9239715925434
0.9,203,0,factor_error,145.10001775346504
0.9,204,0,factor_error,161.94286464426375
0.9,205,0,factor_error,140.09221526947178
0.9,206,0,factor_error,64.13673274718364
0.9,207,0,factor_error,116.72171920350671
0.9,208,0,factor_error,67.69769810797104
0.9,209,0,factor_error,66.06616260640271
0.9,210,0,factor_error,142.40106671062907
0.9,211,0,factor_error,175.4381500804773
0.9,212,0,factor_error,177.85835266313066
0.9,213,0,factor_error,88.56932193202479
0.9,214,0,factor_error,42.86150074862289
0.9,215,0,factor_error,166.4128780865623
0.9,216,0,factor_error,187.05587566208447
0.9,217,0,factor_error,46.90297881182629
0.9,218,0,factor_error,130.52909586124946
0.9,219,0,factor_error,114.14894245933412
0.9,220,0,factor_error,73.66580441741901
0.9,221,0,factor_error,112.45409940768945
0.9,222,0,factor_error,160.59809340853923
0.9,223,0,factor_error,72.71243607118339
0.9,224,0,factor_error,57.4848120909483
0.9,225,0,factor_error,144.63391644428242
0.9,226,0,factor_error,57.67687351194018
0.9,227,0,factor_error,48.29434208928275
0.9,228,0,factor_error,72.57550309494157
0.9,229,0,factor_error,67.71420894143681
0.9,230,0,factor_error,71.5438814727972
0.9,231,0,factor_error,152.03311901306944
0.9,232,0,factor_error,113.88510494365728
0.9,233,0,factor_error,54.31946813878185
0.9,234,0,factor_error,79.08592784286897
0.9,235,0,factor_error,50.20808078477194
0.9,236,0,factor_error,188.6683630613349
0.9,237,0,factor_error,225.29226390005803
0.9,238,0,factor_error,81.45902777968575
0.9,239,0,factor_error,86.62712531158601
0.9,240,0,factor_error,54.06525489080473
0.9,241,0,factor_error,121.42750056677919
0.9,242,0,factor_error,33.4691261402859
0.9,243,0,factor_error,99.7498785134641
0.9,244,0,factor_error,124.83317413258135
0.9,245,0,factor_error,109.80247035268103
0.9,246,0,factor_error,82.89831210530595
0.9,247,0,factor_error,48.49278903025463
0.9,248,0,factor_error,104.3864885049941
0.9,249,0,factor_error,85.32148657806029
0.9,250,0,factor_error,68.488635625316
0.9,251,0,factor_error,56.42672071330365
0.9,252,0,factor_error,71.24752200184385
0.9,253,0,factor_error,99.37374191312092
0.9,254,0,factor_error,54.04444793037728
0.9,255,0,factor_error,69.45318540383812
0.9,256,0,factor_error,215.4728198210089
0.9,257,0,factor_error,29.65248432852542
0.9,258,0,factor_error,35.81711748014168
0.9,259,0,factor_error,314.4178598832346
0.9,260,0,factor_error,104.54761453636341
0.9,261,0,factor_error,146.59288557813423
0.9,262,0,factor_error,64.0804775639843
0.9,263,0,factor_error,140.89452091972777
0.9,264,0,factor_error,61.02125990006216
0.9,265,0,factor_error,125.2882556985604
0.9,266,0,factor_error,73.76651054054713
0.9,267,0,factor_error,50.60081167937677
0.9,268,0,factor_error,62.581748451396486
0.9,269,0,factor_error,53.79063672838383
0.9,270,0,factor_error,165.4775604870912
0.9,271,0,factor_error,61.3981161142945
0.9,272,0,factor_error,88.51316648503136
0.9,273,0,factor_error,83.3184566158339
0.9,274,0,factor_error,113.93283638363053
0.9,275,0,factor_error,61.81364854047491
0.9,276,0,factor_error,67.41483933390765
0.9,277,0,factor_error,211.73077175868121
0.9,278,0,factor_error,148.56632509561192
0.9,279,0,factor_error,116.87051836238858
0.9,280,0,factor_error,137.99539912182638
0.9,281,0,factor_error,129.65386055698337
0.9,282,0,factor_error,105.71994204842117
0.9,283,0,factor_error,90.31108376031749
0.9,284,0,factor_error,148.44684552640456
0.9,285,0,factor_error,146.8024133854857
0.9,286,0,factor_error,71.29091104390962
0.9,287,0,factor_error,168.09243680566598
0.9,288,0,factor_error,38.20900396818317
0.9,289,0,factor_error,88.12278533904953
0.9,290,0,factor_error,160.75894726524956
0.9,291,0,factor_error,144.0956791993885
0.9,292,0,factor_error,77.1440149010127
0.9,293,0,factor_error,34.85037280474611
0.9,294,0,factor_error,74.00518432960499
0.9,295,0,factor_error,91.56661887252596
0.9,296,0,factor_error,105.2940092642277
0.9,297,0,factor_error,64.59662415476895
0.9,298,0,factor_error,176.85425054298838
0.9,299,0,factor_error,136.5001630806374
0.1,0,0,tPCA_error,58.21054580151529
0.1,1,0,tPCA_error,38.507916657984055
0.1,2,0,tPCA_error,41.74686144892763
0.1,3,0,tPCA_error,43.211623006503146
0.1,4,0,tPCA_error,41.83028151401839
0.1,5,0,tPCA_error,95.78523474235925
0.1,6,0,tPCA_error,33.57810149818171
0.1,7,0,tPCA_error,32.9258429001294
0.1,8,0,tPCA_error,65.10872185726816
0.1,9,0,tPCA_error,49.63503961987361
0.1,10,0,tPCA_error,69.94874624173714
0.1,11,0,tPCA_error,43.555002436555675
0.1,12,0,tPCA_error,26.290450765993903
0.1,13,0,tPCA_error,27.728993867759513
0.1,14,0,tPCA_error,29.203356537619623
0.1,15,0,tPCA_error,57.10645229735006
0.1,16,0,tPCA_error,28.238692327203687
0.1,17,0,tPCA_error,64.85987951160021
0.1,18,0,tPCA_error,45.30122583805873
0.1,19,0,tPCA_error,47.34790641638706
0.1,20,0,tPCA_error,29.6124156102383
0.1,21,0,tPCA_error,29.503367531749777
0.1,22,0,tPCA_error,31.962963752010904
0.1,23,0,tPCA_error,28.969727954935735
0.1,24,0,tPCA_error,36.432906933078314
0.1,25,0,tPCA_error,29.99282372992709
0.1,26,0,tPCA_error,39.06791830200635
0.1,27,0,tPCA_error,57.4941959075202
0.1,28,0,tPCA_error,30.54018469806142
0.1,29,0,tPCA_error,51.16996655570445
0.1,30,0,tPCA_error,38.066462608072435
0.1,31,0,tPCA_error,65.175063705377
0.1,32,0,tPCA_error,27.212594825276614
0.1,33,0,tPCA_error,25.821926237664496
0.1,34,0,tPCA_error,26.408015771427863
0.1,35,0,tPCA_error,52.381171626828575
0.1,36,0,tPCA_error,51.493542704233185
0.1,37,0,tPCA_error,36.55601854414808
0.1,38,0,tPCA_error,58.21054580151529
0.1,39,0,tPCA_error,38.507916657984055
0.1,40,0,tPCA_error,41.74686144892763
0.1,41,0,tPCA_error,43.211623006503146
0.1,42,0,tPCA_error,41.83028151401839
0.1,43,0,tPCA_error,95.78523474235925
0.1,44,0,tPCA_error,33.57810149818171
0.1,45,0,tPCA_error,32.9258429001294
0.1,46,0,tPCA_error,65.10872185726816
0.1,47,0,tPCA_error,49.63503961987361
0.1,48,0,tPCA_error,69.94874624173714
0.1,49,0,tPCA_error,43.555002436555675
0.1,50,0,tPCA_error,26.290450765993903
0.1,51,0,tPCA_error,27.728993867759513
0.1,52,0,tPCA_error,29.203356537619623
0.1,53,0,tPCA_error,57.10645229735006
0.1,54,0,tPCA_error,28.238692327203687
0.1,55,0,tPCA_error,64.85987951160021
0.1,56,0,tPCA_error,45.30122583805873
0.1,57,0,tPCA_error,47.34790641638706
0.1,58,0,tPCA_error,29.6124156102383
0.1,59,0,tPCA_error,29.503367531749777
0.1,60,0,tPCA_error,31.962963752010904
0.1,61,0,tPCA_error,28.969727954935735
0.1,62,0,tPCA_error,36.432906933078314
0.1,63,0,tPCA_error,29.99282372992709
0.1,64,0,tPCA_error,39.06791830200635
0.1,65,0,tPCA_error,57.4941959075202
0.1,66,0,tPCA_error,30.54018469806142
0.1,67,0,tPCA_error,51.16996655570445
0.1,68,0,tPCA_error,38.066462608072435
0.1,69,0,tPCA_error,65.175063705377
0.1,70,0,tPCA_error,27.212594825276614
0.1,71,0,tPCA_error,25.821926237664496
0.1,72,0,tPCA_error,26.408015771427863
0.1,73,0,tPCA_error,52.381171626828575
0.1,74,0,tPCA_error,51.493542704233185
0.1,75,0,tPCA_error,36.55601854414808
0.1,76,0,tPCA_error,58.21054580151529
0.1,77,0,tPCA_error,38.507916657984055
0.1,78,0,tPCA_error,41.74686144892763
0.1,79,0,tPCA_error,43.211623006503146
0.1,80,0,tPCA_error,41.83028151401839
0.1,81,0,tPCA_error,95.78523474235925
0.1,82,0,tPCA_error,33.57810149818171
0.1,83,0,tPCA_error,32.9258429001294
0.1,84,0,tPCA_error,65.10872185726816
0.1,85,0,tPCA_error,49.63503961987361
0.1,86,0,tPCA_error,69.94874624173714
0.1,87,0,tPCA_error,43.555002436555675
0.1,88,0,tPCA_error,26.290450765993903
0.1,89,0,tPCA_error,27.728993867759513
0.1,90,0,tPCA_error,29.203356537619623
0.1,91,0,tPCA_error,57.10645229735006
0.1,92,0,tPCA_error,28.238692327203687
0.1,93,0,tPCA_error,64.85987951160021
0.1,94,0,tPCA_error,45.30122583805873
0.1,95,0,tPCA_error,47.34790641638706
0.1,96,0,tPCA_error,29.6124156102383
0.1,97,0,tPCA_error,29.503367531749777
0.1,98,0,tPCA_error,31.962963752010904
0.1,99,0,tPCA_error,28.969727954935735
0.1,100,0,tPCA_error,36.432906933078314
0.1,101,0,tPCA_error,29.99282372992709
0.1,102,0,tPCA_error,39.06791830200635
0.1,103,0,tPCA_error,57.4941959075202
0.1,104,0,tPCA_error,30.54018469806142
0.1,105,0,tPCA_error,51.16996655570445
0.1,106,0,tPCA_error,38.066462608072435
0.1,107,0,tPCA_error,65.175063705377
0.1,108,0,tPCA_error,27.212594825276614
0.1,109,0,tPCA_error,25.821926237664496
0.1,110,0,tPCA_error,26.408015771427863
0.1,111,0,tPCA_error,52.381171626828575
0.1,112,0,tPCA_error,51.493542704233185
0.1,113,0,tPCA_error,36.55601854414808
0.1,114,0,tPCA_error,58.21054580151529
0.1,115,0,tPCA_error,38.507916657984055
0.1,116,0,tPCA_error,41.74686144892763
0.1,117,0,tPCA_error,43.211623006503146
0.1,118,0,tPCA_error,41.83028151401839
0.1,119,0,tPCA_error,95.78523474235925
0.1,120,0,tPCA_error,33.57810149818171
0.1,121,0,tPCA_error,32.9258429001294
0.1,122,0,tPCA_error,65.10872185726816
0.1,123,0,tPCA_error,49.63503961987361
0.1,124,0,tPCA_error,69.94874624173714
0.1,125,0,tPCA_error,43.555002436555675
0.1,126,0,tPCA_error,26.290450765993903
0.1,127,0,tPCA_error,27.728993867759513
0.1,128,0,tPCA_error,29.203356537619623
0.1,129,0,tPCA_error,57.10645229735006
0.1,130,0,tPCA_error,28.238692327203687
0.1,131,0,tPCA_error,64.85987951160021
0.1,132,0,tPCA_error,45.30122583805873
0.1,133,0,tPCA_error,47.34790641638706
0.1,134,0,tPCA_error,29.6124156102383
0.1,135,0,tPCA_error,29.503367531749777
0.1,136,0,tPCA_error,31.962963752010904
0.1,137,0,tPCA_error,28.969727954935735
0.1,138,0,tPCA_error,36.432906933078314
0.1,139,0,tPCA_error,29.99282372992709
0.1,140,0,tPCA_error,39.06791830200635
0.1,141,0,tPCA_error,57.4941959075202
0.1,142,0,tPCA_error,30.54018469806142
0.1,143,0,tPCA_error,51.16996655570445
0.1,144,0,tPCA_error,38.066462608072435
0.1,145,0,tPCA_error,65.175063705377
0.1,146,0,tPCA_error,27.212594825276614
0.1,147,0,tPCA_error,25.821926237664496
0.1,148,0,tPCA_error,26.408015771427863
0.1,149,0,tPCA_error,52.381171626828575
0.1,150,0,tPCA_error,51.493542704233185
0.1,151,0,tPCA_error,36.55601854414808
0.1,152,0,tPCA_error,58.21054580151529
0.1,153,0,tPCA_error,38.507916657984055
0.1,154,0,tPCA_error,41.74686144892763
0.1,155,0,tPCA_error,43.211623006503146
0.1,156,0,tPCA_error,41.83028151401839
0.1,157,0,tPCA_error,95.78523474235925
0.1,158,0,tPCA_error,33.57810149818171
0.1,159,0,tPCA_error,32.9258429001294
0.1,160,0,tPCA_error,65.10872185726816
0.1,161,0,tPCA_error,49.63503961987361
0.1,162,0,tPCA_error,69.94874624173714
0.1,163,0,tPCA_error,43.555002436555675
0.1,164,0,tPCA_error,26.290450765993903
0.1,165,0,tPCA_error,27.728993867759513
0.1,166,0,tPCA_error,29.203356537619623
0.1,167,0,tPCA_error,57.10645229735006
0.1,168,0,tPCA_error,28.238692327203687
0.1,169,0,tPCA_error,64.85987951160021
0.1,170,0,tPCA_error,45.30122583805873
0.1,171,0,tPCA_error,47.34790641638706
0.1,172,0,tPCA_error,29.6124156102383
0.1,173,0,tPCA_error,29.503367531749777
0.1,174,0,tPCA_error,31.962963752010904
0.1,175,0,tPCA_error,28.969727954935735
0.1,176,0,tPCA_error,36.432906933078314
0.1,177,0,tPCA_error,29.99282372992709
0.1,178,0,tPCA_error,39.06791830200635
0.1,179,0,tPCA_error,57.4941959075202
0.1,180,0,tPCA_error,30.54018469806142
0.1,181,0,tPCA_error,51.16996655570445
0.1,182,0,tPCA_error,38.066462608072435
0.1,183,0,tPCA_error,65.175063705377
0.1,184,0,tPCA_error,27.212594825276614
0.1,185,0,tPCA_error,25.821926237664496
0.1,186,0,tPCA_error,26.408015771427863
0.1,187,0,tPCA_error,52.381171626828575
0.1,188,0,tPCA_error,51.493542704233185
0.1,189,0,tPCA_error,36.55601854414808
0.1,190,0,tPCA_error,58.21054580151529
0.1,191,0,tPCA_error,38.507916657984055
0.1,192,0,tPCA_error,41.74686144892763
0.1,193,0,tPCA_error,43.211623006503146
0.1,194,0,tPCA_error,41.83028151401839
0.1,195,0,tPCA_error,95.78523474235925
0.1,196,0,tPCA_error,33.57810149818171
0.1,197,0,tPCA_error,32.9258429001294
0.1,198,0,tPCA_error,65.10872185726816
0.1,199,0,tPCA_error,49.63503961987361
0.1,200,0,tPCA_error,69.94874624173714
0.1,201,0,tPCA_error,43.555002436555675
0.1,202,0,tPCA_error,26.290450765993903
0.1,203,0,tPCA_error,27.728993867759513
0.1,204,0,tPCA_error,29.203356537619623
0.1,205,0,tPCA_error,57.10645229735006
0.1,206,0,tPCA_error,28.238692327203687
0.1,207,0,tPCA_error,64.85987951160021
0.1,208,0,tPCA_error,45.30122583805873
0.1,209,0,tPCA_error,47.34790641638706
0.1,210,0,tPCA_error,29.6124156102383
0.1,211,0,tPCA_error,29.503367531749777
0.1,212,0,tPCA_error,31.962963752010904
0.1,213,0,tPCA_error,28.969727954935735
0.1,214,0,tPCA_error,36.432906933078314
0.1,215,0,tPCA_error,29.99282372992709
0.1,216,0,tPCA_error,39.06791830200635
0.1,217,0,tPCA_error,57.4941959075202
0.1,218,0,tPCA_error,30.54018469806142
0.1,219,0,tPCA_error,51.16996655570445
0.1,220,0,tPCA_error,38.066462608072435
0.1,221,0,tPCA_error,65.175063705377
0.1,222,0,tPCA_error,27.212594825276614
0.1,223,0,tPCA_error,25.821926237664496
0.1,224,0,tPCA_error,26.408015771427863
0.1,225,0,tPCA_error,52.381171626828575
0.1,226,0,tPCA_error,51.493542704233185
0.1,227,0,tPCA_error,36.55601854414808
0.1,228,0,tPCA_error,58.21054580151529
0.1,229,0,tPCA_error,38.507916657984055
0.1,230,0,tPCA_error,41.74686144892763
0.1,231,0,tPCA_error,43.211623006503146
0.1,232,0,tPCA_error,41.83028151401839
0.1,233,0,tPCA_error,95.78523474235925
0.1,234,0,tPCA_error,33.57810149818171
0.1,235,0,tPCA_error,32.9258429001294
0.1,236,0,tPCA_error,65.10872185726816
0.1,237,0,tPCA_error,49.63503961987361
0.1,238,0,tPCA_error,69.94874624173714
0.1,239,0,tPCA_error,43.555002436555675
0.1,240,0,tPCA_error,26.290450765993903
0.1,241,0,tPCA_error,27.728993867759513
0.1,242,0,tPCA_error,29.203356537619623
0.1,243,0,tPCA_error,57.10645229735006
0.1,244,0,tPCA_error,28.238692327203687
0.1,245,0,tPCA_error,64.85987951160021
0.1,246,0,tPCA_error,45.30122583805873
0.1,247,0,tPCA_error,47.34790641638706
0.1,248,0,tPCA_error,29.6124156102383
0.1,249,0,tPCA_error,29.503367531749777
0.1,250,0,tPCA_error,31.962963752010904
0.1,251,0,tPCA_error,28.969727954935735
0.1,252,0,tPCA_error,36.432906933078314
0.1,253,0,tPCA_error,29.99282372992709
0.1,254,0,tPCA_error,39.06791830200635
0.1,255,0,tPCA_error,57.4941959075202
0.1,256,0,tPCA_error,30.54018469806142
0.1,257,0,tPCA_error,51.16996655570445
0.1,258,0,tPCA_error,38.066462608072435
0.1,259,0,tPCA_error,65.175063705377
0.1,260,0,tPCA_error,27.212594825276614
0.1,261,0,tPCA_error,25.821926237664496
0.1,262,0,tPCA_error,26.408015771427863
0.1,263,0,tPCA_error,52.381171626828575
0.1,264,0,tPCA_error,51.493542704233185
0.1,265,0,tPCA_error,36.55601854414808
0.1,266,0,tPCA_error,58.21054580151529
0.1,267,0,tPCA_error,38.507916657984055
0.1,268,0,tPCA_error,41.74686144892763
0.1,269,0,tPCA_error,43.211623006503146
0.1,270,0,tPCA_error,41.83028151401839
0.1,271,0,tPCA_error,95.78523474235925
0.1,272,0,tPCA_error,33.57810149818171
0.1,273,0,tPCA_error,32.9258429001294
0.1,274,0,tPCA_error,65.10872185726816
0.1,275,0,tPCA_error,49.63503961987361
0.1,276,0,tPCA_error,69.94874624173714
0.1,277,0,tPCA_error,43.555002436555675
0.1,278,0,tPCA_error,26.290450765993903
0.1,279,0,tPCA_error,27.728993867759513
0.1,280,0,tPCA_error,29.203356537619623
0.1,281,0,tPCA_error,57.10645229735006
0.1,282,0,tPCA_error,28.238692327203687
0.1,283,0,tPCA_error,64.85987951160021
0.1,284,0,tPCA_error,45.30122583805873
0.1,285,0,tPCA_error,47.34790641638706
0.1,286,0,tPCA_error,29.6124156102383
0.1,287,0,tPCA_error,29.503367531749777
0.1,288,0,tPCA_error,31.962963752010904
0.1,289,0,tPCA_error,28.969727954935735
0.1,290,0,tPCA_error,36.432906933078314
0.1,291,0,tPCA_error,29.99282372992709
0.1,292,0,tPCA_error,39.06791830200635
0.1,293,0,tPCA_error,57.4941959075202
0.1,294,0,tPCA_error,30.54018469806142
0.1,295,0,tPCA_error,51.16996655570445
0.1,296,0,tPCA_error,38.066462608072435
0.1,297,0,tPCA_error,65.175063705377
0.1,298,0,tPCA_error,27.212594825276614
0.1,299,0,tPCA_error,25.821926237664496
0.3,0,0,tPCA_error,25.2330052020691
0.3,1,0,tPCA_error,51.62385471131742
0.3,2,0,tPCA_error,53.36849522096723
0.3,3,0,tPCA_error,38.1845922519657
0.3,4,0,tPCA_error,55.7170558047899
0.3,5,0,tPCA_error,37.909685203206635
0.3,6,0,tPCA_error,37.02056976825333
0.3,7,0,tPCA_error,43.509417257219674
0.3,8,0,tPCA_error,41.39521054109259
0.3,9,0,tPCA_error,91.94203054960069
0.3,10,0,tPCA_error,33.316639083060586
0.3,11,0,tPCA_error,31.840987384785542
0.3,12,0,tPCA_error,64.61166848510648
0.3,13,0,tPCA_error,54.563622419912754
0.3,14,0,tPCA_error,73.58287574925414
0.3,15,0,tPCA_error,42.912663994266964
0.3,16,0,tPCA_error,25.8275825759696
0.3,17,0,tPCA_error,27.058400402283958
0.3,18,0,tPCA_error,29.497877703215387
0.3,19,0,tPCA_error,58.87700503622831
0.3,20,0,tPCA_error,28.04970173203385
0.3,21,0,tPCA_error,63.04223117858219
0.3,22,0,tPCA_error,44.7386175173766
0.3,23,0,tPCA_error,45.089310812322395
0.3,24,0,tPCA_error,29.840274677311765
0.3,25,0,tPCA_error,28.85586689714378
0.3,26,0,tPCA_error,33.52687433144667
0.3,27,0,tPCA_error,30.04473396552465
0.3,28,0,tPCA_error,37.143343104128185
0.3,29,0,tPCA_error,31.09793619308507
0.3,30,0,tPCA_error,38.14498525242881
0.3,31,0,tPCA_error,67.99781602360389
0.3,32,0,tPCA_error,89.00623200398175
0.3,33,0,tPCA_error,47.93319362290366
0.3,34,0,tPCA_error,39.172510413321184
0.3,35,0,tPCA_error,63.702874963421124
0.3,36,0,tPCA_error,26.50416769502322
0.3,37,0,tPCA_error,25.978217412210004
0.3,38,0,tPCA_error,25.2330052020691
0.3,39,0,tPCA_error,51.62385471131742
0.3,40,0,tPCA_error,53.36849522096723
0.3,41,0,tPCA_error,38.1845922519657
0.3,42,0,tPCA_error,55.7170558047899
0.3,43,0,tPCA_error,37.909685203206635
0.3,44,0,tPCA_error,37.02056976825333
0.3,45,0,tPCA_error,43.509417257219674
0.3,46,0,tPCA_error,41.39521054109259
0.3,47,0,tPCA_error,91.94203054960069
0.3,48,0,tPCA_error,33.316639083060586
0.3,49,0,tPCA_error,31.840987384785542
0.3,50,0,tPCA_error,64.61166848510648
0.3,51,0,tPCA_error,54.563622419912754
0.3,52,0,tPCA_error,73.58287574925414
0.3,53,0,tPCA_error,42.912663994266964
0.3,54,0,tPCA_error,25.8275825759696
0.3,55,0,tPCA_error,27.058400402283958
0.3,56,0,tPCA_error,29.497877703215387
0.3,57,0,tPCA_error,58.87700503622831
0.3,58,0,tPCA_error,28.04970173203385
0.3,59,0,tPCA_error,63.04223117858219
0.3,60,0,tPCA_error,44.7386175173766
0.3,61,0,tPCA_error,45.089310812322395
0.3,62,0,tPCA_error,29.840274677311765
0.3,63,0,tPCA_error,28.85586689714378
0.3,64,0,tPCA_error,33.52687433144667
0.3,65,0,tPCA_error,30.04473396552465
0.3,66,0,tPCA_error,37.143343104128185
0.3,67,0,tPCA_error,31.09793619308507
0.3,68,0,tPCA_error,38.14498525242881
0.3,69,0,tPCA_error,67.99781602360389
0.3,70,0,tPCA_error,89.00623200398175
0.3,71,0,tPCA_error,47.93319362290366
0.3,72,0,tPCA_error,39.172510413321184
0.3,73,0,tPCA_error,63.702874963421124
0.3,74,0,tPCA_error,26.50416769502322
0.3,75,0,tPCA_error,25.978217412210004
0.3,76,0,tPCA_error,25.2330052020691
0.3,77,0,tPCA_error,51.62385471131742
0.3,78,0,tPCA_error,53.36849522096723
0.3,79,0,tPCA_error,38.1845922519657
0.3,80,0,tPCA_error,101.8419227457794
0.3,81,0,tPCA_error,37.599207272910974
0.3,82,0,tPCA_error,38.16445886846636
0.3,83,0,tPCA_error,63.55507736138645
0.3,84,0,tPCA_error,33.008215676504555
0.3,85,0,tPCA_error,46.3505672123468
0.3,86,0,tPCA_error,36.31649096860191
0.3,87,0,tPCA_error,65.31562792980915
0.3,88,0,tPCA_error,31.89289615112017
0.3,89,0,tPCA_error,43.798458938924405
0.3,90,0,tPCA_error,32.71423946308862
0.3,91,0,tPCA_error,41.545428674252065
0.3,92,0,tPCA_error,93.68471746722075
0.3,93,0,tPCA_error,49.30152612373095
0.3,94,0,tPCA_error,44.4518816378642
0.3,95,0,tPCA_error,62.56395497844289
0.3,96,0,tPCA_error,33.258715710015515
0.3,97,0,tPCA_error,55.4132777744977
0.3,98,0,tPCA_error,43.65453421026711
0.3,99,0,tPCA_error,27.347843241362607
0.3,100,0,tPCA_error,43.62984105130746
0.3,101,0,tPCA_error,36.29379505720689
0.3,102,0,tPCA_error,32.38291280347385
0.3,103,0,tPCA_error,48.7096808100628
0.3,104,0,tPCA_error,49.542783159238155
0.3,105,0,tPCA_error,40.170567629637844
0.3,106,0,tPCA_error,34.793382960689925
0.3,107,0,tPCA_error,48.73511641418746
0.3,108,0,tPCA_error,40.520519311574056
0.3,109,0,tPCA_error,47.98292693140133
0.3,110,0,tPCA_error,46.73978842833735
0.3,111,0,tPCA_error,28.114852738934324
0.3,112,0,tPCA_error,62.90620343178719
0.3,113,0,tPCA_error,34.404466687656985
0.3,114,0,tPCA_error,43.177383033822245
0.3,115,0,tPCA_error,28.778284409733146
0.3,116,0,tPCA_error,38.25541731052274
0.3,117,0,tPCA_error,29.78824607340856
0.3,118,0,tPCA_error,65.41468473399094
0.3,119,0,tPCA_error,37.63171840593925
0.3,120,0,tPCA_error,33.74239925010285
0.3,121,0,tPCA_error,74.92617047213373
0.3,122,0,tPCA_error,42.523349498060746
0.3,123,0,tPCA_error,45.326578482041405
0.3,124,0,tPCA_error,34.6459691387194
0.3,125,0,tPCA_error,40.500284882840546
0.3,126,0,tPCA_error,48.70192658428048
0.3,127,0,tPCA_error,30.849630099883516
0.3,128,0,tPCA_error,50.2769938536891
0.3,129,0,tPCA_error,31.756250987858095
0.3,130,0,tPCA_error,54.98347856750059
0.3,131,0,tPCA_error,61.3115213767624
0.3,132,0,tPCA_error,41.99313385540316
0.3,133,0,tPCA_error,63.18257100105411
0.3,134,0,tPCA_error,28.731040131608296
0.3,135,0,tPCA_error,24.035193208805847
0.3,136,0,tPCA_error,35.308296985545574
0.3,137,0,tPCA_error,57.05762017097892
0.3,138,0,tPCA_error,29.33967346697014
0.3,139,0,tPCA_error,66.21314238364766
0.3,140,0,tPCA_error,113.82616784951085
0.3,141,0,tPCA_error,30.166065545331154
0.3,142,0,tPCA_error,59.959744617555536
0.3,143,0,tPCA_error,38.4858490427055
0.3,144,0,tPCA_error,72.3789314357144
0.3,145,0,tPCA_error,41.737400496190325
0.3,146,0,tPCA_error,25.317728622459455
0.3,147,0,tPCA_error,39.28545503534295
0.3,148,0,tPCA_error,57.117476104646926
0.3,149,0,tPCA_error,49.58330746728307
0.3,150,0,tPCA_error,47.2269043324048
0.3,151,0,tPCA_error,36.94726680042597
0.3,152,0,tPCA_error,38.1160174852497
0.3,153,0,tPCA_error,34.45690725661236
0.3,154,0,tPCA_error,25.44905718872769
0.3,155,0,tPCA_error,43.67803157609944
0.3,156,0,tPCA_error,25.478813768127473
0.3,157,0,tPCA_error,24.613831284857998
0.3,158,0,tPCA_error,95.18688424214147
0.3,159,0,tPCA_error,49.37441282931376
0.3,160,0,tPCA_error,56.69464950781066
0.3,161,0,tPCA_error,42.130943186434884
0.3,162,0,tPCA_error,26.24935712821394
0.3,163,0,tPCA_error,44.499304958015415
0.3,164,0,tPCA_error,84.68725239769648
0.3,165,0,tPCA_error,32.954807959871864
0.3,166,0,tPCA_error,38.30697799742194
0.3,167,0,tPCA_error,56.46632174810775
0.3,168,0,tPCA_error,46.204873036607346
0.3,169,0,tPCA_error,43.40930297131175
0.3,170,0,tPCA_error,51.67385620863669
0.3,171,0,tPCA_error,64.77879701960927
0.3,172,0,tPCA_error,34.03429272367361
0.3,173,0,tPCA_error,25.448768461297668
0.3,174,0,tPCA_error,31.671684079186797
0.3,175,0,tPCA_error,25.987964027713772
0.3,176,0,tPCA_error,54.1071252285656
0.3,177,0,tPCA_error,69.89631840960948
0.3,178,0,tPCA_error,38.897822767614244
0.3,179,0,tPCA_error,61.80103649464653
0.3,180,0,tPCA_error,38.53873135132536
0.3,181,0,tPCA_error,42.360404830281915
0.3,182,0,tPCA_error,38.50695739736689
0.3,183,0,tPCA_error,155.3045019232593
0.3,184,0,tPCA_error,41.36667084325878
0.3,185,0,tPCA_error,55.75880704415349
0.3,186,0,tPCA_error,26.891984639060237
0.3,187,0,tPCA_error,40.285849904660864
0.3,188,0,tPCA_error,26.878926947715005
0.3,189,0,tPCA_error,50.24236728408496
0.3,190,0,tPCA_error,36.340666993652334
0.3,191,0,tPCA_error,42.6747311197003
0.3,192,0,tPCA_error,36.48191965956774
0.3,193,0,tPCA_error,70.38814456359883
0.3,194,0,tPCA_error,28.433716435463708
0.3,195,0,tPCA_error,29.02601146352099
0.3,196,0,tPCA_error,34.72672471714283
0.3,197,0,tPCA_error,37.021149581550844
0.3,198,0,tPCA_error,48.222376178489355
0.3,199,0,tPCA_error,67.10884442976185
0.3,200,0,tPCA_error,32.49507699182133
0.3,201,0,tPCA_error,40.58486218335672
0.3,202,0,tPCA_error,36.71206859049535
0.3,203,0,tPCA_error,51.800340285216336
0.3,204,0,tPCA_error,80.21604735305925
0.3,205,0,tPCA_error,54.696016114627966
0.3,206,0,tPCA_error,43.01630876884474
0.3,207,0,tPCA_error,40.04431116635142
0.3,208,0,tPCA_error,148.88552404849887
0.3,209,0,tPCA_error,54.83912028286272
0.3,210,0,tPCA_error,30.29610791152688
0.3,211,0,tPCA_error,36.40823848308057
0.3,212,0,tPCA_error,27.015862033701502
0.3,213,0,tPCA_error,31.63774420974622
0.3,214,0,tPCA_error,71.30628439431254
0.3,215,0,tPCA_error,43.649691706258814
0.3,216,0,tPCA_error,53.155036863971986
0.3,217,0,tPCA_error,44.17001208834609
0.3,218,0,tPCA_error,44.40019047575637
0.3,219,0,tPCA_error,44.253202694796485
0.3,220,0,tPCA_error,65.31385593161588
0.3,221,0,tPCA_error,172.76305464947652
0.3,222,0,tPCA_error,45.18555476968986
0.3,223,0,tPCA_error,47.08793362427445
0.3,224,0,tPCA_error,44.02243592790598
0.3,225,0,tPCA_error,25.52470508673884
0.3,226,0,tPCA_error,80.57596041570986
0.3,227,0,tPCA_error,33.07345840140434
0.3,228,0,tPCA_error,25.48633915504449
0.3,229,0,tPCA_error,60.22980690554154
0.3,230,0,tPCA_error,27.088784850390514
0.3,231,0,tPCA_error,64.53403946235815
0.3,232,0,tPCA_error,36.85812593913589
0.3,233,0,tPCA_error,32.3804117130097
0.3,234,0,tPCA_error,37.03540351216315
0.3,235,0,tPCA_error,52.0482695594419
0.3,236,0,tPCA_error,47.43028312193771
0.3,237,0,tPCA_error,131.04351290348836
0.3,238,0,tPCA_error,75.199362509027
0.3,239,0,tPCA_error,45.31101570951945
0.3,240,0,tPCA_error,25.415222356740994
0.3,241,0,tPCA_error,55.10795836460561
0.3,242,0,tPCA_error,33.47216409987289
0.3,243,0,tPCA_error,33.582906346065506
0.3,244,0,tPCA_error,36.08939163095022
0.3,245,0,tPCA_error,27.763153008419565
0.3,246,0,tPCA_error,53.03028352953921
0.3,247,0,tPCA_error,61.05939488181496
0.3,248,0,tPCA_error,39.27032520465744
0.3,249,0,tPCA_error,33.943211865476954
0.3,250,0,tPCA_error,25.258696211925766
0.3,251,0,tPCA_error,73.6493256901459
0.3,252,0,tPCA_error,36.493738836874726
0.3,253,0,tPCA_error,39.89051277198849
0.3,254,0,tPCA_error,35.404716300207596
0.3,255,0,tPCA_error,52.538332254625956
0.3,256,0,tPCA_error,23.935212993192806
0.3,257,0,tPCA_error,28.81951792816448
0.3,258,0,tPCA_error,49.579189974399135
0.3,259,0,tPCA_error,39.84887047700975
0.3,260,0,tPCA_error,51.586319482799674
0.3,261,0,tPCA_error,55.91135954164671
0.3,262,0,tPCA_error,73.52753354675686
0.3,263,0,tPCA_error,37.32184215616043
0.3,264,0,tPCA_error,55.63000680440789
0.3,265,0,tPCA_error,26.18701840384015
0.3,266,0,tPCA_error,33.566137342222596
0.3,267,0,tPCA_error,68.43117643305389
0.3,268,0,tPCA_error,30.940868198193726
0.3,269,0,tPCA_error,49.63915287028071
0.3,270,0,tPCA_error,43.55849914297498
0.3,271,0,tPCA_error,63.473205334482174
0.3,272,0,tPCA_error,25.914549639854524
0.3,273,0,tPCA_error,65.55848189414824
0.3,274,0,tPCA_error,28.535353368763925
0.3,275,0,tPCA_error,169.91717660542423
0.3,276,0,tPCA_error,37.08341750107364
0.3,277,0,tPCA_error,51.84624082836505
0.3,278,0,tPCA_error,76.11475362509125
0.3,279,0,tPCA_error,27.54720502816051
0.3,280,0,tPCA_error,30.4465341827489
0.3,281,0,tPCA_error,24.60351717542503
0.3,282,0,tPCA_error,34.27860177424313
0.3,283,0,tPCA_error,72.97877351467442
0.3,284,0,tPCA_error,32.98294858891384
0.3,285,0,tPCA_error,25.934738871255842
0.3,286,0,tPCA_error,28.475210633274617
0.3,287,0,tPCA_error,26.331603852905737
0.3,288,0,tPCA_error,32.311237308820175
0.3,289,0,tPCA_error,31.016229066969707
0.3,290,0,tPCA_error,24.408670362193856
0.3,291,0,tPCA_error,50.35448271890721
0.3,292,0,tPCA_error,40.83831067312234
0.3,293,0,tPCA_error,37.65164764260952
0.3,294,0,tPCA_error,34.47769272582163
0.3,295,0,tPCA_error,47.99406051518368
0.3,296,0,tPCA_error,26.96399077809093
0.3,297,0,tPCA_error,37.25576510295302
0.3,298,0,tPCA_error,32.52061290149792
0.3,299,0,tPCA_error,41.057722776997075
0.5,0,0,tPCA_error,50.40489806829053
0.5,1,0,tPCA_error,28.41162042815546
0.5,2,0,tPCA_error,38.891347735986805
0.5,3,0,tPCA_error,41.233371145396106
0.5,4,0,tPCA_error,59.013490179732656
0.5,5,0,tPCA_error,83.35108384790854
0.5,6,0,tPCA_error,54.86793442794442
0.5,7,0,tPCA_error,92.79365110699587
0.5,8,0,tPCA_error,29.908256008431298
0.5,9,0,tPCA_error,37.14302480467004
0.5,10,0,tPCA_error,25.66744680495542
0.5,11,0,tPCA_error,27.936491426108983
0.5,12,0,tPCA_error,55.578316367078415
0.5,13,0,tPCA_error,26.03622462275929
0.5,14,0,tPCA_error,38.44946717193713
0.5,15,0,tPCA_error,30.69416851994063
0.5,16,0,tPCA_error,45.1078244175991
0.5,17,0,tPCA_error,55.05463467319402
0.5,18,0,tPCA_error,28.059618570221375
0.5,19,0,tPCA_error,40.065892979565646
0.5,20,0,tPCA_error,76.21127289654875
0.5,21,0,tPCA_error,30.730984380777034
0.5,22,0,tPCA_error,69.03569410789667
0.5,23,0,tPCA_error,67.80940003130497
0.5,24,0,tPCA_error,56.58783759501138
0.5,25,0,tPCA_error,108.07072201862576
0.5,26,0,tPCA_error,51.18214927585579
0.5,27,0,tPCA_error,43.864311400182245
0.5,28,0,tPCA_error,53.4446816061932
0.5,29,0,tPCA_error,31.519608179888053
0.5,30,0,tPCA_error,110.71692197178649
0.5,31,0,tPCA_error,54.19904559016081
0.5,32,0,tPCA_error,25.625424823726075
0.5,33,0,tPCA_error,38.21321923230608
0.5,34,0,tPCA_error,58.36696174480864
0.5,35,0,tPCA_error,55.455206667917615
0.5,36,0,tPCA_error,65.93064059781811
0.5,37,0,tPCA_error,56.280234760938335
0.5,38,0,tPCA_error,41.417057093393
0.5,39,0,tPCA_error,59.090541521071145
0.5,40,0,tPCA_error,43.513242252685004
0.5,41,0,tPCA_error,56.541851031119414
0.5,42,0,tPCA_error,94.73893695224137
0.5,43,0,tPCA_error,31.03084905372628
0.5,44,0,tPCA_error,31.08109308851715
0.5,45,0,tPCA_error,147.07454823157886
0.5,46,0,tPCA_error,54.58378430152037
0.5,47,0,tPCA_error,65.20113042524167
0.5,48,0,tPCA_error,27.21480720566357
0.5,49,0,tPCA_error,61.39186115276325
0.5,50,0,tPCA_error,29.36706661948042
0.5,51,0,tPCA_error,45.42922597673064
0.5,52,0,tPCA_error,41.76749267785445
0.5,53,0,tPCA_error,54.962090321601266
0.5,54,0,tPCA_error,32.01357050942928
0.5,55,0,tPCA_error,34.661546699351135
0.5,56,0,tPCA_error,28.411646675531777
0.5,57,0,tPCA_error,27.69253867256906
0.5,58,0,tPCA_error,44.98444052665587
0.5,59,0,tPCA_error,112.79013367364647
0.5,60,0,tPCA_error,62.82011865579696
0.5,61,0,tPCA_error,46.08255086702241
0.5,62,0,tPCA_error,60.867837073140336
0.5,63,0,tPCA_error,53.280761284492584
0.5,64,0,tPCA_error,48.093238876333245
0.5,65,0,tPCA_error,28.93505494406957
0.5,66,0,tPCA_error,35.69615086566889
0.5,67,0,tPCA_error,54.816507236532814
0.5,68,0,tPCA_error,88.66841889232386
0.5,69,0,tPCA_error,106.33609350530692
0.5,70,0,tPCA_error,35.72699954681072
0.5,71,0,tPCA_error,27.76551169490082
0.5,72,0,tPCA_error,85.95173450266664
0.5,73,0,tPCA_error,33.34225502880601
0.5,74,0,tPCA_error,61.00740053927839
0.5,75,0,tPCA_error,67.70194776907685
0.5,76,0,tPCA_error,66.67087375278591
0.5,77,0,tPCA_error,30.33293832949655
0.5,78,0,tPCA_error,50.70770417285824
0.5,79,0,tPCA_error,38.50200068566978
0.5,80,0,tPCA_error,41.685305612989225
0.5,81,0,tPCA_error,74.89114164762341
0.5,82,0,tPCA_error,27.65286121558011
0.5,83,0,tPCA_error,43.97841610291989
0.5,84,0,tPCA_error,43.9452673567806
0.5,85,0,tPCA_error,43.008432684187966
0.5,86,0,tPCA_error,64.61736519983593
0.5,87,0,tPCA_error,43.5699713793876
0.5,88,0,tPCA_error,37.75718950564784
0.5,89,0,tPCA_error,43.89627798687643
0.5,90,0,tPCA_error,50.93854086098724
0.5,91,0,tPCA_error,33.23452297917649
0.5,92,0,tPCA_error,69.13884858715674
0.5,93,0,tPCA_error,91.65206002818549
0.5,94,0,tPCA_error,44.7104173863256
0.5,95,0,tPCA_error,28.861130680729136
0.5,96,0,tPCA_error,74.5859061167312
0.5,97,0,tPCA_error,72.610898964296
0.5,98,0,tPCA_error,35.11186117876294
0.5,99,0,tPCA_error,35.598253529575686
0.5,100,0,tPCA_error,47.88458031822727
0.5,101,0,tPCA_error,26.647843464512903
0.5,102,0,tPCA_error,42.10940289235375
0.5,103,0,tPCA_error,68.92312294724549
0.5,104,0,tPCA_error,38.55796896374489
0.5,105,0,tPCA_error,35.761667263287485
0.5,106,0,tPCA_error,70.7445766013111
0.5,107,0,tPCA_error,46.16758315924498
0.5,108,0,tPCA_error,75.53956816831025
0.5,109,0,tPCA_error,61.92236457755549
0.5,110,0,tPCA_error,26.935304440158728
0.5,111,0,tPCA_error,31.600619876315573
0.5,112,0,tPCA_error,69.64906498474113
0.5,113,0,tPCA_error,45.466002103104614
0.5,114,0,tPCA_error,64.6313567621822
0.5,115,0,tPCA_error,44.48056883661244
0.5,116,0,tPCA_error,29.106295734827288
0.5,117,0,tPCA_error,50.91284413560901
0.5,118,0,tPCA_error,28.66550603946133
0.5,119,0,tPCA_error,45.76524593328896
0.5,120,0,tPCA_error,30.424991241057626
0.5,121,0,tPCA_error,49.294452603341746
0.5,122,0,tPCA_error,31.52884778565985
0.5,123,0,tPCA_error,24.819827439524932
0.5,124,0,tPCA_error,26.475151503230542
0.5,125,0,tPCA_error,34.06467512094361
0.5,126,0,tPCA_error,62.588001951081516
0.5,127,0,tPCA_error,24.73672062261297
0.5,128,0,tPCA_error,44.53888293099843
0.5,129,0,tPCA_error,43.49846002622301
0.5,130,0,tPCA_error,29.55576704999052
0.5,131,0,tPCA_error,31.87748001064346
0.5,132,0,tPCA_error,91.18733524507266
0.5,133,0,tPCA_error,87.42230682463973
0.5,134,0,tPCA_error,39.83177611938365
0.5,135,0,tPCA_error,75.35280101006673
0.5,136,0,tPCA_error,39.024812071919115
0.5,137,0,tPCA_error,32.61464182057081
0.5,138,0,tPCA_error,71.72203522748764
0.5,139,0,tPCA_error,47.193587958300576
0.5,140,0,tPCA_error,40.346925515735464
0.5,141,0,tPCA_error,104.4375232673011
0.5,142,0,tPCA_error,31.434284057557814
0.5,143,0,tPCA_error,57.58945080649139
0.5,144,0,tPCA_error,136.66882680958565
0.5,145,0,tPCA_error,66.98483148983462
0.5,146,0,tPCA_error,48.57694050727988
0.5,147,0,tPCA_error,72.95942397334427
0.5,148,0,tPCA_error,31.87590936340375
0.5,149,0,tPCA_error,57.7990965161548
0.5,150,0,tPCA_error,25.237561927825038
0.5,151,0,tPCA_error,29.770930688360085
0.5,152,0,tPCA_error,64.01967633828174
0.5,153,0,tPCA_error,44.169931783949906
0.5,154,0,tPCA_error,40.72112962759874
0.5,155,0,tPCA_error,48.18515723986079
0.5,156,0,tPCA_error,29.55344016538293
0.5,157,0,tPCA_error,52.49136993337915
0.5,158,0,tPCA_error,78.59260943126252
0.5,159,0,tPCA_error,23.96991883022986
0.5,160,0,tPCA_error,100.06215781602965
0.5,161,0,tPCA_error,46.329139228147056
0.5,162,0,tPCA_error,35.412500684005344
0.5,163,0,tPCA_error,57.89492541230889
0.5,164,0,tPCA_error,34.01727179587405
0.5,165,0,tPCA_error,46.002995439883215
0.5,166,0,tPCA_error,36.85637574757239
0.5,167,0,tPCA_error,41.76116078593631
0.5,168,0,tPCA_error,30.52681372530109
0.5,169,0,tPCA_error,42.04284555093129
0.5,170,0,tPCA_error,33.14801803901581
0.5,171,0,tPCA_error,39.37462360985838
0.5,172,0,tPCA_error,96.16753644400761
0.5,173,0,tPCA_error,49.99548528729454
0.5,174,0,tPCA_error,45.936543384240174
0.5,175,0,tPCA_error,62.41410233929263
0.5,176,0,tPCA_error,31.92682022666302
0.5,177,0,tPCA_error,52.73676464346096
0.5,178,0,tPCA_error,44.67241400679506
0.5,179,0,tPCA_error,28.579559267941885
0.5,180,0,tPCA_error,41.40141875437434
0.5,181,0,tPCA_error,35.026097464427885
0.5,182,0,tPCA_error,33.278181932355444
0.5,183,0,tPCA_error,55.94086133563153
0.5,184,0,tPCA_error,46.367654933998175
0.5,185,0,tPCA_error,41.05839062753839
0.5,186,0,tPCA_error,35.121481278563316
0.5,187,0,tPCA_error,46.47055924881791
0.5,188,0,tPCA_error,40.96775306821026
0.5,189,0,tPCA_error,46.63623500837444
0.5,190,0,tPCA_error,48.73753428169305
0.5,191,0,tPCA_error,27.903072929113467
0.5,192,0,tPCA_error,62.910070319248725
0.5,193,0,tPCA_error,33.60605592907291
0.5,194,0,tPCA_error,36.02319993721967
0.5,195,0,tPCA_error,29.052428237120342
0.5,196,0,tPCA_error,38.5373768239016
0.5,197,0,tPCA_error,30.356985936549172
0.5,198,0,tPCA_error,100.06215781602965
0.5,199,0,tPCA_error,46.329139228147056
0.5,200,0,tPCA_error,35.412500684005344
0.5,201,0,tPCA_error,57.89492541230889
0.5,202,0,tPCA_error,34.01727179587405
0.5,203,0,tPCA_error,46.002995439883215
0.5,204,0,tPCA_error,36.85637574757239
0.5,205,0,tPCA_error,41.76116078593631
0.5,206,0,tPCA_error,30.52681372530109
0.5,207,0,tPCA_error,42.04284555093129
0.5,208,0,tPCA_error,33.14801803901581
0.5,209,0,tPCA_error,39.37462360985838
0.5,210,0,tPCA_error,96.16753644400761
0.5,211,0,tPCA_error,49.99548528729454
0.5,212,0,tPCA_error,45.936543384240174
0.5,213,0,tPCA_error,62.41410233929263
0.5,214,0,tPCA_error,31.92682022666302
0.5,215,0,tPCA_error,52.73676464346096
0.5,216,0,tPCA_error,44.67241400679506
0.5,217,0,tPCA_error,28.579559267941885
0.5,218,0,tPCA_error,41.40141875437434
0.5,219,0,tPCA_error,35.026097464427885
0.5,220,0,tPCA_error,33.278181932355444
0.5,221,0,tPCA_error,55.94086133563153
0.5,222,0,tPCA_error,46.367654933998175
0.5,223,0,tPCA_error,41.05839062753839
0.5,224,0,tPCA_error,35.121481278563316
0.5,225,0,tPCA_error,46.47055924881791
0.5,226,0,tPCA_error,40.96775306821026
0.5,227,0,tPCA_error,46.63623500837444
0.5,228,0,tPCA_error,48.73753428169305
0.5,229,0,tPCA_error,27.903072929113467
0.5,230,0,tPCA_error,62.910070319248725
0.5,231,0,tPCA_error,33.60605592907291
0.5,232,0,tPCA_error,36.02319993721967
0.5,233,0,tPCA_error,29.052428237120342
0.5,234,0,tPCA_error,38.5373768239016
0.5,235,0,tPCA_error,30.356985936549172
0.5,236,0,tPCA_error,46.05579210608548
0.5,237,0,tPCA_error,61.78978753497247
0.5,238,0,tPCA_error,61.249999401105704
0.5,239,0,tPCA_error,66.83036233517412
0.5,240,0,tPCA_error,38.20379518891417
0.5,241,0,tPCA_error,39.33053006267078
0.5,242,0,tPCA_error,34.38026589364231
0.5,243,0,tPCA_error,35.53818944815414
0.5,244,0,tPCA_error,47.388730835244814
0.5,245,0,tPCA_error,35.92475380131942
0.5,246,0,tPCA_error,41.11536838362899
0.5,247,0,tPCA_error,33.77405928856567
0.5,248,0,tPCA_error,47.48533785215029
0.5,249,0,tPCA_error,90.6048558772648
0.5,250,0,tPCA_error,65.74460830232552
0.5,251,0,tPCA_error,26.038426698550985
0.5,252,0,tPCA_error,113.28557693351682
0.5,253,0,tPCA_error,36.529846379337634
0.5,254,0,tPCA_error,73.21288102269874
0.5,255,0,tPCA_error,31.538801318928513
0.5,256,0,tPCA_error,27.045883623290194
0.5,257,0,tPCA_error,43.90482212745215
0.5,258,0,tPCA_error,56.488329407063596
0.5,259,0,tPCA_error,36.68127408395699
0.5,260,0,tPCA_error,34.00454534073977
0.5,261,0,tPCA_error,55.868603385169955
0.5,262,0,tPCA_error,34.75822855811723
0.5,263,0,tPCA_error,62.463913531512084
0.5,264,0,tPCA_error,32.125520518097254
0.5,265,0,tPCA_error,66.7944582316685
0.5,266,0,tPCA_error,83.56421505351273
0.5,267,0,tPCA_error,34.75461678639468
0.5,268,0,tPCA_error,50.054124009749046
0.5,269,0,tPCA_error,30.437293101681064
0.5,270,0,tPCA_error,37.95599765996475
0.5,271,0,tPCA_error,39.11120288405411
0.5,272,0,tPCA_error,36.0527065185767
0.5,273,0,tPCA_error,53.029146516813555
0.5,274,0,tPCA_error,100.06215781602965
0.5,275,0,tPCA_error,46.329139228147056
0.5,276,0,tPCA_error,35.412500684005344
0.5,277,0,tPCA_error,57.89492541230889
0.5,278,0,tPCA_error,34.01727179587405
0.5,279,0,tPCA_error,46.002995439883215
0.5,280,0,tPCA_error,36.85637574757239
0.5,281,0,tPCA_error,41.76116078593631
0.5,282,0,tPCA_error,30.52681372530109
0.5,283,0,tPCA_error,42.04284555093129
0.5,284,0,tPCA_error,33.14801803901581
0.5,285,0,tPCA_error,39.37462360985838
0.5,286,0,tPCA_error,96.16753644400761
0.5,287,0,tPCA_error,49.99548528729454
0.5,288,0,tPCA_error,45.936543384240174
0.5,289,0,tPCA_error,62.41410233929263
0.5,290,0,tPCA_error,31.92682022666302
0.5,291,0,tPCA_error,52.73676464346096
0.5,292,0,tPCA_error,44.67241400679506
0.5,293,0,tPCA_error,28.579559267941885
0.5,294,0,tPCA_error,41.40141875437434
0.5,295,0,tPCA_error,35.026097464427885
0.5,296,0,tPCA_error,33.278181932355444
0.5,297,0,tPCA_error,55.94086133563153
0.5,298,0,tPCA_error,46.367654933998175
0.5,299,0,tPCA_error,41.05839062753839
0.7,0,0,tPCA_error,40.480180715635264
0.7,1,0,tPCA_error,45.14154453120327
0.7,2,0,tPCA_error,43.53260476706449
0.7,3,0,tPCA_error,46.55308076948162
0.7,4,0,tPCA_error,50.53009671880268
0.7,5,0,tPCA_error,27.47366880189778
0.7,6,0,tPCA_error,64.6966050865886
0.7,7,0,tPCA_error,32.25450077836978
0.7,8,0,tPCA_error,37.97499240364527
0.7,9,0,tPCA_error,30.801717889371925
0.7,10,0,tPCA_error,36.45449421042925
0.7,11,0,tPCA_error,31.47525213369362
0.7,12,0,tPCA_error,91.97924313726237
0.7,13,0,tPCA_error,45.717469020242454
0.7,14,0,tPCA_error,33.026885174845646
0.7,15,0,tPCA_error,41.90812996169927
0.7,16,0,tPCA_error,35.47391135160309
0.7,17,0,tPCA_error,51.24336545886301
0.7,18,0,tPCA_error,36.86881279005392
0.7,19,0,tPCA_error,43.743375009403586
0.7,20,0,tPCA_error,29.423547271764743
0.7,21,0,tPCA_error,40.51844197904244
0.7,22,0,tPCA_error,34.11277807098257
0.7,23,0,tPCA_error,36.66038737635933
0.7,24,0,tPCA_error,95.8824269951919
0.7,25,0,tPCA_error,75.51755919180684
0.7,26,0,tPCA_error,59.95611777681791
0.7,27,0,tPCA_error,62.774320548975815
0.7,28,0,tPCA_error,29.610625319192373
0.7,29,0,tPCA_error,50.1833930590326
0.7,30,0,tPCA_error,47.90403714196497
0.7,31,0,tPCA_error,30.865755154093833
0.7,32,0,tPCA_error,33.98297896842216
0.7,33,0,tPCA_error,33.580401856415165
0.7,34,0,tPCA_error,32.75456761612714
0.7,35,0,tPCA_error,66.58444871379369
0.7,36,0,tPCA_error,45.299455308963616
0.7,37,0,tPCA_error,42.91286363090193
0.7,38,0,tPCA_error,40.480180715635264
0.7,39,0,tPCA_error,45.14154453120327
0.7,40,0,tPCA_error,43.53260476706449
0.7,41,0,tPCA_error,46.55308076948162
0.7,42,0,tPCA_error,50.53009671880268
0.7,43,0,tPCA_error,27.47366880189778
0.7,44,0,tPCA_error,64.6966050865886
0.7,45,0,tPCA_error,32.25450077836978
0.7,46,0,tPCA_error,37.97499240364527
0.7,47,0,tPCA_error,30.801717889371925
0.7,48,0,tPCA_error,36.45449421042925
0.7,49,0,tPCA_error,31.47525213369362
0.7,50,0,tPCA_error,91.97924313726237
0.7,51,0,tPCA_error,45.717469020242454
0.7,52,0,tPCA_error,33.026885174845646
0.7,53,0,tPCA_error,41.90812996169927
0.7,54,0,tPCA_error,35.47391135160309
0.7,55,0,tPCA_error,51.24336545886301
0.7,56,0,tPCA_error,36.86881279005392
0.7,57,0,tPCA_error,43.743375009403586
0.7,58,0,tPCA_error,29.423547271764743
0.7,59,0,tPCA_error,40.51844197904244
0.7,60,0,tPCA_error,34.11277807098257
0.7,61,0,tPCA_error,36.66038737635933
0.7,62,0,tPCA_error,95.8824269951919
0.7,63,0,tPCA_error,75.51755919180684
0.7,64,0,tPCA_error,59.95611777681791
0.7,65,0,tPCA_error,62.774320548975815
0.7,66,0,tPCA_error,29.610625319192373
0.7,67,0,tPCA_error,50.1833930590326
0.7,68,0,tPCA_error,47.90403714196497
0.7,69,0,tPCA_error,30.865755154093833
0.7,70,0,tPCA_error,33.98297896842216
0.7,71,0,tPCA_error,33.580401856415165
0.7,72,0,tPCA_error,32.75456761612714
0.7,73,0,tPCA_error,66.58444871379369
0.7,74,0,tPCA_error,45.299455308963616
0.7,75,0,tPCA_error,42.91286363090193
0.7,76,0,tPCA_error,40.480180715635264
0.7,77,0,tPCA_error,45.14154453120327
0.7,78,0,tPCA_error,43.53260476706449
0.7,79,0,tPCA_error,46.55308076948162
0.7,80,0,tPCA_error,50.53009671880268
0.7,81,0,tPCA_error,27.47366880189778
0.7,82,0,tPCA_error,64.6966050865886
0.7,83,0,tPCA_error,32.25450077836978
0.7,84,0,tPCA_error,37.97499240364527
0.7,85,0,tPCA_error,30.801717889371925
0.7,86,0,tPCA_error,36.45449421042925
0.7,87,0,tPCA_error,31.47525213369362
0.7,88,0,tPCA_error,91.97924313726237
0.7,89,0,tPCA_error,45.717469020242454
0.7,90,0,tPCA_error,33.026885174845646
0.7,91,0,tPCA_error,41.90812996169927
0.7,92,0,tPCA_error,35.47391135160309
0.7,93,0,tPCA_error,51.24336545886301
0.7,94,0,tPCA_error,36.86881279005392
0.7,95,0,tPCA_error,43.743375009403586
0.7,96,0,tPCA_error,29.423547271764743
0.7,97,0,tPCA_error,40.51844197904244
0.7,98,0,tPCA_error,34.11277807098257
0.7,99,0,tPCA_error,36.66038737635933
0.7,100,0,tPCA_error,95.8824269951919
0.7,101,0,tPCA_error,75.51755919180684
0.7,102,0,tPCA_error,59.95611777681791
0.7,103,0,tPCA_error,62.774320548975815
0.7,104,0,tPCA_error,29.610625319192373
0.7,105,0,tPCA_error,50.1833930590326
0.7,106,0,tPCA_error,47.90403714196497
0.7,107,0,tPCA_error,30.865755154093833
0.7,108,0,tPCA_error,33.98297896842216
0.7,109,0,tPCA_error,33.580401856415165
0.7,110,0,tPCA_error,32.75456761612714
0.7,111,0,tPCA_error,66.58444871379369
0.7,112,0,tPCA_error,45.299455308963616
0.7,113,0,tPCA_error,42.91286363090193
0.7,114,0,tPCA_error,40.480180715635264
0.7,115,0,tPCA_error,45.14154453120327
0.7,116,0,tPCA_error,43.53260476706449
0.7,117,0,tPCA_error,46.55308076948162
0.7,118,0,tPCA_error,50.53009671880268
0.7,119,0,tPCA_error,27.47366880189778
0.7,120,0,tPCA_error,64.6966050865886
0.7,121,0,tPCA_error,32.25450077836978
0.7,122,0,tPCA_error,37.97499240364527
0.7,123,0,tPCA_error,30.801717889371925
0.7,124,0,tPCA_error,36.45449421042925
0.7,125,0,tPCA_error,31.47525213369362
0.7,126,0,tPCA_error,91.97924313726237
0.7,127,0,tPCA_error,45.717469020242454
0.7,128,0,tPCA_error,33.026885174845646
0.7,129,0,tPCA_error,41.90812996169927
0.7,130,0,tPCA_error,35.47391135160309
0.7,131,0,tPCA_error,51.24336545886301
0.7,132,0,tPCA_error,36.86881279005392
0.7,133,0,tPCA_error,43.743375009403586
0.7,134,0,tPCA_error,29.423547271764743
0.7,135,0,tPCA_error,40.51844197904244
0.7,136,0,tPCA_error,34.11277807098257
0.7,137,0,tPCA_error,36.66038737635933
0.7,138,0,tPCA_error,95.8824269951919
0.7,139,0,tPCA_error,75.51755919180684
0.7,140,0,tPCA_error,59.95611777681791
0.7,141,0,tPCA_error,62.774320548975815
0.7,142,0,tPCA_error,29.610625319192373
0.7,143,0,tPCA_error,50.1833930590326
0.7,144,0,tPCA_error,47.90403714196497
0.7,145,0,tPCA_error,30.865755154093833
0.7,146,0,tPCA_error,33.98297896842216
0.7,147,0,tPCA_error,33.580401856415165
0.7,148,0,tPCA_error,32.75456761612714
0.7,149,0,tPCA_error,66.58444871379369
0.7,150,0,tPCA_error,45.299455308963616
0.7,151,0,tPCA_error,42.91286363090193
0.7,152,0,tPCA_error,40.480180715635264
0.7,153,0,tPCA_error,45.14154453120327
0.7,154,0,tPCA_error,43.53260476706449
0.7,155,0,tPCA_error,46.55308076948162
0.7,156,0,tPCA_error,50.53009671880268
0.7,157,0,tPCA_error,27.47366880189778
0.7,158,0,tPCA_error,64.6966050865886
0.7,159,0,tPCA_error,32.25450077836978
0.7,160,0,tPCA_error,37.97499240364527
0.7,161,0,tPCA_error,30.801717889371925
0.7,162,0,tPCA_error,36.45449421042925
0.7,163,0,tPCA_error,31.47525213369362
0.7,164,0,tPCA_error,91.97924313726237
0.7,165,0,tPCA_error,45.717469020242454
0.7,166,0,tPCA_error,33.026885174845646
0.7,167,0,tPCA_error,41.90812996169927
0.7,168,0,tPCA_error,35.47391135160309
0.7,169,0,tPCA_error,51.24336545886301
0.7,170,0,tPCA_error,36.86881279005392
0.7,171,0,tPCA_error,43.743375009403586
0.7,172,0,tPCA_error,29.423547271764743
0.7,173,0,tPCA_error,40.51844197904244
0.7,174,0,tPCA_error,34.11277807098257
0.7,175,0,tPCA_error,36.66038737635933
0.7,176,0,tPCA_error,95.8824269951919
0.7,177,0,tPCA_error,75.51755919180684
0.7,178,0,tPCA_error,59.95611777681791
0.7,179,0,tPCA_error,62.774320548975815
0.7,180,0,tPCA_error,29.610625319192373
0.7,181,0,tPCA_error,50.1833930590326
0.7,182,0,tPCA_error,47.90403714196497
0.7,183,0,tPCA_error,30.865755154093833
0.7,184,0,tPCA_error,33.98297896842216
0.7,185,0,tPCA_error,33.580401856415165
0.7,186,0,tPCA_error,32.75456761612714
0.7,187,0,tPCA_error,66.58444871379369
0.7,188,0,tPCA_error,45.299455308963616
0.7,189,0,tPCA_error,42.91286363090193
0.7,190,0,tPCA_error,40.480180715635264
0.7,191,0,tPCA_error,45.14154453120327
0.7,192,0,tPCA_error,43.53260476706449
0.7,193,0,tPCA_error,46.55308076948162
0.7,194,0,tPCA_error,50.53009671880268
0.7,195,0,tPCA_error,27.47366880189778
0.7,196,0,tPCA_error,64.6966050865886
0.7,197,0,tPCA_error,32.25450077836978
0.7,198,0,tPCA_error,37.97499240364527
0.7,199,0,tPCA_error,30.801717889371925
0.7,200,0,tPCA_error,36.45449421042925
0.7,201,0,tPCA_error,31.47525213369362
0.7,202,0,tPCA_error,91.97924313726237
0.7,203,0,tPCA_error,45.717469020242454
0.7,204,0,tPCA_error,33.026885174845646
0.7,205,0,tPCA_error,41.90812996169927
0.7,206,0,tPCA_error,35.47391135160309
0.7,207,0,tPCA_error,51.24336545886301
0.7,208,0,tPCA_error,36.86881279005392
0.7,209,0,tPCA_error,43.743375009403586
0.7,210,0,tPCA_error,29.423547271764743
0.7,211,0,tPCA_error,40.51844197904244
0.7,212,0,tPCA_error,34.11277807098257
0.7,213,0,tPCA_error,36.66038737635933
0.7,214,0,tPCA_error,95.8824269951919
0.7,215,0,tPCA_error,75.51755919180684
0.7,216,0,tPCA_error,59.95611777681791
0.7,217,0,tPCA_error,62.774320548975815
0.7,218,0,tPCA_error,29.610625319192373
0.7,219,0,tPCA_error,50.1833930590326
0.7,220,0,tPCA_error,47.90403714196497
0.7,221,0,tPCA_error,30.865755154093833
0.7,222,0,tPCA_error,33.98297896842216
0.7,223,0,tPCA_error,33.580401856415165
0.7,224,0,tPCA_error,32.75456761612714
0.7,225,0,tPCA_error,66.58444871379369
0.7,226,0,tPCA_error,45.299455308963616
0.7,227,0,tPCA_error,42.91286363090193
0.7,228,0,tPCA_error,40.480180715635264
0.7,229,0,tPCA_error,45.14154453120327
0.7,230,0,tPCA_error,43.53260476706449
0.7,231,0,tPCA_error,46.55308076948162
0.7,232,0,tPCA_error,50.53009671880268
0.7,233,0,tPCA_error,27.47366880189778
0.7,234,0,tPCA_error,64.6966050865886
0.7,235,0,tPCA_error,32.25450077836978
0.7,236,0,tPCA_error,37.97499240364527
0.7,237,0,tPCA_error,30.801717889371925
0.7,238,0,tPCA_error,36.45449421042925
0.7,239,0,tPCA_error,31.47525213369362
0.7,240,0,tPCA_error,65.9645919286265
0.7,241,0,tPCA_error,32.301912860781826
0.7,242,0,tPCA_error,154.2310237172606
0.7,243,0,tPCA_error,49.54214913869855
0.7,244,0,tPCA_error,43.063285305424124
0.7,245,0,tPCA_error,49.3356714385587
0.7,246,0,tPCA_error,35.11601914089493
0.7,247,0,tPCA_error,34.4989785361716
0.7,248,0,tPCA_error,47.69250147894765
0.7,249,0,tPCA_error,35.09668831496937
0.7,250,0,tPCA_error,44.08577475310324
0.7,251,0,tPCA_error,33.68238677308
0.7,252,0,tPCA_error,56.38866274913714
0.7,253,0,tPCA_error,35.20892440155631
0.7,254,0,tPCA_error,39.32761204495848
0.7,255,0,tPCA_error,63.90836990887505
0.7,256,0,tPCA_error,32.20060997513102
0.7,257,0,tPCA_error,25.201174943942604
0.7,258,0,tPCA_error,73.61878218944747
0.7,259,0,tPCA_error,61.35837997364116
0.7,260,0,tPCA_error,29.093890489070297
0.7,261,0,tPCA_error,68.76446289067941
0.7,262,0,tPCA_error,123.50643569181905
0.7,263,0,tPCA_error,25.796071937954725
0.7,264,0,tPCA_error,62.93577900654548
0.7,265,0,tPCA_error,36.39394608586354
0.7,266,0,tPCA_error,85.24759646348389
0.7,267,0,tPCA_error,42.123732562226614
0.7,268,0,tPCA_error,30.31435148334219
0.7,269,0,tPCA_error,40.38103882094458
0.7,270,0,tPCA_error,49.23376734584076
0.7,271,0,tPCA_error,48.17209187820183
0.7,272,0,tPCA_error,48.571513603402956
0.7,273,0,tPCA_error,34.402964441529036
0.7,274,0,tPCA_error,35.932325508911134
0.7,275,0,tPCA_error,120.48488295218192
0.7,276,0,tPCA_error,25.171102037127945
0.7,277,0,tPCA_error,40.83187290946926
0.7,278,0,tPCA_error,65.9645919286265
0.7,279,0,tPCA_error,32.301912860781826
0.7,280,0,tPCA_error,154.2310237172606
0.7,281,0,tPCA_error,49.54214913869855
0.7,282,0,tPCA_error,43.063285305424124
0.7,283,0,tPCA_error,49.3356714385587
0.7,284,0,tPCA_error,35.11601914089493
0.7,285,0,tPCA_error,34.4989785361716
0.7,286,0,tPCA_error,47.69250147894765
0.7,287,0,tPCA_error,35.09668831496937
0.7,288,0,tPCA_error,44.08577475310324
0.7,289,0,tPCA_error,33.68238677308
0.7,290,0,tPCA_error,56.38866274913714
0.7,291,0,tPCA_error,35.20892440155631
0.7,292,0,tPCA_error,39.32761204495848
0.7,293,0,tPCA_error,63.90836990887505
0.7,294,0,tPCA_error,32.20060997513102
0.7,295,0,tPCA_error,25.201174943942604
0.7,296,0,tPCA_error,73.61878218944747
0.7,297,0,tPCA_error,61.35837997364116
0.7,298,0,tPCA_error,29.093890489070297
0.7,299,0,tPCA_error,68.76446289067941
0.9,0,0,tPCA_error,124.58444423815338
0.9,1,0,tPCA_error,31.142048985607328
0.9,2,0,tPCA_error,65.55936608705676
0.9,3,0,tPCA_error,43.18731619196557
0.9,4,0,tPCA_error,57.80237095066131
0.9,5,0,tPCA_error,47.47470586478756
0.9,6,0,tPCA_error,33.44096594372784
0.9,7,0,tPCA_error,28.559373569976263
0.9,8,0,tPCA_error,43.43022798239586
0.9,9,0,tPCA_error,49.74715462096706
0.9,10,0,tPCA_error,46.945374407335805
0.9,11,0,tPCA_error,35.306459041796764
0.9,12,0,tPCA_error,36.824553529824854
0.9,13,0,tPCA_error,33.53422244502398
0.9,14,0,tPCA_error,26.72934167458951
0.9,15,0,tPCA_error,41.62912081292123
0.9,16,0,tPCA_error,68.52452862015453
0.9,17,0,tPCA_error,38.45078551638479
0.9,18,0,tPCA_error,168.20936763741176
0.9,19,0,tPCA_error,46.309904497273564
0.9,20,0,tPCA_error,51.27421309072032
0.9,21,0,tPCA_error,50.17921844376204
0.9,22,0,tPCA_error,32.8688156464292
0.9,23,0,tPCA_error,31.482164376612293
0.9,24,0,tPCA_error,40.173732840752386
0.9,25,0,tPCA_error,39.78304282650768
0.9,26,0,tPCA_error,42.82570301090272
0.9,27,0,tPCA_error,32.46589504953063
0.9,28,0,tPCA_error,64.68259777047227
0.9,29,0,tPCA_error,34.802998229490925
0.9,30,0,tPCA_error,42.50056078281373
0.9,31,0,tPCA_error,79.11176292913824
0.9,32,0,tPCA_error,45.362272398396904
0.9,33,0,tPCA_error,26.431772121890337
0.9,34,0,tPCA_error,80.59980224168409
0.9,35,0,tPCA_error,66.48634505463626
0.9,36,0,tPCA_error,27.249754707017747
0.9,37,0,tPCA_error,65.6433877523256
0.9,38,0,tPCA_error,124.58444423815338
0.9,39,0,tPCA_error,31.142048985607328
0.9,40,0,tPCA_error,65.55936608705676
0.9,41,0,tPCA_error,43.18731619196557
0.9,42,0,tPCA_error,57.80237095066131
0.9,43,0,tPCA_error,47.47470586478756
0.9,44,0,tPCA_error,33.44096594372784
0.9,45,0,tPCA_error,28.559373569976263
0.9,46,0,tPCA_error,43.43022798239586
0.9,47,0,tPCA_error,49.74715462096706
0.9,48,0,tPCA_error,46.945374407335805
0.9,49,0,tPCA_error,35.306459041796764
0.9,50,0,tPCA_error,36.824553529824854
0.9,51,0,tPCA_error,33.53422244502398
0.9,52,0,tPCA_error,26.72934167458951
0.9,53,0,tPCA_error,41.62912081292123
0.9,54,0,tPCA_error,26.09302308288385
0.9,55,0,tPCA_error,24.387777261420094
0.9,56,0,tPCA_error,64.38233765411728
0.9,57,0,tPCA_error,57.139426196949
0.9,58,0,tPCA_error,70.57280257598448
0.9,59,0,tPCA_error,47.453691305660314
0.9,60,0,tPCA_error,26.2522572293172
0.9,61,0,tPCA_error,45.2089146847198
0.9,62,0,tPCA_error,44.82178777550262
0.9,63,0,tPCA_error,31.035984181423352
0.9,64,0,tPCA_error,49.30586109684365
0.9,65,0,tPCA_error,48.102417825103174
0.9,66,0,tPCA_error,45.29082409777619
0.9,67,0,tPCA_error,50.032920928755445
0.9,68,0,tPCA_error,32.11248647293599
0.9,69,0,tPCA_error,56.15765371523443
0.9,70,0,tPCA_error,39.67334999093307
0.9,71,0,tPCA_error,28.282742073233578
0.9,72,0,tPCA_error,35.355097601739054
0.9,73,0,tPCA_error,28.663276750352782
0.9,74,0,tPCA_error,46.5055855940623
0.9,75,0,tPCA_error,61.283253719757795
0.9,76,0,tPCA_error,36.737971367637186
0.9,77,0,tPCA_error,95.88753827084491
0.9,78,0,tPCA_error,40.24742691108131
0.9,79,0,tPCA_error,48.69856432964792
0.9,80,0,tPCA_error,42.081798796589915
0.9,81,0,tPCA_error,127.62378310813628
0.9,82,0,tPCA_error,77.45100331838331
0.9,83,0,tPCA_error,50.490087277726886
0.9,84,0,tPCA_error,32.8156861330715
0.9,85,0,tPCA_error,35.094795619209236
0.9,86,0,tPCA_error,37.25317670697746
0.9,87,0,tPCA_error,35.45808314234077
0.9,88,0,tPCA_error,44.54709836754886
0.9,89,0,tPCA_error,42.01491388414389
0.9,90,0,tPCA_error,34.40864927432513
0.9,91,0,tPCA_error,68.67064991152286
0.9,92,0,tPCA_error,26.09302308288385
0.9,93,0,tPCA_error,24.387777261420094
0.9,94,0,tPCA_error,64.38233765411728
0.9,95,0,tPCA_error,57.139426196949
0.9,96,0,tPCA_error,70.57280257598448
0.9,97,0,tPCA_error,47.453691305660314
0.9,98,0,tPCA_error,26.2522572293172
0.9,99,0,tPCA_error,45.2089146847198
0.9,100,0,tPCA_error,44.82178777550262
0.9,101,0,tPCA_error,31.035984181423352
0.9,102,0,tPCA_error,49.30586109684365
0.9,103,0,tPCA_error,48.102417825103174
0.9,104,0,tPCA_error,45.29082409777619
0.9,105,0,tPCA_error,50.032920928755445
0.9,106,0,tPCA_error,32.11248647293599
0.9,107,0,tPCA_error,56.15765371523443
0.9,108,0,tPCA_error,39.67334999093307
0.9,109,0,tPCA_error,28.282742073233578
0.9,110,0,tPCA_error,35.355097601739054
0.9,111,0,tPCA_error,28.663276750352782
0.9,112,0,tPCA_error,46.5055855940623
0.9,113,0,tPCA_error,61.283253719757795
0.9,114,0,tPCA_error,36.737971367637186
0.9,115,0,tPCA_error,95.88753827084491
0.9,116,0,tPCA_error,40.24742691108131
0.9,117,0,tPCA_error,48.69856432964792
0.9,118,0,tPCA_error,42.081798796589915
0.9,119,0,tPCA_error,127.62378310813628
0.9,120,0,tPCA_error,77.45100331838331
0.9,121,0,tPCA_error,50.490087277726886
0.9,122,0,tPCA_error,32.8156861330715
0.9,123,0,tPCA_error,35.094795619209236
0.9,124,0,tPCA_error,37.25317670697746
0.9,125,0,tPCA_error,35.45808314234077
0.9,126,0,tPCA_error,44.54709836754886
0.9,127,0,tPCA_error,42.01491388414389
0.9,128,0,tPCA_error,34.40864927432513
0.9,129,0,tPCA_error,68.67064991152286
0.9,130,0,tPCA_error,26.09302308288385
0.9,131,0,tPCA_error,24.387777261420094
0.9,132,0,tPCA_error,64.38233765411728
0.9,133,0,tPCA_error,57.139426196949
0.9,134,0,tPCA_error,70.57280257598448
0.9,135,0,tPCA_error,47.453691305660314
0.9,136,0,tPCA_error,26.2522572293172
0.9,137,0,tPCA_error,45.2089146847198
0.9,138,0,tPCA_error,44.82178777550262
0.9,139,0,tPCA_error,31.035984181423352
0.9,140,0,tPCA_error,49.30586109684365
0.9,141,0,tPCA_error,48.102417825103174
0.9,142,0,tPCA_error,45.29082409777619
0.9,143,0,tPCA_error,50.032920928755445
0.9,144,0,tPCA_error,32.11248647293599
0.9,145,0,tPCA_error,56.15765371523443
0.9,146,0,tPCA_error,39.67334999093307
0.9,147,0,tPCA_error,28.282742073233578
0.9,148,0,tPCA_error,35.355097601739054
0.9,149,0,tPCA_error,28.663276750352782
0.9,150,0,tPCA_error,46.5055855940623
0.9,151,0,tPCA_error,61.283253719757795
0.9,152,0,tPCA_error,36.737971367637186
0.9,153,0,tPCA_error,95.88753827084491
0.9,154,0,tPCA_error,40.24742691108131
0.9,155,0,tPCA_error,48.69856432964792
0.9,156,0,tPCA_error,42.081798796589915
0.9,157,0,tPCA_error,127.62378310813628
0.9,158,0,tPCA_error,77.45100331838331
0.9,159,0,tPCA_error,50.490087277726886
0.9,160,0,tPCA_error,32.8156861330715
0.9,161,0,tPCA_error,35.094795619209236
0.9,162,0,tPCA_error,37.25317670697746
0.9,163,0,tPCA_error,35.45808314234077
0.9,164,0,tPCA_error,44.54709836754886
0.9,165,0,tPCA_error,42.01491388414389
0.9,166,0,tPCA_error,34.40864927432513
0.9,167,0,tPCA_error,68.67064991152286
0.9,168,0,tPCA_error,38.0970176393598
0.9,169,0,tPCA_error,26.093268473386313
0.9,170,0,tPCA_error,29.23922954714094
0.9,171,0,tPCA_error,53.153960956274595
0.9,172,0,tPCA_error,37.21837354890155
0.9,173,0,tPCA_error,65.8730612249911
0.9,174,0,tPCA_error,34.60419246689296
0.9,175,0,tPCA_error,44.258710942757894
0.9,176,0,tPCA_error,31.538799823399184
0.9,177,0,tPCA_error,51.126651493113265
0.9,178,0,tPCA_error,61.48908616508527
0.9,179,0,tPCA_error,80.97160205646155
0.9,180,0,tPCA_error,40.53961675006168
0.9,181,0,tPCA_error,35.269584059824155
0.9,182,0,tPCA_error,53.6530549870621
0.9,183,0,tPCA_error,50.938817365372785
0.9,184,0,tPCA_error,34.035971899566185
0.9,185,0,tPCA_error,33.23621878256395
0.9,186,0,tPCA_error,35.753700769710726
0.9,187,0,tPCA_error,30.410317985404472
0.9,188,0,tPCA_error,66.97134458718534
0.9,189,0,tPCA_error,48.28134636637289
0.9,190,0,tPCA_error,48.00056534057521
0.9,191,0,tPCA_error,45.65471827361078
0.9,192,0,tPCA_error,47.06087301429814
0.9,193,0,tPCA_error,38.01402109051565
0.9,194,0,tPCA_error,72.950107772382
0.9,195,0,tPCA_error,105.80920173594089
0.9,196,0,tPCA_error,105.5271481856167
0.9,197,0,tPCA_error,52.519397165227446
0.9,198,0,tPCA_error,42.84528234670302
0.9,199,0,tPCA_error,36.70911355022882
0.9,200,0,tPCA_error,58.436378371062425
0.9,201,0,tPCA_error,25.735176315813014
0.9,202,0,tPCA_error,29.452502235448296
0.9,203,0,tPCA_error,64.80268862949427
0.9,204,0,tPCA_error,29.35718459940572
0.9,205,0,tPCA_error,45.21597958346327
0.9,206,0,tPCA_error,28.80755939442892
0.9,207,0,tPCA_error,33.548987068280375
0.9,208,0,tPCA_error,34.11053437112447
0.9,209,0,tPCA_error,55.456707102414285
0.9,210,0,tPCA_error,58.598047788993675
0.9,211,0,tPCA_error,132.36860516236663
0.9,212,0,tPCA_error,79.0827996992042
0.9,213,0,tPCA_error,47.94316225779693
0.9,214,0,tPCA_error,26.751159126189815
0.9,215,0,tPCA_error,39.346701189323184
0.9,216,0,tPCA_error,64.80235880827591
0.9,217,0,tPCA_error,37.434711319092145
0.9,218,0,tPCA_error,34.785017542724454
0.9,219,0,tPCA_error,26.428627443778687
0.9,220,0,tPCA_error,43.48208505296732
0.9,221,0,tPCA_error,48.970149291496895
0.9,222,0,tPCA_error,42.81103201075553
0.9,223,0,tPCA_error,38.55889721989859
0.9,224,0,tPCA_error,24.83893522095578
0.9,225,0,tPCA_error,65.99096662439887
0.9,226,0,tPCA_error,25.34541975648738
0.9,227,0,tPCA_error,48.756999450547916
0.9,228,0,tPCA_error,33.215660845341056
0.9,229,0,tPCA_error,51.45700613107622
0.9,230,0,tPCA_error,25.42505923633713
0.9,231,0,tPCA_error,37.54424567674385
0.9,232,0,tPCA_error,46.03957289085909
0.9,233,0,tPCA_error,49.81240204394705
0.9,234,0,tPCA_error,34.47414257864076
0.9,235,0,tPCA_error,54.78809799780032
0.9,236,0,tPCA_error,72.64652213725905
0.9,237,0,tPCA_error,41.21446932293204
0.9,238,0,tPCA_error,38.1509023206327
0.9,239,0,tPCA_error,45.928172478874366
0.9,240,0,tPCA_error,34.22316203564596
0.9,241,0,tPCA_error,66.06435847834449
0.9,242,0,tPCA_error,25.164617018191386
0.9,243,0,tPCA_error,42.02093686534075
0.9,244,0,tPCA_error,68.52452862015453
0.9,245,0,tPCA_error,38.45078551638479
0.9,246,0,tPCA_error,168.20936763741176
0.9,247,0,tPCA_error,46.309904497273564
0.9,248,0,tPCA_error,51.27421309072032
0.9,249,0,tPCA_error,50.17921844376204
0.9,250,0,tPCA_error,32.8688156464292
0.9,251,0,tPCA_error,31.482164376612293
0.9,252,0,tPCA_error,40.173732840752386
0.9,253,0,tPCA_error,39.78304282650768
0.9,254,0,tPCA_error,42.82570301090272
0.9,255,0,tPCA_error,32.46589504953063
0.9,256,0,tPCA_error,64.68259777047227
0.9,257,0,tPCA_error,34.802998229490925
0.9,258,0,tPCA_error,42.50056078281373
0.9,259,0,tPCA_error,79.11176292913824
0.9,260,0,tPCA_error,45.362272398396904
0.9,261,0,tPCA_error,26.431772121890337
0.9,262,0,tPCA_error,80.59980224168409
0.9,263,0,tPCA_error,66.48634505463626
0.9,264,0,tPCA_error,27.249754707017747
0.9,265,0,tPCA_error,65.6433877523256
0.9,266,0,tPCA_error,124.58444423815338
0.9,267,0,tPCA_error,31.142048985607328
0.9,268,0,tPCA_error,65.55936608705676
0.9,269,0,tPCA_error,43.18731619196557
0.9,270,0,tPCA_error,57.80237095066131
0.9,271,0,tPCA_error,47.47470586478756
0.9,272,0,tPCA_error,33.44096594372784
0.9,273,0,tPCA_error,28.559373569976263
0.9,274,0,tPCA_error,43.43022798239586
0.9,275,0,tPCA_error,49.74715462096706
0.9,276,0,tPCA_error,46.945374407335805
0.9,277,0,tPCA_error,35.306459041796764
0.9,278,0,tPCA_error,36.824553529824854
0.9,279,0,tPCA_error,33.53422244502398
0.9,280,0,tPCA_error,26.72934167458951
0.9,281,0,tPCA_error,41.62912081292123
0.9,282,0,tPCA_error,56.307959101200424
0.9,283,0,tPCA_error,35.675210668040634
0.9,284,0,tPCA_error,27.578957777897063
0.9,285,0,tPCA_error,82.16700759293602
0.9,286,0,tPCA_error,43.37680554051671
0.9,287,0,tPCA_error,133.90515069673688
0.9,288,0,tPCA_error,40.56229523996088
0.9,289,0,tPCA_error,50.007158317393746
0.9,290,0,tPCA_error,88.13511144517965
0.9,291,0,tPCA_error,29.727556946375973
0.9,292,0,tPCA_error,37.289353382399234
0.9,293,0,tPCA_error,24.880997911465112
0.9,294,0,tPCA_error,28.903365148630254
0.9,295,0,tPCA_error,36.189989978636916
0.9,296,0,tPCA_error,36.80563120434442
0.9,297,0,tPCA_error,24.391716194889163
0.9,298,0,tPCA_error,64.31484239928163
0.9,299,0,tPCA_error,44.14820903026952
