2025-01-07 11:57:40,412 20392 DEBUG Starting code with parameters {'repetitions': 1, 'range_dict': {'ranges': [{'start': 8, 'stop': 60}, {'start': 12, 'stop': 12}, {'start': 50, 'stop': 50}], 'n_vals': 2}, 'noise_scale': 1, 'max_horizon': 6, 'dgp': 'package.dgp_classes.base_F_AR_DGP', 'dgp_kwargs': [{'n_factors': 2, 'lags': 1, 'ar_coefficients': [[0.8, 0.5]]}], 'workers': 8}.
2025-01-07 11:57:40,412 20392 DEBUG We have 8 workers available to us.
2025-01-07 11:57:40,412 20392 DEBUG Starting the simulation
2025-01-19 08:26:31,327 21752 DEBUG Starting code with parameters {'repetitions': 150, 'range_dict': {'ranges': [{'start': 8, 'stop': 60}, {'start': 12, 'stop': 12}, {'start': 50, 'stop': 50}], 'n_vals': 4}, 'noise_scale': 1, 'max_horizon': 6, 'dgp': 'package.dgp_classes.base_F_AR_DGP', 'dgp_kwargs': [{'n_factors': 2, 'lags': 1, 'ar_coefficients': [[0.8, 0.5]]}], 'workers': 8}.
2025-01-19 08:26:31,327 21752 DEBUG We have 8 workers available to us.
2025-01-19 08:26:31,328 21752 DEBUG Starting the simulation
2025-01-19 08:26:31,334 21752 DEBUG Simulating forecast with (8, 12, 50) (T,I,J), rep 0
2025-01-19 08:26:31,464 21752 DEBUG Simulating forecast with (8, 12, 50) (T,I,J), rep 1
2025-01-19 08:26:31,525 21752 DEBUG Simulating forecast with (8, 12, 50) (T,I,J), rep 2
2025-01-19 08:26:31,583 21752 DEBUG Simulating forecast with (8, 12, 50) (T,I,J), rep 3
2025-01-19 08:26:31,640 21752 DEBUG Simulating forecast with (8, 12, 50) (T,I,J), rep 4
2025-01-19 08:26:31,704 21752 DEBUG Simulating forecast with (8, 12, 50) (T,I,J), rep 5
2025-01-19 08:26:31,769 21752 DEBUG Simulating forecast with (8, 12, 50) (T,I,J), rep 6
2025-01-19 08:26:31,849 21752 DEBUG Simulating forecast with (8, 12, 50) (T,I,J), rep 7
2025-01-19 08:26:31,894 21752 DEBUG Simulating forecast with (8, 12, 50) (T,I,J), rep 8
2025-01-19 08:26:31,948 21752 DEBUG Simulating forecast with (8, 12, 50) (T,I,J), rep 9
2025-01-19 08:26:32,020 21752 DEBUG Simulating forecast with (8, 12, 50) (T,I,J), rep 10
2025-01-19 08:26:32,080 21752 DEBUG Simulating forecast with (8, 12, 50) (T,I,J), rep 11
2025-01-19 08:26:32,139 21752 DEBUG Simulating forecast with (8, 12, 50) (T,I,J), rep 12
2025-01-19 08:26:32,237 21752 DEBUG Simulating forecast with (8, 12, 50) (T,I,J), rep 13
2025-01-19 08:26:32,300 21752 DEBUG Simulating forecast with (8, 12, 50) (T,I,J), rep 14
2025-01-19 08:26:32,353 21752 DEBUG Simulating forecast with (8, 12, 50) (T,I,J), rep 15
2025-01-19 08:26:32,416 21752 DEBUG Simulating forecast with (8, 12, 50) (T,I,J), rep 16
2025-01-19 08:26:32,485 21752 DEBUG Simulating forecast with (8, 12, 50) (T,I,J), rep 17
2025-01-19 08:26:32,562 21752 DEBUG Simulating forecast with (8, 12, 50) (T,I,J), rep 18
2025-01-19 08:26:32,624 21752 DEBUG Simulating forecast with (8, 12, 50) (T,I,J), rep 19
2025-01-19 08:26:32,691 21752 DEBUG Simulating forecast with (8, 12, 50) (T,I,J), rep 20
2025-01-19 08:26:32,798 21752 DEBUG Simulating forecast with (8, 12, 50) (T,I,J), rep 21
2025-01-19 08:26:32,859 21752 DEBUG Simulating forecast with (8, 12, 50) (T,I,J), rep 22
2025-01-19 08:26:32,918 21752 DEBUG Simulating forecast with (8, 12, 50) (T,I,J), rep 23
2025-01-19 08:26:33,027 21752 DEBUG Simulating forecast with (8, 12, 50) (T,I,J), rep 24
2025-01-19 08:26:33,112 21752 DEBUG Simulating forecast with (8, 12, 50) (T,I,J), rep 25
2025-01-19 08:26:33,196 21752 DEBUG Simulating forecast with (8, 12, 50) (T,I,J), rep 26
2025-01-19 08:26:33,263 21752 DEBUG Simulating forecast with (8, 12, 50) (T,I,J), rep 27
2025-01-19 08:26:33,318 21752 DEBUG Simulating forecast with (8, 12, 50) (T,I,J), rep 28
2025-01-19 08:26:33,382 21752 DEBUG Simulating forecast with (8, 12, 50) (T,I,J), rep 29
2025-01-19 08:26:33,462 21752 DEBUG Simulating forecast with (8, 12, 50) (T,I,J), rep 30
2025-01-19 08:26:33,556 21752 DEBUG Simulating forecast with (8, 12, 50) (T,I,J), rep 31
2025-01-19 08:26:33,687 21752 DEBUG Simulating forecast with (8, 12, 50) (T,I,J), rep 32
2025-01-19 08:26:33,739 21752 DEBUG Simulating forecast with (8, 12, 50) (T,I,J), rep 33
2025-01-19 08:26:33,835 21752 DEBUG Simulating forecast with (8, 12, 50) (T,I,J), rep 34
2025-01-19 08:26:33,943 21752 DEBUG Simulating forecast with (8, 12, 50) (T,I,J), rep 35
2025-01-19 08:26:34,023 21752 DEBUG Simulating forecast with (8, 12, 50) (T,I,J), rep 36
2025-01-19 08:26:34,098 21752 DEBUG Simulating forecast with (8, 12, 50) (T,I,J), rep 37
2025-01-19 08:26:34,182 21752 DEBUG Simulating forecast with (8, 12, 50) (T,I,J), rep 38
2025-01-19 08:26:34,246 21752 DEBUG Simulating forecast with (8, 12, 50) (T,I,J), rep 39
2025-01-19 08:26:34,326 21752 DEBUG Simulating forecast with (8, 12, 50) (T,I,J), rep 40
2025-01-19 08:26:34,377 21752 DEBUG Simulating forecast with (8, 12, 50) (T,I,J), rep 41
2025-01-19 08:26:34,426 21752 DEBUG Simulating forecast with (8, 12, 50) (T,I,J), rep 42
2025-01-19 08:26:34,479 21752 DEBUG Simulating forecast with (8, 12, 50) (T,I,J), rep 43
2025-01-19 08:26:34,538 21752 DEBUG Simulating forecast with (8, 12, 50) (T,I,J), rep 44
2025-01-19 08:26:34,597 21752 DEBUG Simulating forecast with (8, 12, 50) (T,I,J), rep 45
2025-01-19 08:26:34,673 21752 DEBUG Simulating forecast with (8, 12, 50) (T,I,J), rep 46
2025-01-19 08:26:34,742 21752 DEBUG Simulating forecast with (8, 12, 50) (T,I,J), rep 47
2025-01-19 08:26:34,808 21752 DEBUG Simulating forecast with (8, 12, 50) (T,I,J), rep 48
2025-01-19 08:26:34,864 21752 DEBUG Simulating forecast with (8, 12, 50) (T,I,J), rep 49
2025-01-19 08:26:34,924 21752 DEBUG Simulating forecast with (8, 12, 50) (T,I,J), rep 50
2025-01-19 08:26:34,991 21752 DEBUG Simulating forecast with (8, 12, 50) (T,I,J), rep 51
2025-01-19 08:26:35,069 21752 DEBUG Simulating forecast with (8, 12, 50) (T,I,J), rep 52
2025-01-19 08:26:35,137 21752 DEBUG Simulating forecast with (8, 12, 50) (T,I,J), rep 53
2025-01-19 08:26:35,216 21752 DEBUG Simulating forecast with (8, 12, 50) (T,I,J), rep 54
2025-01-19 08:26:35,283 21752 DEBUG Simulating forecast with (8, 12, 50) (T,I,J), rep 55
2025-01-19 08:26:35,410 21752 DEBUG Simulating forecast with (8, 12, 50) (T,I,J), rep 56
2025-01-19 08:26:35,520 21752 DEBUG Simulating forecast with (8, 12, 50) (T,I,J), rep 57
2025-01-19 08:26:35,578 21752 DEBUG Simulating forecast with (8, 12, 50) (T,I,J), rep 58
2025-01-19 08:26:35,648 21752 DEBUG Simulating forecast with (8, 12, 50) (T,I,J), rep 59
2025-01-19 08:26:35,717 21752 DEBUG Simulating forecast with (8, 12, 50) (T,I,J), rep 60
2025-01-19 08:26:35,786 21752 DEBUG Simulating forecast with (8, 12, 50) (T,I,J), rep 61
2025-01-19 08:26:35,913 21752 DEBUG Simulating forecast with (8, 12, 50) (T,I,J), rep 62
2025-01-19 08:26:35,962 21752 DEBUG Simulating forecast with (8, 12, 50) (T,I,J), rep 63
2025-01-19 08:26:36,022 21752 DEBUG Simulating forecast with (8, 12, 50) (T,I,J), rep 64
2025-01-19 08:26:36,090 21752 DEBUG Simulating forecast with (8, 12, 50) (T,I,J), rep 65
2025-01-19 08:26:36,144 21752 DEBUG Simulating forecast with (8, 12, 50) (T,I,J), rep 66
2025-01-19 08:26:36,203 21752 DEBUG Simulating forecast with (8, 12, 50) (T,I,J), rep 67
2025-01-19 08:26:36,253 21752 DEBUG Simulating forecast with (8, 12, 50) (T,I,J), rep 68
2025-01-19 08:26:36,310 21752 DEBUG Simulating forecast with (8, 12, 50) (T,I,J), rep 69
2025-01-19 08:26:36,383 21752 DEBUG Simulating forecast with (8, 12, 50) (T,I,J), rep 70
2025-01-19 08:26:36,448 21752 DEBUG Simulating forecast with (8, 12, 50) (T,I,J), rep 71
2025-01-19 08:26:36,521 21752 DEBUG Simulating forecast with (8, 12, 50) (T,I,J), rep 72
2025-01-19 08:26:36,639 21752 DEBUG Simulating forecast with (8, 12, 50) (T,I,J), rep 73
2025-01-19 08:26:36,702 21752 DEBUG Simulating forecast with (8, 12, 50) (T,I,J), rep 74
2025-01-19 08:26:36,756 21752 DEBUG Simulating forecast with (8, 12, 50) (T,I,J), rep 75
2025-01-19 08:26:36,807 21752 DEBUG Simulating forecast with (8, 12, 50) (T,I,J), rep 76
2025-01-19 08:26:36,870 21752 DEBUG Simulating forecast with (8, 12, 50) (T,I,J), rep 77
2025-01-19 08:26:36,936 21752 DEBUG Simulating forecast with (8, 12, 50) (T,I,J), rep 78
2025-01-19 08:26:37,014 21752 DEBUG Simulating forecast with (8, 12, 50) (T,I,J), rep 79
2025-01-19 08:26:37,165 21752 DEBUG Simulating forecast with (8, 12, 50) (T,I,J), rep 80
2025-01-19 08:26:37,227 21752 DEBUG Simulating forecast with (8, 12, 50) (T,I,J), rep 81
2025-01-19 08:26:37,299 21752 DEBUG Simulating forecast with (8, 12, 50) (T,I,J), rep 82
2025-01-19 08:26:37,348 21752 DEBUG Simulating forecast with (8, 12, 50) (T,I,J), rep 83
2025-01-19 08:26:37,406 21752 DEBUG Simulating forecast with (8, 12, 50) (T,I,J), rep 84
2025-01-19 08:26:37,519 21752 DEBUG Simulating forecast with (8, 12, 50) (T,I,J), rep 85
2025-01-19 08:26:37,605 21752 DEBUG Simulating forecast with (8, 12, 50) (T,I,J), rep 86
2025-01-19 08:26:37,671 21752 DEBUG Simulating forecast with (8, 12, 50) (T,I,J), rep 87
2025-01-19 08:26:37,723 21752 DEBUG Simulating forecast with (8, 12, 50) (T,I,J), rep 88
2025-01-19 08:26:37,785 21752 DEBUG Simulating forecast with (8, 12, 50) (T,I,J), rep 89
2025-01-19 08:26:37,867 21752 DEBUG Simulating forecast with (8, 12, 50) (T,I,J), rep 90
2025-01-19 08:26:37,935 21752 DEBUG Simulating forecast with (8, 12, 50) (T,I,J), rep 91
2025-01-19 08:26:38,020 21752 DEBUG Simulating forecast with (8, 12, 50) (T,I,J), rep 92
2025-01-19 08:26:38,081 21752 DEBUG Simulating forecast with (8, 12, 50) (T,I,J), rep 93
2025-01-19 08:26:38,134 21752 DEBUG Simulating forecast with (8, 12, 50) (T,I,J), rep 94
2025-01-19 08:26:38,208 21752 DEBUG Simulating forecast with (8, 12, 50) (T,I,J), rep 95
2025-01-19 08:26:38,267 21752 DEBUG Simulating forecast with (8, 12, 50) (T,I,J), rep 96
2025-01-19 08:26:38,333 21752 DEBUG Simulating forecast with (8, 12, 50) (T,I,J), rep 97
2025-01-19 08:26:38,391 21752 DEBUG Simulating forecast with (8, 12, 50) (T,I,J), rep 98
2025-01-19 08:26:38,444 21752 DEBUG Simulating forecast with (8, 12, 50) (T,I,J), rep 99
2025-01-19 08:26:38,503 21752 DEBUG Simulating forecast with (8, 12, 50) (T,I,J), rep 100
2025-01-19 08:26:38,577 21752 DEBUG Simulating forecast with (8, 12, 50) (T,I,J), rep 101
2025-01-19 08:26:38,703 21752 DEBUG Simulating forecast with (8, 12, 50) (T,I,J), rep 102
2025-01-19 08:26:38,773 21752 DEBUG Simulating forecast with (8, 12, 50) (T,I,J), rep 103
2025-01-19 08:26:38,829 21752 DEBUG Simulating forecast with (8, 12, 50) (T,I,J), rep 104
2025-01-19 08:26:38,898 21752 DEBUG Simulating forecast with (8, 12, 50) (T,I,J), rep 105
2025-01-19 08:26:38,970 21752 DEBUG Simulating forecast with (8, 12, 50) (T,I,J), rep 106
2025-01-19 08:26:39,049 21752 DEBUG Simulating forecast with (8, 12, 50) (T,I,J), rep 107
2025-01-19 08:26:39,109 21752 DEBUG Simulating forecast with (8, 12, 50) (T,I,J), rep 108
2025-01-19 08:26:39,173 21752 DEBUG Simulating forecast with (8, 12, 50) (T,I,J), rep 109
2025-01-19 08:26:39,240 21752 DEBUG Simulating forecast with (8, 12, 50) (T,I,J), rep 110
2025-01-19 08:26:39,301 21752 DEBUG Simulating forecast with (8, 12, 50) (T,I,J), rep 111
2025-01-19 08:26:39,377 21752 DEBUG Simulating forecast with (8, 12, 50) (T,I,J), rep 112
2025-01-19 08:26:39,453 21752 DEBUG Simulating forecast with (8, 12, 50) (T,I,J), rep 113
2025-01-19 08:26:39,541 21752 DEBUG Simulating forecast with (8, 12, 50) (T,I,J), rep 114
2025-01-19 08:26:39,616 21752 DEBUG Simulating forecast with (8, 12, 50) (T,I,J), rep 115
2025-01-19 08:26:39,713 21752 DEBUG Simulating forecast with (8, 12, 50) (T,I,J), rep 116
2025-01-19 08:26:39,785 21752 DEBUG Simulating forecast with (8, 12, 50) (T,I,J), rep 117
2025-01-19 08:26:39,833 21752 DEBUG Simulating forecast with (8, 12, 50) (T,I,J), rep 118
2025-01-19 08:26:39,914 21752 DEBUG Simulating forecast with (8, 12, 50) (T,I,J), rep 119
2025-01-19 08:26:39,962 21752 DEBUG Simulating forecast with (8, 12, 50) (T,I,J), rep 120
2025-01-19 08:26:40,043 21752 DEBUG Simulating forecast with (8, 12, 50) (T,I,J), rep 121
2025-01-19 08:26:40,104 21752 DEBUG Simulating forecast with (8, 12, 50) (T,I,J), rep 122
2025-01-19 08:26:40,171 21752 DEBUG Simulating forecast with (8, 12, 50) (T,I,J), rep 123
2025-01-19 08:26:40,247 21752 DEBUG Simulating forecast with (8, 12, 50) (T,I,J), rep 124
2025-01-19 08:26:40,321 21752 DEBUG Simulating forecast with (8, 12, 50) (T,I,J), rep 125
2025-01-19 08:26:40,386 21752 DEBUG Simulating forecast with (8, 12, 50) (T,I,J), rep 126
2025-01-19 08:26:40,461 21752 DEBUG Simulating forecast with (8, 12, 50) (T,I,J), rep 127
2025-01-19 08:26:40,519 21752 DEBUG Simulating forecast with (8, 12, 50) (T,I,J), rep 128
2025-01-19 08:26:40,633 21752 DEBUG Simulating forecast with (8, 12, 50) (T,I,J), rep 129
2025-01-19 08:26:40,697 21752 DEBUG Simulating forecast with (8, 12, 50) (T,I,J), rep 130
2025-01-19 08:26:40,753 21752 DEBUG Simulating forecast with (8, 12, 50) (T,I,J), rep 131
2025-01-19 08:26:40,836 21752 DEBUG Simulating forecast with (8, 12, 50) (T,I,J), rep 132
2025-01-19 08:26:40,910 21752 DEBUG Simulating forecast with (8, 12, 50) (T,I,J), rep 133
2025-01-19 08:26:40,973 21752 DEBUG Simulating forecast with (8, 12, 50) (T,I,J), rep 134
2025-01-19 08:26:41,051 21752 DEBUG Simulating forecast with (8, 12, 50) (T,I,J), rep 135
2025-01-19 08:26:41,100 21752 DEBUG Simulating forecast with (8, 12, 50) (T,I,J), rep 136
2025-01-19 08:26:41,162 21752 DEBUG Simulating forecast with (8, 12, 50) (T,I,J), rep 137
2025-01-19 08:26:41,245 21752 DEBUG Simulating forecast with (8, 12, 50) (T,I,J), rep 138
2025-01-19 08:26:41,302 21752 DEBUG Simulating forecast with (8, 12, 50) (T,I,J), rep 139
2025-01-19 08:26:41,366 21752 DEBUG Simulating forecast with (8, 12, 50) (T,I,J), rep 140
2025-01-19 08:26:41,418 21752 DEBUG Simulating forecast with (8, 12, 50) (T,I,J), rep 141
2025-01-19 08:26:41,477 21752 DEBUG Simulating forecast with (8, 12, 50) (T,I,J), rep 142
2025-01-19 08:26:41,574 21752 DEBUG Simulating forecast with (8, 12, 50) (T,I,J), rep 143
2025-01-19 08:26:41,626 21752 DEBUG Simulating forecast with (8, 12, 50) (T,I,J), rep 144
2025-01-19 08:26:41,682 21752 DEBUG Simulating forecast with (8, 12, 50) (T,I,J), rep 145
2025-01-19 08:26:41,751 21752 DEBUG Simulating forecast with (8, 12, 50) (T,I,J), rep 146
2025-01-19 08:26:41,820 21752 DEBUG Simulating forecast with (8, 12, 50) (T,I,J), rep 147
2025-01-19 08:26:41,872 21752 DEBUG Simulating forecast with (8, 12, 50) (T,I,J), rep 148
2025-01-19 08:26:42,070 21752 DEBUG Simulating forecast with (8, 12, 50) (T,I,J), rep 149
2025-01-19 08:26:42,138 21752 DEBUG Simulating forecast with (25, 12, 50) (T,I,J), rep 0
2025-01-19 08:26:42,404 21752 DEBUG Simulating forecast with (25, 12, 50) (T,I,J), rep 1
2025-01-19 08:26:42,532 21752 DEBUG Simulating forecast with (25, 12, 50) (T,I,J), rep 2
2025-01-19 08:26:42,665 21752 DEBUG Simulating forecast with (25, 12, 50) (T,I,J), rep 3
2025-01-19 08:26:42,808 21752 DEBUG Simulating forecast with (25, 12, 50) (T,I,J), rep 4
2025-01-19 08:26:42,952 21752 DEBUG Simulating forecast with (25, 12, 50) (T,I,J), rep 5
2025-01-19 08:26:43,090 21752 DEBUG Simulating forecast with (25, 12, 50) (T,I,J), rep 6
2025-01-19 08:26:43,217 21752 DEBUG Simulating forecast with (25, 12, 50) (T,I,J), rep 7
2025-01-19 08:26:43,369 21752 DEBUG Simulating forecast with (25, 12, 50) (T,I,J), rep 8
2025-01-19 08:26:43,530 21752 DEBUG Simulating forecast with (25, 12, 50) (T,I,J), rep 9
2025-01-19 08:26:43,747 21752 DEBUG Simulating forecast with (25, 12, 50) (T,I,J), rep 10
2025-01-19 08:26:43,909 21752 DEBUG Simulating forecast with (25, 12, 50) (T,I,J), rep 11
2025-01-19 08:26:44,073 21752 DEBUG Simulating forecast with (25, 12, 50) (T,I,J), rep 12
2025-01-19 08:26:44,310 21752 DEBUG Simulating forecast with (25, 12, 50) (T,I,J), rep 13
2025-01-19 08:26:44,487 21752 DEBUG Simulating forecast with (25, 12, 50) (T,I,J), rep 14
2025-01-19 08:26:44,771 21752 DEBUG Simulating forecast with (25, 12, 50) (T,I,J), rep 15
2025-01-19 08:26:44,939 21752 DEBUG Simulating forecast with (25, 12, 50) (T,I,J), rep 16
2025-01-19 08:26:45,120 21752 DEBUG Simulating forecast with (25, 12, 50) (T,I,J), rep 17
2025-01-19 08:26:45,273 21752 DEBUG Simulating forecast with (25, 12, 50) (T,I,J), rep 18
2025-01-19 08:26:45,400 21752 DEBUG Simulating forecast with (25, 12, 50) (T,I,J), rep 19
2025-01-19 08:26:45,711 21752 DEBUG Simulating forecast with (25, 12, 50) (T,I,J), rep 20
2025-01-19 08:26:45,874 21752 DEBUG Simulating forecast with (25, 12, 50) (T,I,J), rep 21
2025-01-19 08:26:45,975 21752 DEBUG Simulating forecast with (25, 12, 50) (T,I,J), rep 22
2025-01-19 08:26:46,238 21752 DEBUG Simulating forecast with (25, 12, 50) (T,I,J), rep 23
2025-01-19 08:26:46,335 21752 DEBUG Simulating forecast with (25, 12, 50) (T,I,J), rep 24
2025-01-19 08:26:46,432 21752 DEBUG Simulating forecast with (25, 12, 50) (T,I,J), rep 25
2025-01-19 08:26:46,639 21752 DEBUG Simulating forecast with (25, 12, 50) (T,I,J), rep 26
2025-01-19 08:26:46,836 21752 DEBUG Simulating forecast with (25, 12, 50) (T,I,J), rep 27
2025-01-19 08:26:46,952 21752 DEBUG Simulating forecast with (25, 12, 50) (T,I,J), rep 28
2025-01-19 08:26:47,055 21752 DEBUG Simulating forecast with (25, 12, 50) (T,I,J), rep 29
2025-01-19 08:26:47,156 21752 DEBUG Simulating forecast with (25, 12, 50) (T,I,J), rep 30
2025-01-19 08:26:47,297 21752 DEBUG Simulating forecast with (25, 12, 50) (T,I,J), rep 31
2025-01-19 08:26:47,429 21752 DEBUG Simulating forecast with (25, 12, 50) (T,I,J), rep 32
2025-01-19 08:26:47,620 21752 DEBUG Simulating forecast with (25, 12, 50) (T,I,J), rep 33
2025-01-19 08:26:47,732 21752 DEBUG Simulating forecast with (25, 12, 50) (T,I,J), rep 34
2025-01-19 08:26:47,872 21752 DEBUG Simulating forecast with (25, 12, 50) (T,I,J), rep 35
2025-01-19 08:26:48,070 21752 DEBUG Simulating forecast with (25, 12, 50) (T,I,J), rep 36
2025-01-19 08:26:48,180 21752 DEBUG Simulating forecast with (25, 12, 50) (T,I,J), rep 37
2025-01-19 08:26:48,328 21752 DEBUG Simulating forecast with (25, 12, 50) (T,I,J), rep 38
2025-01-19 08:26:48,436 21752 DEBUG Simulating forecast with (25, 12, 50) (T,I,J), rep 39
2025-01-19 08:26:48,744 21752 DEBUG Simulating forecast with (25, 12, 50) (T,I,J), rep 40
2025-01-19 08:26:48,836 21752 DEBUG Simulating forecast with (25, 12, 50) (T,I,J), rep 41
2025-01-19 08:26:48,936 21752 DEBUG Simulating forecast with (25, 12, 50) (T,I,J), rep 42
2025-01-19 08:26:49,444 21752 DEBUG Simulating forecast with (25, 12, 50) (T,I,J), rep 43
2025-01-19 08:26:49,560 21752 DEBUG Simulating forecast with (25, 12, 50) (T,I,J), rep 44
2025-01-19 08:26:49,739 21752 DEBUG Simulating forecast with (25, 12, 50) (T,I,J), rep 45
2025-01-19 08:26:49,889 21752 DEBUG Simulating forecast with (25, 12, 50) (T,I,J), rep 46
2025-01-19 08:26:50,007 21752 DEBUG Simulating forecast with (25, 12, 50) (T,I,J), rep 47
2025-01-19 08:26:50,182 21752 DEBUG Simulating forecast with (25, 12, 50) (T,I,J), rep 48
2025-01-19 08:26:50,314 21752 DEBUG Simulating forecast with (25, 12, 50) (T,I,J), rep 49
2025-01-19 08:26:50,414 21752 DEBUG Simulating forecast with (25, 12, 50) (T,I,J), rep 50
2025-01-19 08:26:50,524 21752 DEBUG Simulating forecast with (25, 12, 50) (T,I,J), rep 51
2025-01-19 08:26:50,675 21752 DEBUG Simulating forecast with (25, 12, 50) (T,I,J), rep 52
2025-01-19 08:26:50,837 21752 DEBUG Simulating forecast with (25, 12, 50) (T,I,J), rep 53
2025-01-19 08:26:50,966 21752 DEBUG Simulating forecast with (25, 12, 50) (T,I,J), rep 54
2025-01-19 08:26:51,096 21752 DEBUG Simulating forecast with (25, 12, 50) (T,I,J), rep 55
2025-01-19 08:26:51,181 21752 DEBUG Simulating forecast with (25, 12, 50) (T,I,J), rep 56
2025-01-19 08:26:51,349 21752 DEBUG Simulating forecast with (25, 12, 50) (T,I,J), rep 57
2025-01-19 08:26:51,517 21752 DEBUG Simulating forecast with (25, 12, 50) (T,I,J), rep 58
2025-01-19 08:26:51,678 21752 DEBUG Simulating forecast with (25, 12, 50) (T,I,J), rep 59
2025-01-19 08:26:51,853 21752 DEBUG Simulating forecast with (25, 12, 50) (T,I,J), rep 60
2025-01-19 08:26:52,035 21752 DEBUG Simulating forecast with (25, 12, 50) (T,I,J), rep 61
2025-01-19 08:26:52,232 21752 DEBUG Simulating forecast with (25, 12, 50) (T,I,J), rep 62
2025-01-19 08:26:52,422 21752 DEBUG Simulating forecast with (25, 12, 50) (T,I,J), rep 63
2025-01-19 08:26:52,657 21752 DEBUG Simulating forecast with (25, 12, 50) (T,I,J), rep 64
2025-01-19 08:26:52,892 21752 DEBUG Simulating forecast with (25, 12, 50) (T,I,J), rep 65
2025-01-19 08:26:53,036 21752 DEBUG Simulating forecast with (25, 12, 50) (T,I,J), rep 66
2025-01-19 08:26:53,257 21752 DEBUG Simulating forecast with (25, 12, 50) (T,I,J), rep 67
2025-01-19 08:26:53,371 21752 DEBUG Simulating forecast with (25, 12, 50) (T,I,J), rep 68
2025-01-19 08:26:53,641 21752 DEBUG Simulating forecast with (25, 12, 50) (T,I,J), rep 69
2025-01-19 08:26:54,082 21752 DEBUG Simulating forecast with (25, 12, 50) (T,I,J), rep 70
2025-01-19 08:26:54,256 21752 DEBUG Simulating forecast with (25, 12, 50) (T,I,J), rep 71
2025-01-19 08:26:54,420 21752 DEBUG Simulating forecast with (25, 12, 50) (T,I,J), rep 72
2025-01-19 08:26:54,511 21752 DEBUG Simulating forecast with (25, 12, 50) (T,I,J), rep 73
2025-01-19 08:26:54,748 21752 DEBUG Simulating forecast with (25, 12, 50) (T,I,J), rep 74
2025-01-19 08:26:54,908 21752 DEBUG Simulating forecast with (25, 12, 50) (T,I,J), rep 75
2025-01-19 08:26:55,212 21752 DEBUG Simulating forecast with (25, 12, 50) (T,I,J), rep 76
2025-01-19 08:26:55,420 21752 DEBUG Simulating forecast with (25, 12, 50) (T,I,J), rep 77
2025-01-19 08:26:55,429 11064 DEBUG Starting code with parameters {'repetitions': 150, 'range_dict': {'ranges': [{'start': 8, 'stop': 60}, {'start': 12, 'stop': 12}, {'start': 50, 'stop': 50}], 'n_vals': 4}, 'noise_scale': 1, 'max_horizon': 6, 'dgp': 'package.dgp_classes.base_F_AR_DGP', 'dgp_kwargs': [{'n_factors': 2, 'lags': 1, 'ar_coefficients': [[0.8, 0.5]]}], 'workers': 8}.
2025-01-19 08:26:55,430 11064 DEBUG We have 8 workers available to us.
2025-01-19 08:26:55,430 11064 DEBUG Starting the simulation
2025-01-19 08:26:55,436 11064 DEBUG Simulating forecast with (8, 12, 50) (T,I,J), rep 0
2025-01-19 08:26:55,560 21752 DEBUG Simulating forecast with (25, 12, 50) (T,I,J), rep 78
2025-01-19 08:26:55,677 21752 DEBUG Simulating forecast with (25, 12, 50) (T,I,J), rep 79
2025-01-19 08:26:55,825 21752 DEBUG Simulating forecast with (25, 12, 50) (T,I,J), rep 80
2025-01-19 08:26:55,954 21752 DEBUG Simulating forecast with (25, 12, 50) (T,I,J), rep 81
2025-01-19 08:26:56,159 21752 DEBUG Simulating forecast with (25, 12, 50) (T,I,J), rep 82
2025-01-19 08:26:56,304 21752 DEBUG Simulating forecast with (25, 12, 50) (T,I,J), rep 83
2025-01-19 08:26:56,437 21752 DEBUG Simulating forecast with (25, 12, 50) (T,I,J), rep 84
2025-01-19 08:26:56,528 21752 DEBUG Simulating forecast with (25, 12, 50) (T,I,J), rep 85
2025-01-19 08:26:56,655 21752 DEBUG Simulating forecast with (25, 12, 50) (T,I,J), rep 86
2025-01-19 08:26:56,775 21752 DEBUG Simulating forecast with (25, 12, 50) (T,I,J), rep 87
2025-01-19 08:26:56,867 21752 DEBUG Simulating forecast with (25, 12, 50) (T,I,J), rep 88
2025-01-19 08:26:57,060 21752 DEBUG Simulating forecast with (25, 12, 50) (T,I,J), rep 89
2025-01-19 08:26:57,140 21752 DEBUG Simulating forecast with (25, 12, 50) (T,I,J), rep 90
2025-01-19 08:26:57,652 21752 DEBUG Simulating forecast with (25, 12, 50) (T,I,J), rep 91
2025-01-19 08:26:57,793 21752 DEBUG Simulating forecast with (25, 12, 50) (T,I,J), rep 92
2025-01-19 08:26:57,913 21752 DEBUG Simulating forecast with (25, 12, 50) (T,I,J), rep 93
2025-01-19 08:26:58,088 21752 DEBUG Simulating forecast with (25, 12, 50) (T,I,J), rep 94
2025-01-19 08:26:58,277 21752 DEBUG Simulating forecast with (25, 12, 50) (T,I,J), rep 95
2025-01-19 08:26:58,380 21752 DEBUG Simulating forecast with (25, 12, 50) (T,I,J), rep 96
2025-01-19 08:26:58,513 21752 DEBUG Simulating forecast with (25, 12, 50) (T,I,J), rep 97
2025-01-19 08:26:58,648 21752 DEBUG Simulating forecast with (25, 12, 50) (T,I,J), rep 98
2025-01-19 08:26:58,763 21752 DEBUG Simulating forecast with (25, 12, 50) (T,I,J), rep 99
2025-01-19 08:26:58,896 21752 DEBUG Simulating forecast with (25, 12, 50) (T,I,J), rep 100
2025-01-19 08:26:59,027 21752 DEBUG Simulating forecast with (25, 12, 50) (T,I,J), rep 101
2025-01-19 08:26:59,111 21752 DEBUG Simulating forecast with (25, 12, 50) (T,I,J), rep 102
2025-01-19 08:26:59,203 21752 DEBUG Simulating forecast with (25, 12, 50) (T,I,J), rep 103
2025-01-19 08:26:59,388 21752 DEBUG Simulating forecast with (25, 12, 50) (T,I,J), rep 104
2025-01-19 08:26:59,544 21752 DEBUG Simulating forecast with (25, 12, 50) (T,I,J), rep 105
2025-01-19 08:26:59,662 21752 DEBUG Simulating forecast with (25, 12, 50) (T,I,J), rep 106
2025-01-19 08:26:59,814 21752 DEBUG Simulating forecast with (25, 12, 50) (T,I,J), rep 107
2025-01-19 08:26:59,893 21752 DEBUG Simulating forecast with (25, 12, 50) (T,I,J), rep 108
2025-01-19 08:27:00,004 21752 DEBUG Simulating forecast with (25, 12, 50) (T,I,J), rep 109
2025-01-19 08:27:00,145 21752 DEBUG Simulating forecast with (25, 12, 50) (T,I,J), rep 110
2025-01-19 08:27:00,227 21752 DEBUG Simulating forecast with (25, 12, 50) (T,I,J), rep 111
2025-01-19 08:27:00,357 21752 DEBUG Simulating forecast with (25, 12, 50) (T,I,J), rep 112
2025-01-19 08:27:00,591 21752 DEBUG Simulating forecast with (25, 12, 50) (T,I,J), rep 113
2025-01-19 08:27:00,701 21752 DEBUG Simulating forecast with (25, 12, 50) (T,I,J), rep 114
2025-01-19 08:27:00,804 21752 DEBUG Simulating forecast with (25, 12, 50) (T,I,J), rep 115
2025-01-19 08:27:00,947 21752 DEBUG Simulating forecast with (25, 12, 50) (T,I,J), rep 116
2025-01-19 08:27:01,069 21752 DEBUG Simulating forecast with (25, 12, 50) (T,I,J), rep 117
2025-01-19 08:27:01,200 21752 DEBUG Simulating forecast with (25, 12, 50) (T,I,J), rep 118
2025-01-19 08:27:01,333 21752 DEBUG Simulating forecast with (25, 12, 50) (T,I,J), rep 119
2025-01-19 08:27:01,537 21752 DEBUG Simulating forecast with (25, 12, 50) (T,I,J), rep 120
2025-01-19 08:27:01,695 21752 DEBUG Simulating forecast with (25, 12, 50) (T,I,J), rep 121
2025-01-19 08:27:01,782 21752 DEBUG Simulating forecast with (25, 12, 50) (T,I,J), rep 122
2025-01-19 08:27:01,872 21752 DEBUG Simulating forecast with (25, 12, 50) (T,I,J), rep 123
2025-01-19 08:27:02,075 21752 DEBUG Simulating forecast with (25, 12, 50) (T,I,J), rep 124
2025-01-19 08:27:02,247 21752 DEBUG Simulating forecast with (25, 12, 50) (T,I,J), rep 125
2025-01-19 08:27:02,376 21752 DEBUG Simulating forecast with (25, 12, 50) (T,I,J), rep 126
2025-01-19 08:27:02,495 21752 DEBUG Simulating forecast with (25, 12, 50) (T,I,J), rep 127
2025-01-19 08:27:02,707 21752 DEBUG Simulating forecast with (25, 12, 50) (T,I,J), rep 128
2025-01-19 08:27:02,807 21752 DEBUG Simulating forecast with (25, 12, 50) (T,I,J), rep 129
2025-01-19 08:27:02,934 21752 DEBUG Simulating forecast with (25, 12, 50) (T,I,J), rep 130
2025-01-19 08:27:03,104 21752 DEBUG Simulating forecast with (25, 12, 50) (T,I,J), rep 131
2025-01-19 08:27:03,239 21752 DEBUG Simulating forecast with (25, 12, 50) (T,I,J), rep 132
2025-01-19 08:27:03,350 21752 DEBUG Simulating forecast with (25, 12, 50) (T,I,J), rep 133
2025-01-19 08:27:03,476 21752 DEBUG Simulating forecast with (25, 12, 50) (T,I,J), rep 134
2025-01-19 08:27:03,609 21752 DEBUG Simulating forecast with (25, 12, 50) (T,I,J), rep 135
2025-01-19 08:27:03,743 21752 DEBUG Simulating forecast with (25, 12, 50) (T,I,J), rep 136
2025-01-19 08:27:04,123 21752 DEBUG Simulating forecast with (25, 12, 50) (T,I,J), rep 137
2025-01-19 08:27:04,221 21752 DEBUG Simulating forecast with (25, 12, 50) (T,I,J), rep 138
2025-01-19 08:27:04,321 21752 DEBUG Simulating forecast with (25, 12, 50) (T,I,J), rep 139
2025-01-19 08:27:04,566 21752 DEBUG Simulating forecast with (25, 12, 50) (T,I,J), rep 140
2025-01-19 08:27:04,723 21752 DEBUG Simulating forecast with (25, 12, 50) (T,I,J), rep 141
2025-01-19 08:27:04,892 21752 DEBUG Simulating forecast with (25, 12, 50) (T,I,J), rep 142
2025-01-19 08:27:05,022 21752 DEBUG Simulating forecast with (25, 12, 50) (T,I,J), rep 143
2025-01-19 08:27:05,127 21752 DEBUG Simulating forecast with (25, 12, 50) (T,I,J), rep 144
2025-01-19 08:27:05,317 21752 DEBUG Simulating forecast with (25, 12, 50) (T,I,J), rep 145
2025-01-19 08:27:05,456 21752 DEBUG Simulating forecast with (25, 12, 50) (T,I,J), rep 146
2025-01-19 08:27:05,606 21752 DEBUG Simulating forecast with (25, 12, 50) (T,I,J), rep 147
2025-01-19 08:27:05,720 21752 DEBUG Simulating forecast with (25, 12, 50) (T,I,J), rep 148
2025-01-19 08:27:05,826 21752 DEBUG Simulating forecast with (25, 12, 50) (T,I,J), rep 149
2025-01-19 08:27:05,948 21752 DEBUG Simulating forecast with (42, 12, 50) (T,I,J), rep 0
2025-01-19 08:27:06,152 21752 DEBUG Simulating forecast with (42, 12, 50) (T,I,J), rep 1
2025-01-19 08:27:06,408 21752 DEBUG Simulating forecast with (42, 12, 50) (T,I,J), rep 2
2025-01-19 08:27:06,981 21752 DEBUG Simulating forecast with (42, 12, 50) (T,I,J), rep 3
2025-01-19 08:27:07,257 21752 DEBUG Simulating forecast with (42, 12, 50) (T,I,J), rep 4
2025-01-19 08:27:07,576 21752 DEBUG Simulating forecast with (42, 12, 50) (T,I,J), rep 5
2025-01-19 08:27:07,802 21752 DEBUG Simulating forecast with (42, 12, 50) (T,I,J), rep 6
2025-01-19 08:27:08,039 21752 DEBUG Simulating forecast with (42, 12, 50) (T,I,J), rep 7
2025-01-19 08:27:08,368 21752 DEBUG Simulating forecast with (42, 12, 50) (T,I,J), rep 8
2025-01-19 08:27:08,710 21752 DEBUG Simulating forecast with (42, 12, 50) (T,I,J), rep 9
2025-01-19 08:27:09,127 21752 DEBUG Simulating forecast with (42, 12, 50) (T,I,J), rep 10
2025-01-19 08:27:09,351 21752 DEBUG Simulating forecast with (42, 12, 50) (T,I,J), rep 11
2025-01-19 08:27:09,580 21752 DEBUG Simulating forecast with (42, 12, 50) (T,I,J), rep 12
2025-01-19 08:27:09,956 21752 DEBUG Simulating forecast with (42, 12, 50) (T,I,J), rep 13
2025-01-19 08:27:10,199 21752 DEBUG Simulating forecast with (42, 12, 50) (T,I,J), rep 14
2025-01-19 08:27:10,386 21752 DEBUG Simulating forecast with (42, 12, 50) (T,I,J), rep 15
2025-01-19 08:27:10,619 21752 DEBUG Simulating forecast with (42, 12, 50) (T,I,J), rep 16
2025-01-19 08:27:10,973 21752 DEBUG Simulating forecast with (42, 12, 50) (T,I,J), rep 17
2025-01-19 08:27:11,407 21752 DEBUG Simulating forecast with (42, 12, 50) (T,I,J), rep 18
2025-01-19 08:27:11,842 21752 DEBUG Simulating forecast with (42, 12, 50) (T,I,J), rep 19
2025-01-19 08:27:12,149 21752 DEBUG Simulating forecast with (42, 12, 50) (T,I,J), rep 20
2025-01-19 08:27:12,372 21752 DEBUG Simulating forecast with (42, 12, 50) (T,I,J), rep 21
2025-01-19 08:27:12,672 21752 DEBUG Simulating forecast with (42, 12, 50) (T,I,J), rep 22
2025-01-19 08:27:13,083 21752 DEBUG Simulating forecast with (42, 12, 50) (T,I,J), rep 23
2025-01-19 08:27:13,379 21752 DEBUG Simulating forecast with (42, 12, 50) (T,I,J), rep 24
2025-01-19 08:27:13,593 21752 DEBUG Simulating forecast with (42, 12, 50) (T,I,J), rep 25
2025-01-19 08:27:13,831 21752 DEBUG Simulating forecast with (42, 12, 50) (T,I,J), rep 26
2025-01-19 08:27:14,213 21752 DEBUG Simulating forecast with (42, 12, 50) (T,I,J), rep 27
2025-01-19 08:27:14,449 21752 DEBUG Simulating forecast with (42, 12, 50) (T,I,J), rep 28
2025-01-19 08:27:14,747 21752 DEBUG Simulating forecast with (42, 12, 50) (T,I,J), rep 29
2025-01-19 08:27:14,971 21752 DEBUG Simulating forecast with (42, 12, 50) (T,I,J), rep 30
2025-01-19 08:27:15,290 21752 DEBUG Simulating forecast with (42, 12, 50) (T,I,J), rep 31
2025-01-19 08:27:15,592 21752 DEBUG Simulating forecast with (42, 12, 50) (T,I,J), rep 32
2025-01-19 08:27:16,001 21752 DEBUG Simulating forecast with (42, 12, 50) (T,I,J), rep 33
2025-01-19 08:27:16,313 21752 DEBUG Simulating forecast with (42, 12, 50) (T,I,J), rep 34
2025-01-19 08:27:16,598 21752 DEBUG Simulating forecast with (42, 12, 50) (T,I,J), rep 35
2025-01-19 08:27:16,994 21752 DEBUG Simulating forecast with (42, 12, 50) (T,I,J), rep 36
2025-01-19 08:27:17,430 21752 DEBUG Simulating forecast with (42, 12, 50) (T,I,J), rep 37
2025-01-19 08:27:17,652 21752 DEBUG Simulating forecast with (42, 12, 50) (T,I,J), rep 38
2025-01-19 08:27:17,968 21752 DEBUG Simulating forecast with (42, 12, 50) (T,I,J), rep 39
2025-01-19 08:27:18,326 21752 DEBUG Simulating forecast with (42, 12, 50) (T,I,J), rep 40
2025-01-19 08:27:18,677 21752 DEBUG Simulating forecast with (42, 12, 50) (T,I,J), rep 41
2025-01-19 08:27:18,901 21752 DEBUG Simulating forecast with (42, 12, 50) (T,I,J), rep 42
2025-01-19 08:27:19,114 21752 DEBUG Simulating forecast with (42, 12, 50) (T,I,J), rep 43
2025-01-19 08:27:19,433 21752 DEBUG Simulating forecast with (42, 12, 50) (T,I,J), rep 44
2025-01-19 08:27:19,719 21752 DEBUG Simulating forecast with (42, 12, 50) (T,I,J), rep 45
2025-01-19 08:27:19,949 21752 DEBUG Simulating forecast with (42, 12, 50) (T,I,J), rep 46
2025-01-19 08:27:20,555 21752 DEBUG Simulating forecast with (42, 12, 50) (T,I,J), rep 47
2025-01-19 08:27:20,971 21752 DEBUG Simulating forecast with (42, 12, 50) (T,I,J), rep 48
2025-01-19 08:27:21,183 21752 DEBUG Simulating forecast with (42, 12, 50) (T,I,J), rep 49
2025-01-19 08:27:21,447 21752 DEBUG Simulating forecast with (42, 12, 50) (T,I,J), rep 50
2025-01-19 08:27:21,760 21752 DEBUG Simulating forecast with (42, 12, 50) (T,I,J), rep 51
2025-01-19 08:27:22,320 21752 DEBUG Simulating forecast with (42, 12, 50) (T,I,J), rep 52
2025-01-19 08:27:22,818 21752 DEBUG Simulating forecast with (42, 12, 50) (T,I,J), rep 53
2025-01-19 08:27:23,224 21752 DEBUG Simulating forecast with (42, 12, 50) (T,I,J), rep 54
2025-01-19 08:27:23,790 21752 DEBUG Simulating forecast with (42, 12, 50) (T,I,J), rep 55
2025-01-19 08:27:24,263 21752 DEBUG Simulating forecast with (42, 12, 50) (T,I,J), rep 56
2025-01-19 08:27:24,634 21752 DEBUG Simulating forecast with (42, 12, 50) (T,I,J), rep 57
2025-01-19 08:27:24,951 21752 DEBUG Simulating forecast with (42, 12, 50) (T,I,J), rep 58
2025-01-19 08:27:25,277 21752 DEBUG Simulating forecast with (42, 12, 50) (T,I,J), rep 59
2025-01-19 08:27:25,599 21752 DEBUG Simulating forecast with (42, 12, 50) (T,I,J), rep 60
2025-01-19 08:27:25,827 21752 DEBUG Simulating forecast with (42, 12, 50) (T,I,J), rep 61
2025-01-19 08:27:26,099 21752 DEBUG Simulating forecast with (42, 12, 50) (T,I,J), rep 62
2025-01-19 08:27:26,653 21752 DEBUG Simulating forecast with (42, 12, 50) (T,I,J), rep 63
2025-01-19 08:27:27,056 21752 DEBUG Simulating forecast with (42, 12, 50) (T,I,J), rep 64
2025-01-19 08:27:27,294 21752 DEBUG Simulating forecast with (42, 12, 50) (T,I,J), rep 65
2025-01-19 08:27:27,566 21752 DEBUG Simulating forecast with (42, 12, 50) (T,I,J), rep 66
2025-01-19 08:27:28,139 21752 DEBUG Simulating forecast with (42, 12, 50) (T,I,J), rep 67
2025-01-19 08:27:28,466 21752 DEBUG Simulating forecast with (42, 12, 50) (T,I,J), rep 68
2025-01-19 08:27:28,787 21752 DEBUG Simulating forecast with (42, 12, 50) (T,I,J), rep 69
2025-01-19 08:27:29,091 21752 DEBUG Simulating forecast with (42, 12, 50) (T,I,J), rep 70
2025-01-19 08:27:29,298 21752 DEBUG Simulating forecast with (42, 12, 50) (T,I,J), rep 71
2025-01-19 08:27:29,539 21752 DEBUG Simulating forecast with (42, 12, 50) (T,I,J), rep 72
2025-01-19 08:27:29,766 21752 DEBUG Simulating forecast with (42, 12, 50) (T,I,J), rep 73
2025-01-19 08:27:30,250 21752 DEBUG Simulating forecast with (42, 12, 50) (T,I,J), rep 74
2025-01-19 08:27:30,582 21752 DEBUG Simulating forecast with (42, 12, 50) (T,I,J), rep 75
2025-01-19 08:27:30,882 21752 DEBUG Simulating forecast with (42, 12, 50) (T,I,J), rep 76
2025-01-19 08:27:31,263 21752 DEBUG Simulating forecast with (42, 12, 50) (T,I,J), rep 77
2025-01-19 08:27:31,508 21752 DEBUG Simulating forecast with (42, 12, 50) (T,I,J), rep 78
2025-01-19 08:27:31,823 21752 DEBUG Simulating forecast with (42, 12, 50) (T,I,J), rep 79
2025-01-19 08:27:32,010 21752 DEBUG Simulating forecast with (42, 12, 50) (T,I,J), rep 80
2025-01-19 08:27:32,711 21752 DEBUG Simulating forecast with (42, 12, 50) (T,I,J), rep 81
2025-01-19 08:27:32,981 21752 DEBUG Simulating forecast with (42, 12, 50) (T,I,J), rep 82
2025-01-19 08:27:33,344 21752 DEBUG Simulating forecast with (42, 12, 50) (T,I,J), rep 83
2025-01-19 08:27:33,714 21752 DEBUG Simulating forecast with (42, 12, 50) (T,I,J), rep 84
2025-01-19 08:27:34,085 21752 DEBUG Simulating forecast with (42, 12, 50) (T,I,J), rep 85
2025-01-19 08:27:34,309 21752 DEBUG Simulating forecast with (42, 12, 50) (T,I,J), rep 86
2025-01-19 08:27:34,636 21752 DEBUG Simulating forecast with (42, 12, 50) (T,I,J), rep 87
2025-01-19 08:27:34,950 21752 DEBUG Simulating forecast with (42, 12, 50) (T,I,J), rep 88
2025-01-19 08:27:35,248 21752 DEBUG Simulating forecast with (42, 12, 50) (T,I,J), rep 89
2025-01-19 08:27:35,435 21752 DEBUG Simulating forecast with (42, 12, 50) (T,I,J), rep 90
2025-01-19 08:27:36,059 21752 DEBUG Simulating forecast with (42, 12, 50) (T,I,J), rep 91
2025-01-19 08:27:36,340 21752 DEBUG Simulating forecast with (42, 12, 50) (T,I,J), rep 92
2025-01-19 08:27:36,599 21752 DEBUG Simulating forecast with (42, 12, 50) (T,I,J), rep 93
2025-01-19 08:27:36,892 21752 DEBUG Simulating forecast with (42, 12, 50) (T,I,J), rep 94
2025-01-19 08:27:37,153 21752 DEBUG Simulating forecast with (42, 12, 50) (T,I,J), rep 95
2025-01-19 08:27:37,414 21752 DEBUG Simulating forecast with (42, 12, 50) (T,I,J), rep 96
2025-01-19 08:27:37,634 21752 DEBUG Simulating forecast with (42, 12, 50) (T,I,J), rep 97
2025-01-19 08:27:37,946 21752 DEBUG Simulating forecast with (42, 12, 50) (T,I,J), rep 98
2025-01-19 08:27:38,219 21752 DEBUG Simulating forecast with (42, 12, 50) (T,I,J), rep 99
2025-01-19 08:27:38,900 21752 DEBUG Simulating forecast with (42, 12, 50) (T,I,J), rep 100
2025-01-19 08:27:39,221 21752 DEBUG Simulating forecast with (42, 12, 50) (T,I,J), rep 101
2025-01-19 08:27:39,606 21752 DEBUG Simulating forecast with (42, 12, 50) (T,I,J), rep 102
2025-01-19 08:27:39,880 21752 DEBUG Simulating forecast with (42, 12, 50) (T,I,J), rep 103
2025-01-19 08:27:40,100 21752 DEBUG Simulating forecast with (42, 12, 50) (T,I,J), rep 104
2025-01-19 08:27:40,498 21752 DEBUG Simulating forecast with (42, 12, 50) (T,I,J), rep 105
2025-01-19 08:27:40,736 21752 DEBUG Simulating forecast with (42, 12, 50) (T,I,J), rep 106
2025-01-19 08:27:40,939 21752 DEBUG Simulating forecast with (42, 12, 50) (T,I,J), rep 107
2025-01-19 08:27:41,163 21752 DEBUG Simulating forecast with (42, 12, 50) (T,I,J), rep 108
2025-01-19 08:27:41,505 21752 DEBUG Simulating forecast with (42, 12, 50) (T,I,J), rep 109
2025-01-19 08:27:41,777 21752 DEBUG Simulating forecast with (42, 12, 50) (T,I,J), rep 110
2025-01-19 08:27:42,131 21752 DEBUG Simulating forecast with (42, 12, 50) (T,I,J), rep 111
2025-01-19 08:27:42,380 21752 DEBUG Simulating forecast with (42, 12, 50) (T,I,J), rep 112
2025-01-19 08:27:42,644 21752 DEBUG Simulating forecast with (42, 12, 50) (T,I,J), rep 113
2025-01-19 08:27:42,929 21752 DEBUG Simulating forecast with (42, 12, 50) (T,I,J), rep 114
2025-01-19 08:27:43,527 21752 DEBUG Simulating forecast with (42, 12, 50) (T,I,J), rep 115
2025-01-19 08:27:43,918 21752 DEBUG Simulating forecast with (42, 12, 50) (T,I,J), rep 116
2025-01-19 08:27:44,270 21752 DEBUG Simulating forecast with (42, 12, 50) (T,I,J), rep 117
2025-01-19 08:27:44,619 21752 DEBUG Simulating forecast with (42, 12, 50) (T,I,J), rep 118
2025-01-19 08:27:44,952 21752 DEBUG Simulating forecast with (42, 12, 50) (T,I,J), rep 119
2025-01-19 08:27:45,294 21752 DEBUG Simulating forecast with (42, 12, 50) (T,I,J), rep 120
2025-01-19 08:27:45,721 21752 DEBUG Simulating forecast with (42, 12, 50) (T,I,J), rep 121
2025-01-19 08:27:45,964 21752 DEBUG Simulating forecast with (42, 12, 50) (T,I,J), rep 122
2025-01-19 08:27:46,224 21752 DEBUG Simulating forecast with (42, 12, 50) (T,I,J), rep 123
2025-01-19 08:27:46,449 21752 DEBUG Simulating forecast with (42, 12, 50) (T,I,J), rep 124
2025-01-19 08:27:46,677 21752 DEBUG Simulating forecast with (42, 12, 50) (T,I,J), rep 125
2025-01-19 08:27:47,039 21752 DEBUG Simulating forecast with (42, 12, 50) (T,I,J), rep 126
2025-01-19 08:27:47,307 21752 DEBUG Simulating forecast with (42, 12, 50) (T,I,J), rep 127
2025-01-19 08:27:47,645 21752 DEBUG Simulating forecast with (42, 12, 50) (T,I,J), rep 128
2025-01-19 08:27:48,189 21752 DEBUG Simulating forecast with (42, 12, 50) (T,I,J), rep 129
2025-01-19 08:27:48,490 21752 DEBUG Simulating forecast with (42, 12, 50) (T,I,J), rep 130
2025-01-19 08:27:48,806 21752 DEBUG Simulating forecast with (42, 12, 50) (T,I,J), rep 131
2025-01-19 08:27:49,177 21752 DEBUG Simulating forecast with (42, 12, 50) (T,I,J), rep 132
2025-01-19 08:27:49,400 21752 DEBUG Simulating forecast with (42, 12, 50) (T,I,J), rep 133
2025-01-19 08:27:49,750 21752 DEBUG Simulating forecast with (42, 12, 50) (T,I,J), rep 134
2025-01-19 08:27:50,214 21752 DEBUG Simulating forecast with (42, 12, 50) (T,I,J), rep 135
2025-01-19 08:27:50,649 21752 DEBUG Simulating forecast with (42, 12, 50) (T,I,J), rep 136
2025-01-19 08:27:51,326 21752 DEBUG Simulating forecast with (42, 12, 50) (T,I,J), rep 137
2025-01-19 08:27:51,533 21752 DEBUG Simulating forecast with (42, 12, 50) (T,I,J), rep 138
2025-01-19 08:27:51,861 21752 DEBUG Simulating forecast with (42, 12, 50) (T,I,J), rep 139
2025-01-19 08:27:52,098 21752 DEBUG Simulating forecast with (42, 12, 50) (T,I,J), rep 140
2025-01-19 08:27:52,418 21752 DEBUG Simulating forecast with (42, 12, 50) (T,I,J), rep 141
2025-01-19 08:27:52,664 21752 DEBUG Simulating forecast with (42, 12, 50) (T,I,J), rep 142
2025-01-19 08:27:53,074 21752 DEBUG Simulating forecast with (42, 12, 50) (T,I,J), rep 143
2025-01-19 08:27:53,495 21752 DEBUG Simulating forecast with (42, 12, 50) (T,I,J), rep 144
2025-01-19 08:27:53,791 21752 DEBUG Simulating forecast with (42, 12, 50) (T,I,J), rep 145
2025-01-19 08:27:54,201 21752 DEBUG Simulating forecast with (42, 12, 50) (T,I,J), rep 146
2025-01-19 08:27:54,450 21752 DEBUG Simulating forecast with (42, 12, 50) (T,I,J), rep 147
2025-01-19 08:27:54,780 21752 DEBUG Simulating forecast with (42, 12, 50) (T,I,J), rep 148
2025-01-19 08:27:55,088 21752 DEBUG Simulating forecast with (42, 12, 50) (T,I,J), rep 149
2025-01-19 08:27:55,349 21752 DEBUG Simulating forecast with (60, 12, 50) (T,I,J), rep 0
2025-01-19 08:27:55,882 21752 DEBUG Simulating forecast with (60, 12, 50) (T,I,J), rep 1
2025-01-19 08:27:56,211 21752 DEBUG Simulating forecast with (60, 12, 50) (T,I,J), rep 2
2025-01-19 08:27:56,592 21752 DEBUG Simulating forecast with (60, 12, 50) (T,I,J), rep 3
2025-01-19 08:27:57,076 21752 DEBUG Simulating forecast with (60, 12, 50) (T,I,J), rep 4
2025-01-19 08:27:57,380 21752 DEBUG Simulating forecast with (60, 12, 50) (T,I,J), rep 5
2025-01-19 08:27:57,683 21752 DEBUG Simulating forecast with (60, 12, 50) (T,I,J), rep 6
2025-01-19 08:27:58,314 21752 DEBUG Simulating forecast with (60, 12, 50) (T,I,J), rep 7
2025-01-19 08:27:58,760 21752 DEBUG Simulating forecast with (60, 12, 50) (T,I,J), rep 8
2025-01-19 08:27:59,085 21752 DEBUG Simulating forecast with (60, 12, 50) (T,I,J), rep 9
2025-01-19 08:27:59,682 21752 DEBUG Simulating forecast with (60, 12, 50) (T,I,J), rep 10
2025-01-19 08:28:00,144 21752 DEBUG Simulating forecast with (60, 12, 50) (T,I,J), rep 11
2025-01-19 08:28:00,639 21752 DEBUG Simulating forecast with (60, 12, 50) (T,I,J), rep 12
2025-01-19 08:28:01,144 21752 DEBUG Simulating forecast with (60, 12, 50) (T,I,J), rep 13
2025-01-19 08:28:01,606 21752 DEBUG Simulating forecast with (60, 12, 50) (T,I,J), rep 14
2025-01-19 08:28:02,054 21752 DEBUG Simulating forecast with (60, 12, 50) (T,I,J), rep 15
2025-01-19 08:28:02,682 21752 DEBUG Simulating forecast with (60, 12, 50) (T,I,J), rep 16
2025-01-19 08:28:03,252 21752 DEBUG Simulating forecast with (60, 12, 50) (T,I,J), rep 17
2025-01-19 08:28:03,888 21752 DEBUG Simulating forecast with (60, 12, 50) (T,I,J), rep 18
2025-01-19 08:28:04,437 21752 DEBUG Simulating forecast with (60, 12, 50) (T,I,J), rep 19
2025-01-19 08:28:04,873 21752 DEBUG Simulating forecast with (60, 12, 50) (T,I,J), rep 20
2025-01-19 08:28:05,500 21752 DEBUG Simulating forecast with (60, 12, 50) (T,I,J), rep 21
2025-01-19 08:28:06,179 21752 DEBUG Simulating forecast with (60, 12, 50) (T,I,J), rep 22
2025-01-19 08:28:06,718 21752 DEBUG Simulating forecast with (60, 12, 50) (T,I,J), rep 23
2025-01-19 08:28:07,083 21752 DEBUG Simulating forecast with (60, 12, 50) (T,I,J), rep 24
2025-01-19 08:28:07,540 21752 DEBUG Simulating forecast with (60, 12, 50) (T,I,J), rep 25
2025-01-19 08:28:08,955 21752 DEBUG Simulating forecast with (60, 12, 50) (T,I,J), rep 26
2025-01-19 08:28:09,558 21752 DEBUG Simulating forecast with (60, 12, 50) (T,I,J), rep 27
2025-01-19 08:28:10,050 21752 DEBUG Simulating forecast with (60, 12, 50) (T,I,J), rep 28
2025-01-19 08:28:10,463 21752 DEBUG Simulating forecast with (60, 12, 50) (T,I,J), rep 29
2025-01-19 08:28:10,922 21752 DEBUG Simulating forecast with (60, 12, 50) (T,I,J), rep 30
2025-01-19 08:28:11,418 21752 DEBUG Simulating forecast with (60, 12, 50) (T,I,J), rep 31
2025-01-19 08:28:11,763 21752 DEBUG Simulating forecast with (60, 12, 50) (T,I,J), rep 32
2025-01-19 08:28:12,336 21752 DEBUG Simulating forecast with (60, 12, 50) (T,I,J), rep 33
2025-01-19 08:28:12,692 21752 DEBUG Simulating forecast with (60, 12, 50) (T,I,J), rep 34
2025-01-19 08:28:12,953 21752 DEBUG Simulating forecast with (60, 12, 50) (T,I,J), rep 35
2025-01-19 08:28:13,784 21752 DEBUG Simulating forecast with (60, 12, 50) (T,I,J), rep 36
2025-01-19 08:28:14,133 21752 DEBUG Simulating forecast with (60, 12, 50) (T,I,J), rep 37
2025-01-19 08:28:14,603 21752 DEBUG Simulating forecast with (60, 12, 50) (T,I,J), rep 38
2025-01-19 08:28:15,092 21752 DEBUG Simulating forecast with (60, 12, 50) (T,I,J), rep 39
2025-01-19 08:28:15,482 21752 DEBUG Simulating forecast with (60, 12, 50) (T,I,J), rep 40
2025-01-19 08:28:15,797 21752 DEBUG Simulating forecast with (60, 12, 50) (T,I,J), rep 41
2025-01-19 08:28:16,738 21752 DEBUG Simulating forecast with (60, 12, 50) (T,I,J), rep 42
2025-01-19 08:28:17,253 21752 DEBUG Simulating forecast with (60, 12, 50) (T,I,J), rep 43
2025-01-19 08:28:17,702 21752 DEBUG Simulating forecast with (60, 12, 50) (T,I,J), rep 44
2025-01-19 08:28:18,094 21752 DEBUG Simulating forecast with (60, 12, 50) (T,I,J), rep 45
2025-01-19 08:28:18,746 21752 DEBUG Simulating forecast with (60, 12, 50) (T,I,J), rep 46
2025-01-19 08:28:19,301 21752 DEBUG Simulating forecast with (60, 12, 50) (T,I,J), rep 47
2025-01-19 08:28:20,116 21752 DEBUG Simulating forecast with (60, 12, 50) (T,I,J), rep 48
2025-01-19 08:28:20,446 21752 DEBUG Simulating forecast with (60, 12, 50) (T,I,J), rep 49
2025-01-19 08:28:21,295 21752 DEBUG Simulating forecast with (60, 12, 50) (T,I,J), rep 50
2025-01-19 08:28:21,719 21752 DEBUG Simulating forecast with (60, 12, 50) (T,I,J), rep 51
2025-01-19 08:28:22,364 21752 DEBUG Simulating forecast with (60, 12, 50) (T,I,J), rep 52
2025-01-19 08:28:23,017 21752 DEBUG Simulating forecast with (60, 12, 50) (T,I,J), rep 53
2025-01-19 08:28:24,325 21752 DEBUG Simulating forecast with (60, 12, 50) (T,I,J), rep 54
2025-01-19 08:28:24,728 21752 DEBUG Simulating forecast with (60, 12, 50) (T,I,J), rep 55
2025-01-19 08:28:25,089 21752 DEBUG Simulating forecast with (60, 12, 50) (T,I,J), rep 56
2025-01-19 08:28:25,461 21752 DEBUG Simulating forecast with (60, 12, 50) (T,I,J), rep 57
2025-01-19 08:28:26,186 21752 DEBUG Simulating forecast with (60, 12, 50) (T,I,J), rep 58
2025-01-19 08:28:26,725 21752 DEBUG Simulating forecast with (60, 12, 50) (T,I,J), rep 59
2025-01-19 08:28:27,402 21752 DEBUG Simulating forecast with (60, 12, 50) (T,I,J), rep 60
2025-01-19 08:28:27,880 21752 DEBUG Simulating forecast with (60, 12, 50) (T,I,J), rep 61
2025-01-19 08:28:28,469 21752 DEBUG Simulating forecast with (60, 12, 50) (T,I,J), rep 62
2025-01-19 08:28:28,901 21752 DEBUG Simulating forecast with (60, 12, 50) (T,I,J), rep 63
2025-01-19 08:28:29,474 21752 DEBUG Simulating forecast with (60, 12, 50) (T,I,J), rep 64
2025-01-19 08:28:29,979 21752 DEBUG Simulating forecast with (60, 12, 50) (T,I,J), rep 65
2025-01-19 08:28:30,831 21752 DEBUG Simulating forecast with (60, 12, 50) (T,I,J), rep 66
2025-01-19 08:28:31,454 21752 DEBUG Simulating forecast with (60, 12, 50) (T,I,J), rep 67
2025-01-19 08:28:32,160 21752 DEBUG Simulating forecast with (60, 12, 50) (T,I,J), rep 68
2025-01-19 08:28:32,858 21752 DEBUG Simulating forecast with (60, 12, 50) (T,I,J), rep 69
2025-01-19 08:28:33,233 21752 DEBUG Simulating forecast with (60, 12, 50) (T,I,J), rep 70
2025-01-19 08:28:33,773 21752 DEBUG Simulating forecast with (60, 12, 50) (T,I,J), rep 71
2025-01-19 08:28:34,299 21752 DEBUG Simulating forecast with (60, 12, 50) (T,I,J), rep 72
2025-01-19 08:28:34,551 21752 DEBUG Simulating forecast with (60, 12, 50) (T,I,J), rep 73
2025-01-19 08:28:35,054 21752 DEBUG Simulating forecast with (60, 12, 50) (T,I,J), rep 74
2025-01-19 08:28:35,529 21752 DEBUG Simulating forecast with (60, 12, 50) (T,I,J), rep 75
2025-01-19 08:28:36,380 21752 DEBUG Simulating forecast with (60, 12, 50) (T,I,J), rep 76
2025-01-19 08:28:36,961 21752 DEBUG Simulating forecast with (60, 12, 50) (T,I,J), rep 77
2025-01-19 08:28:37,393 21752 DEBUG Simulating forecast with (60, 12, 50) (T,I,J), rep 78
2025-01-19 08:28:37,748 21752 DEBUG Simulating forecast with (60, 12, 50) (T,I,J), rep 79
2025-01-19 08:28:38,235 21752 DEBUG Simulating forecast with (60, 12, 50) (T,I,J), rep 80
2025-01-19 08:28:39,413 21752 DEBUG Simulating forecast with (60, 12, 50) (T,I,J), rep 81
2025-01-19 08:28:40,000 21752 DEBUG Simulating forecast with (60, 12, 50) (T,I,J), rep 82
2025-01-19 08:28:40,474 21752 DEBUG Simulating forecast with (60, 12, 50) (T,I,J), rep 83
2025-01-19 08:28:40,859 21752 DEBUG Simulating forecast with (60, 12, 50) (T,I,J), rep 84
2025-01-19 08:28:41,158 21752 DEBUG Simulating forecast with (60, 12, 50) (T,I,J), rep 85
2025-01-19 08:28:41,956 21752 DEBUG Simulating forecast with (60, 12, 50) (T,I,J), rep 86
2025-01-19 08:28:42,496 21752 DEBUG Simulating forecast with (60, 12, 50) (T,I,J), rep 87
2025-01-19 08:28:43,002 21752 DEBUG Simulating forecast with (60, 12, 50) (T,I,J), rep 88
2025-01-19 08:28:43,483 21752 DEBUG Simulating forecast with (60, 12, 50) (T,I,J), rep 89
2025-01-19 08:28:43,867 21752 DEBUG Simulating forecast with (60, 12, 50) (T,I,J), rep 90
2025-01-19 08:28:44,447 21752 DEBUG Simulating forecast with (60, 12, 50) (T,I,J), rep 91
2025-01-19 08:28:45,180 21752 DEBUG Simulating forecast with (60, 12, 50) (T,I,J), rep 92
2025-01-19 08:28:45,978 21752 DEBUG Simulating forecast with (60, 12, 50) (T,I,J), rep 93
2025-01-19 08:28:46,576 21752 DEBUG Simulating forecast with (60, 12, 50) (T,I,J), rep 94
2025-01-19 08:28:46,894 21752 DEBUG Simulating forecast with (60, 12, 50) (T,I,J), rep 95
2025-01-19 08:28:47,555 21752 DEBUG Simulating forecast with (60, 12, 50) (T,I,J), rep 96
2025-01-19 08:28:47,985 21752 DEBUG Simulating forecast with (60, 12, 50) (T,I,J), rep 97
2025-01-19 08:28:48,787 21752 DEBUG Simulating forecast with (60, 12, 50) (T,I,J), rep 98
2025-01-19 08:28:49,233 21752 DEBUG Simulating forecast with (60, 12, 50) (T,I,J), rep 99
2025-01-19 08:28:49,866 21752 DEBUG Simulating forecast with (60, 12, 50) (T,I,J), rep 100
2025-01-19 08:28:50,631 21752 DEBUG Simulating forecast with (60, 12, 50) (T,I,J), rep 101
2025-01-19 08:28:51,297 21752 DEBUG Simulating forecast with (60, 12, 50) (T,I,J), rep 102
2025-01-19 08:28:51,771 21752 DEBUG Simulating forecast with (60, 12, 50) (T,I,J), rep 103
2025-01-19 08:28:52,073 3576 DEBUG Starting code with parameters {'repetitions': 150, 'range_dict': {'ranges': [{'start': 8, 'stop': 60}, {'start': 12, 'stop': 12}, {'start': 50, 'stop': 50}], 'n_vals': 4}, 'noise_scale': 1, 'max_horizon': 6, 'dgp': 'package.dgp_classes.base_F_AR_DGP', 'dgp_kwargs': [{'n_factors': 2, 'lags': 1, 'ar_coefficients': [[0.8, 0.5]]}], 'workers': 8}.
2025-01-19 08:28:52,074 3576 DEBUG We have 8 workers available to us.
2025-01-19 08:28:52,074 3576 DEBUG Starting the simulation
2025-01-19 08:28:52,082 3576 DEBUG Simulating forecast with (8, 12, 50) (T,I,J), rep 0
2025-01-19 08:28:52,582 21752 DEBUG Simulating forecast with (60, 12, 50) (T,I,J), rep 104
2025-01-19 08:28:53,333 21752 DEBUG Simulating forecast with (60, 12, 50) (T,I,J), rep 105
2025-01-19 08:28:53,741 21752 DEBUG Simulating forecast with (60, 12, 50) (T,I,J), rep 106
2025-01-19 08:28:54,369 21752 DEBUG Simulating forecast with (60, 12, 50) (T,I,J), rep 107
2025-01-19 08:28:54,833 21752 DEBUG Simulating forecast with (60, 12, 50) (T,I,J), rep 108
2025-01-19 08:28:55,415 21752 DEBUG Simulating forecast with (60, 12, 50) (T,I,J), rep 109
2025-01-19 08:28:55,993 21752 DEBUG Simulating forecast with (60, 12, 50) (T,I,J), rep 110
2025-01-19 08:28:56,337 21752 DEBUG Simulating forecast with (60, 12, 50) (T,I,J), rep 111
2025-01-19 08:28:56,982 21752 DEBUG Simulating forecast with (60, 12, 50) (T,I,J), rep 112
2025-01-19 08:28:57,557 21752 DEBUG Simulating forecast with (60, 12, 50) (T,I,J), rep 113
2025-01-19 08:28:58,137 21752 DEBUG Simulating forecast with (60, 12, 50) (T,I,J), rep 114
2025-01-19 08:28:58,479 21752 DEBUG Simulating forecast with (60, 12, 50) (T,I,J), rep 115
2025-01-19 08:28:59,095 21752 DEBUG Simulating forecast with (60, 12, 50) (T,I,J), rep 116
2025-01-19 08:28:59,464 21752 DEBUG Simulating forecast with (60, 12, 50) (T,I,J), rep 117
2025-01-19 08:29:00,118 21752 DEBUG Simulating forecast with (60, 12, 50) (T,I,J), rep 118
2025-01-19 08:29:00,512 21752 DEBUG Simulating forecast with (60, 12, 50) (T,I,J), rep 119
2025-01-19 08:29:01,178 21752 DEBUG Simulating forecast with (60, 12, 50) (T,I,J), rep 120
2025-01-19 08:29:01,774 21752 DEBUG Simulating forecast with (60, 12, 50) (T,I,J), rep 121
2025-01-19 08:29:02,370 21752 DEBUG Simulating forecast with (60, 12, 50) (T,I,J), rep 122
2025-01-19 08:29:02,674 21752 DEBUG Simulating forecast with (60, 12, 50) (T,I,J), rep 123
2025-01-19 08:29:03,067 21752 DEBUG Simulating forecast with (60, 12, 50) (T,I,J), rep 124
2025-01-19 08:29:03,412 21752 DEBUG Simulating forecast with (60, 12, 50) (T,I,J), rep 125
2025-01-19 08:29:04,180 21752 DEBUG Simulating forecast with (60, 12, 50) (T,I,J), rep 126
2025-01-19 08:29:04,504 21752 DEBUG Simulating forecast with (60, 12, 50) (T,I,J), rep 127
2025-01-19 08:29:05,045 21752 DEBUG Simulating forecast with (60, 12, 50) (T,I,J), rep 128
2025-01-19 08:29:05,546 21752 DEBUG Simulating forecast with (60, 12, 50) (T,I,J), rep 129
2025-01-19 08:29:06,072 21752 DEBUG Simulating forecast with (60, 12, 50) (T,I,J), rep 130
2025-01-19 08:29:06,516 21752 DEBUG Simulating forecast with (60, 12, 50) (T,I,J), rep 131
2025-01-19 08:29:06,934 21752 DEBUG Simulating forecast with (60, 12, 50) (T,I,J), rep 132
2025-01-19 08:29:07,587 21752 DEBUG Simulating forecast with (60, 12, 50) (T,I,J), rep 133
2025-01-19 08:29:07,988 21752 DEBUG Simulating forecast with (60, 12, 50) (T,I,J), rep 134
2025-01-19 08:29:08,334 21752 DEBUG Simulating forecast with (60, 12, 50) (T,I,J), rep 135
2025-01-19 08:29:08,884 21752 DEBUG Simulating forecast with (60, 12, 50) (T,I,J), rep 136
2025-01-19 08:29:09,281 21752 DEBUG Simulating forecast with (60, 12, 50) (T,I,J), rep 137
2025-01-19 08:29:09,871 21752 DEBUG Simulating forecast with (60, 12, 50) (T,I,J), rep 138
2025-01-19 08:29:10,300 21752 DEBUG Simulating forecast with (60, 12, 50) (T,I,J), rep 139
2025-01-19 08:29:10,776 21752 DEBUG Simulating forecast with (60, 12, 50) (T,I,J), rep 140
2025-01-19 08:29:11,278 21752 DEBUG Simulating forecast with (60, 12, 50) (T,I,J), rep 141
2025-01-19 08:29:11,660 21752 DEBUG Simulating forecast with (60, 12, 50) (T,I,J), rep 142
2025-01-19 08:29:11,974 21752 DEBUG Simulating forecast with (60, 12, 50) (T,I,J), rep 143
2025-01-19 08:29:12,870 21752 DEBUG Simulating forecast with (60, 12, 50) (T,I,J), rep 144
2025-01-19 08:29:13,465 21752 DEBUG Simulating forecast with (60, 12, 50) (T,I,J), rep 145
2025-01-19 08:29:14,201 21752 DEBUG Simulating forecast with (60, 12, 50) (T,I,J), rep 146
2025-01-19 08:29:14,532 21752 DEBUG Simulating forecast with (60, 12, 50) (T,I,J), rep 147
2025-01-19 08:29:15,013 21752 DEBUG Simulating forecast with (60, 12, 50) (T,I,J), rep 148
2025-01-19 08:29:15,883 21752 DEBUG Simulating forecast with (60, 12, 50) (T,I,J), rep 149
2025-01-19 08:29:22,405 18024 DEBUG Simulating forecast with (8, 12, 50) (T,I,J), rep 0
2025-01-19 08:29:22,415 18024 DEBUG Simulating forecast with (8, 12, 50) (T,I,J), rep 19
2025-01-19 08:29:22,422 18024 DEBUG Simulating forecast with (8, 12, 50) (T,I,J), rep 38
2025-01-19 08:29:22,429 18024 DEBUG Simulating forecast with (8, 12, 50) (T,I,J), rep 57
2025-01-19 08:29:22,432 4144 DEBUG Simulating forecast with (8, 12, 50) (T,I,J), rep 76
2025-01-19 08:29:22,434 18024 DEBUG Simulating forecast with (8, 12, 50) (T,I,J), rep 95
2025-01-19 08:29:22,442 18024 DEBUG Simulating forecast with (8, 12, 50) (T,I,J), rep 114
2025-01-19 08:29:22,442 4144 DEBUG Simulating forecast with (8, 12, 50) (T,I,J), rep 133
2025-01-19 08:29:22,447 4144 DEBUG Simulating forecast with (25, 12, 50) (T,I,J), rep 2
2025-01-19 08:29:22,448 18024 DEBUG Simulating forecast with (25, 12, 50) (T,I,J), rep 21
2025-01-19 08:29:22,451 18728 DEBUG Simulating forecast with (25, 12, 50) (T,I,J), rep 40
2025-01-19 08:29:22,455 18024 DEBUG Simulating forecast with (25, 12, 50) (T,I,J), rep 59
2025-01-19 08:29:22,455 4144 DEBUG Simulating forecast with (25, 12, 50) (T,I,J), rep 78
2025-01-19 08:29:22,459 20736 DEBUG Simulating forecast with (25, 12, 50) (T,I,J), rep 97
2025-01-19 08:29:22,463 18024 DEBUG Simulating forecast with (25, 12, 50) (T,I,J), rep 116
2025-01-19 08:29:22,463 18728 DEBUG Simulating forecast with (25, 12, 50) (T,I,J), rep 135
2025-01-19 08:29:22,464 4144 DEBUG Simulating forecast with (42, 12, 50) (T,I,J), rep 4
2025-01-19 08:29:22,465 21388 DEBUG Simulating forecast with (42, 12, 50) (T,I,J), rep 23
2025-01-19 08:29:22,468 20736 DEBUG Simulating forecast with (42, 12, 50) (T,I,J), rep 42
2025-01-19 08:29:22,470 18024 DEBUG Simulating forecast with (42, 12, 50) (T,I,J), rep 61
2025-01-19 08:29:22,471 18728 DEBUG Simulating forecast with (42, 12, 50) (T,I,J), rep 80
2025-01-19 08:29:22,472 4144 DEBUG Simulating forecast with (42, 12, 50) (T,I,J), rep 99
2025-01-19 08:29:22,475 20736 DEBUG Simulating forecast with (42, 12, 50) (T,I,J), rep 118
2025-01-19 08:29:22,476 21388 DEBUG Simulating forecast with (42, 12, 50) (T,I,J), rep 137
2025-01-19 08:29:22,477 18024 DEBUG Simulating forecast with (60, 12, 50) (T,I,J), rep 6
2025-01-19 08:29:22,480 18728 DEBUG Simulating forecast with (60, 12, 50) (T,I,J), rep 25
2025-01-19 08:29:22,480 4144 DEBUG Simulating forecast with (60, 12, 50) (T,I,J), rep 44
2025-01-19 08:29:22,481 20736 DEBUG Simulating forecast with (60, 12, 50) (T,I,J), rep 63
2025-01-19 08:29:22,485 21388 DEBUG Simulating forecast with (60, 12, 50) (T,I,J), rep 82
2025-01-19 08:29:22,488 18024 DEBUG Simulating forecast with (60, 12, 50) (T,I,J), rep 101
2025-01-19 08:29:22,489 4144 DEBUG Simulating forecast with (60, 12, 50) (T,I,J), rep 120
2025-01-19 08:29:22,490 18728 DEBUG Simulating forecast with (60, 12, 50) (T,I,J), rep 139
2025-01-19 08:29:28,822 11028 DEBUG Starting code with parameters {'repetitions': 150, 'range_dict': {'ranges': [{'start': 8, 'stop': 60}, {'start': 12, 'stop': 12}, {'start': 50, 'stop': 50}], 'n_vals': 4}, 'noise_scale': 1, 'max_horizon': 6, 'dgp': 'package.dgp_classes.base_F_AR_DGP', 'dgp_kwargs': [{'n_factors': 2, 'lags': 1, 'ar_coefficients': [[0.8, 0.5]]}], 'workers': 8}.
2025-01-19 08:29:28,822 11028 DEBUG We have 8 workers available to us.
2025-01-19 08:29:28,822 11028 DEBUG Starting the simulation
2025-01-19 08:29:28,826 11028 DEBUG Simulating forecast with (8, 12, 50) (T,I,J), rep 0
2025-01-19 08:30:30,715 11032 DEBUG Starting code with parameters {'repetitions': 150, 'range_dict': {'ranges': [{'start': 8, 'stop': 60}, {'start': 12, 'stop': 12}, {'start': 50, 'stop': 50}], 'n_vals': 4}, 'noise_scale': 1, 'max_horizon': 6, 'dgp': 'package.dgp_classes.base_F_AR_DGP', 'dgp_kwargs': [{'n_factors': 2, 'lags': 1, 'ar_coefficients': [[0.8, 0.5]]}], 'workers': 8}.
2025-01-19 08:30:30,715 11032 DEBUG We have 8 workers available to us.
2025-01-19 08:30:30,716 11032 DEBUG Starting the simulation
2025-01-19 08:30:30,720 11032 DEBUG Simulating forecast with (8, 12, 50) (T,I,J), rep 0
2025-01-19 08:31:03,128 6068 DEBUG Starting code with parameters {'repetitions': 150, 'range_dict': {'ranges': [{'start': 8, 'stop': 60}, {'start': 12, 'stop': 12}, {'start': 50, 'stop': 50}], 'n_vals': 4}, 'noise_scale': 1, 'max_horizon': 6, 'dgp': 'package.dgp_classes.base_F_AR_DGP', 'dgp_kwargs': [{'n_factors': 2, 'lags': 1, 'ar_coefficients': [[0.8, 0.5]]}], 'workers': 8}.
2025-01-19 08:31:03,128 6068 DEBUG We have 8 workers available to us.
2025-01-19 08:31:03,129 6068 DEBUG Starting the simulation
2025-01-19 08:31:03,133 6068 DEBUG Simulating forecast with (8, 12, 50) (T,I,J), rep 0
2025-01-19 08:31:13,370 21260 DEBUG Starting code with parameters {'repetitions': 150, 'range_dict': {'ranges': [{'start': 8, 'stop': 60}, {'start': 12, 'stop': 12}, {'start': 50, 'stop': 50}], 'n_vals': 4}, 'noise_scale': 1, 'max_horizon': 6, 'dgp': 'package.dgp_classes.base_F_AR_DGP', 'dgp_kwargs': [{'n_factors': 2, 'lags': 1, 'ar_coefficients': [[0.8, 0.5]]}], 'workers': 8}.
2025-01-19 08:31:13,370 21260 DEBUG We have 8 workers available to us.
2025-01-19 08:31:13,371 21260 DEBUG Starting the simulation
2025-01-19 08:31:13,374 21260 DEBUG Simulating forecast with (8, 12, 50) (T,I,J), rep 0
2025-01-19 08:31:22,406 2160 DEBUG Starting code with parameters {'repetitions': 150, 'range_dict': {'ranges': [{'start': 8, 'stop': 60}, {'start': 12, 'stop': 12}, {'start': 50, 'stop': 50}], 'n_vals': 4}, 'noise_scale': 1, 'max_horizon': 6, 'dgp': 'package.dgp_classes.base_F_AR_DGP', 'dgp_kwargs': [{'n_factors': 2, 'lags': 1, 'ar_coefficients': [[0.8, 0.5]]}], 'workers': 8}.
2025-01-19 08:31:22,406 2160 DEBUG We have 8 workers available to us.
2025-01-19 08:31:22,407 2160 DEBUG Starting the simulation
2025-01-19 08:31:22,411 2160 DEBUG Simulating forecast with (8, 12, 50) (T,I,J), rep 0
2025-01-19 08:32:03,510 14852 DEBUG Starting code with parameters {'repetitions': 150, 'range_dict': {'ranges': [{'start': 8, 'stop': 60}, {'start': 12, 'stop': 12}, {'start': 50, 'stop': 50}], 'n_vals': 4}, 'noise_scale': 1, 'max_horizon': 6, 'dgp': 'package.dgp_classes.base_F_AR_DGP', 'dgp_kwargs': [{'n_factors': 2, 'lags': 1, 'ar_coefficients': [[0.8, 0.5]]}], 'workers': 8}.
2025-01-19 08:32:03,510 14852 DEBUG We have 8 workers available to us.
2025-01-19 08:32:03,510 14852 DEBUG Starting the simulation
2025-01-19 08:32:03,514 14852 DEBUG Simulating forecast with (8, 12, 50) (T,I,J), rep 0
2025-01-19 08:34:16,475 18228 DEBUG Starting code with parameters {'repetitions': 150, 'range_dict': {'ranges': [{'start': 8, 'stop': 60}, {'start': 12, 'stop': 12}, {'start': 50, 'stop': 50}], 'n_vals': 4}, 'noise_scale': 1, 'max_horizon': 6, 'dgp': 'package.dgp_classes.base_F_AR_DGP', 'dgp_kwargs': [{'n_factors': 2, 'lags': 1, 'ar_coefficients': [[0.8, 0.5]]}], 'workers': 8}.
2025-01-19 08:34:16,475 18228 DEBUG We have 8 workers available to us.
2025-01-19 08:34:16,476 18228 DEBUG Starting the simulation
2025-01-19 08:34:16,479 18228 DEBUG Simulating forecast with (8, 12, 50) (T,I,J), rep 0
2025-01-19 08:34:34,381 4300 DEBUG Starting code with parameters {'repetitions': 150, 'range_dict': {'ranges': [{'start': 8, 'stop': 60}, {'start': 12, 'stop': 12}, {'start': 50, 'stop': 50}], 'n_vals': 4}, 'noise_scale': 1, 'max_horizon': 6, 'dgp': 'package.dgp_classes.base_F_AR_DGP', 'dgp_kwargs': [{'n_factors': 2, 'lags': 1, 'ar_coefficients': [[0.8, 0.5]]}], 'workers': 8}.
2025-01-19 08:34:34,382 4300 DEBUG We have 8 workers available to us.
2025-01-19 08:34:34,382 4300 DEBUG Starting the simulation
2025-01-19 08:34:34,386 4300 DEBUG Simulating forecast with (8, 12, 50) (T,I,J), rep 0
2025-01-19 08:35:50,520 15752 DEBUG Starting code with parameters {'repetitions': 150, 'range_dict': {'ranges': [{'start': 8, 'stop': 60}, {'start': 12, 'stop': 12}, {'start': 50, 'stop': 50}], 'n_vals': 4}, 'noise_scale': 1, 'max_horizon': 6, 'dgp': 'package.dgp_classes.base_F_AR_DGP', 'dgp_kwargs': [{'n_factors': 2, 'lags': 1, 'ar_coefficients': [[0.8, 0.5]]}], 'workers': 8}.
2025-01-19 08:35:50,520 15752 DEBUG We have 8 workers available to us.
2025-01-19 08:35:50,521 15752 DEBUG Starting the simulation
2025-01-19 08:35:50,524 15752 DEBUG Simulating forecast with (8, 12, 50) (T,I,J), rep 0
2025-01-19 08:38:50,247 17612 DEBUG Starting code with parameters {'repetitions': 150, 'range_dict': {'ranges': [{'start': 8, 'stop': 60}, {'start': 12, 'stop': 12}, {'start': 50, 'stop': 50}], 'n_vals': 4}, 'noise_scale': 1, 'max_horizon': 6, 'dgp': 'package.dgp_classes.base_F_AR_DGP', 'dgp_kwargs': [{'n_factors': 2, 'lags': 1, 'ar_coefficients': [[0.8, 0.5]]}], 'workers': 8}.
2025-01-19 08:38:50,247 17612 DEBUG We have 8 workers available to us.
2025-01-19 08:38:50,247 17612 DEBUG Starting the simulation
2025-01-19 08:38:50,252 17612 DEBUG Simulating forecast with (8, 12, 50) (T,I,J), rep 0
2025-01-19 08:46:11,707 18760 DEBUG Starting code with parameters {'repetitions': 150, 'range_dict': {'ranges': [{'start': 8, 'stop': 60}, {'start': 12, 'stop': 12}, {'start': 50, 'stop': 50}], 'n_vals': 4}, 'noise_scale': 1, 'max_horizon': 6, 'dgp': 'package.dgp_classes.base_F_AR_DGP', 'dgp_kwargs': {'n_factors': 2, 'lags': 1, 'ar_coefficients': [[0.8, 0.5]]}, 'workers': 8}.
2025-01-19 08:49:24,984 20180 DEBUG Starting code with parameters {'repetitions': 150, 'range_dict': {'ranges': [{'start': 40, 'stop': 40}, {'start': 12, 'stop': 12}, {'start': 50, 'stop': 50}], 'n_vals': 4}, 'noise_scale': 1, 'max_horizon': 6, 'dgp': 'package.dgp_classes.base_F_AR_DGP', 'dgp_kwargs': {'n_factors': 2, 'lags': 1, 'ar_coefficients': [[0.8, 0.5]]}, 'workers': 8}.
2025-01-19 08:49:24,985 20180 DEBUG We have 8 workers available to us.
2025-01-19 08:49:24,985 20180 DEBUG Starting the simulation
2025-01-19 08:49:24,989 20180 DEBUG Simulating forecast with (40, 12, 50) (T,I,J), rep 0
2025-01-19 08:49:25,171 20180 DEBUG Simulating forecast with (40, 12, 50) (T,I,J), rep 1
2025-01-19 08:49:25,455 20180 DEBUG Simulating forecast with (40, 12, 50) (T,I,J), rep 2
2025-01-19 08:49:25,866 20180 DEBUG Simulating forecast with (40, 12, 50) (T,I,J), rep 3
2025-01-19 08:49:26,018 20180 DEBUG Simulating forecast with (40, 12, 50) (T,I,J), rep 4
2025-01-19 08:49:26,253 20180 DEBUG Simulating forecast with (40, 12, 50) (T,I,J), rep 5
2025-01-19 08:49:26,524 20180 DEBUG Simulating forecast with (40, 12, 50) (T,I,J), rep 6
2025-01-19 08:49:26,692 20180 DEBUG Simulating forecast with (40, 12, 50) (T,I,J), rep 7
2025-01-19 08:49:26,901 20180 DEBUG Simulating forecast with (40, 12, 50) (T,I,J), rep 8
2025-01-19 08:49:27,232 20180 DEBUG Simulating forecast with (40, 12, 50) (T,I,J), rep 9
2025-01-19 08:49:27,443 20180 DEBUG Simulating forecast with (40, 12, 50) (T,I,J), rep 10
2025-01-19 08:49:27,595 20180 DEBUG Simulating forecast with (40, 12, 50) (T,I,J), rep 11
2025-01-19 08:49:27,948 20180 DEBUG Simulating forecast with (40, 12, 50) (T,I,J), rep 12
2025-01-19 08:49:28,205 20180 DEBUG Simulating forecast with (40, 12, 50) (T,I,J), rep 13
2025-01-19 08:49:28,409 20180 DEBUG Simulating forecast with (40, 12, 50) (T,I,J), rep 14
2025-01-19 08:49:28,577 20180 DEBUG Simulating forecast with (40, 12, 50) (T,I,J), rep 15
2025-01-19 08:49:28,792 20180 DEBUG Simulating forecast with (40, 12, 50) (T,I,J), rep 16
2025-01-19 08:49:28,950 20180 DEBUG Simulating forecast with (40, 12, 50) (T,I,J), rep 17
2025-01-19 08:49:29,090 20180 DEBUG Simulating forecast with (40, 12, 50) (T,I,J), rep 18
2025-01-19 08:49:29,241 20180 DEBUG Simulating forecast with (40, 12, 50) (T,I,J), rep 19
2025-01-19 08:49:29,507 20180 DEBUG Simulating forecast with (40, 12, 50) (T,I,J), rep 20
2025-01-19 08:49:30,229 20180 DEBUG Simulating forecast with (40, 12, 50) (T,I,J), rep 21
2025-01-19 08:49:30,471 20180 DEBUG Simulating forecast with (40, 12, 50) (T,I,J), rep 22
2025-01-19 08:49:30,612 20180 DEBUG Simulating forecast with (40, 12, 50) (T,I,J), rep 23
2025-01-19 08:49:30,791 20180 DEBUG Simulating forecast with (40, 12, 50) (T,I,J), rep 24
2025-01-19 08:49:31,125 20180 DEBUG Simulating forecast with (40, 12, 50) (T,I,J), rep 25
2025-01-19 08:49:31,361 20180 DEBUG Simulating forecast with (40, 12, 50) (T,I,J), rep 26
2025-01-19 08:49:31,628 20180 DEBUG Simulating forecast with (40, 12, 50) (T,I,J), rep 27
2025-01-19 08:49:31,841 20180 DEBUG Simulating forecast with (40, 12, 50) (T,I,J), rep 28
2025-01-19 08:49:31,998 20180 DEBUG Simulating forecast with (40, 12, 50) (T,I,J), rep 29
2025-01-19 08:49:32,163 20180 DEBUG Simulating forecast with (40, 12, 50) (T,I,J), rep 30
2025-01-19 08:49:32,305 20180 DEBUG Simulating forecast with (40, 12, 50) (T,I,J), rep 31
2025-01-19 08:49:32,520 20180 DEBUG Simulating forecast with (40, 12, 50) (T,I,J), rep 32
2025-01-19 08:49:32,792 20180 DEBUG Simulating forecast with (40, 12, 50) (T,I,J), rep 33
2025-01-19 08:49:32,951 20180 DEBUG Simulating forecast with (40, 12, 50) (T,I,J), rep 34
2025-01-19 08:49:33,186 20180 DEBUG Simulating forecast with (40, 12, 50) (T,I,J), rep 35
2025-01-19 08:49:33,416 20180 DEBUG Simulating forecast with (40, 12, 50) (T,I,J), rep 36
2025-01-19 08:49:33,636 20180 DEBUG Simulating forecast with (40, 12, 50) (T,I,J), rep 37
2025-01-19 08:49:33,857 20180 DEBUG Simulating forecast with (40, 12, 50) (T,I,J), rep 38
2025-01-19 08:49:34,082 20180 DEBUG Simulating forecast with (40, 12, 50) (T,I,J), rep 39
2025-01-19 08:49:34,286 20180 DEBUG Simulating forecast with (40, 12, 50) (T,I,J), rep 40
2025-01-19 08:49:34,468 20180 DEBUG Simulating forecast with (40, 12, 50) (T,I,J), rep 41
2025-01-19 08:49:35,025 20180 DEBUG Simulating forecast with (40, 12, 50) (T,I,J), rep 42
2025-01-19 08:49:35,203 20180 DEBUG Simulating forecast with (40, 12, 50) (T,I,J), rep 43
2025-01-19 08:49:35,351 20180 DEBUG Simulating forecast with (40, 12, 50) (T,I,J), rep 44
2025-01-19 08:49:35,569 20180 DEBUG Simulating forecast with (40, 12, 50) (T,I,J), rep 45
2025-01-19 08:49:35,818 20180 DEBUG Simulating forecast with (40, 12, 50) (T,I,J), rep 46
2025-01-19 08:49:36,088 20180 DEBUG Simulating forecast with (40, 12, 50) (T,I,J), rep 47
2025-01-19 08:49:36,283 20180 DEBUG Simulating forecast with (40, 12, 50) (T,I,J), rep 48
2025-01-19 08:49:36,487 20180 DEBUG Simulating forecast with (40, 12, 50) (T,I,J), rep 49
2025-01-19 08:49:36,690 20180 DEBUG Simulating forecast with (40, 12, 50) (T,I,J), rep 50
2025-01-19 08:49:37,224 20180 DEBUG Simulating forecast with (40, 12, 50) (T,I,J), rep 51
2025-01-19 08:49:37,464 20180 DEBUG Simulating forecast with (40, 12, 50) (T,I,J), rep 52
2025-01-19 08:49:37,576 20180 DEBUG Simulating forecast with (40, 12, 50) (T,I,J), rep 53
2025-01-19 08:49:37,791 20180 DEBUG Simulating forecast with (40, 12, 50) (T,I,J), rep 54
2025-01-19 08:49:38,216 20180 DEBUG Simulating forecast with (40, 12, 50) (T,I,J), rep 55
2025-01-19 08:49:38,403 20180 DEBUG Simulating forecast with (40, 12, 50) (T,I,J), rep 56
2025-01-19 08:49:38,635 20180 DEBUG Simulating forecast with (40, 12, 50) (T,I,J), rep 57
2025-01-19 08:49:38,840 20180 DEBUG Simulating forecast with (40, 12, 50) (T,I,J), rep 58
2025-01-19 08:49:39,072 20180 DEBUG Simulating forecast with (40, 12, 50) (T,I,J), rep 59
2025-01-19 08:49:39,317 20180 DEBUG Simulating forecast with (40, 12, 50) (T,I,J), rep 60
2025-01-19 08:49:39,629 20180 DEBUG Simulating forecast with (40, 12, 50) (T,I,J), rep 61
2025-01-19 08:49:39,834 20180 DEBUG Simulating forecast with (40, 12, 50) (T,I,J), rep 62
2025-01-19 08:49:40,174 20180 DEBUG Simulating forecast with (40, 12, 50) (T,I,J), rep 63
2025-01-19 08:49:40,485 20180 DEBUG Simulating forecast with (40, 12, 50) (T,I,J), rep 64
2025-01-19 08:49:41,000 15400 DEBUG Starting code with parameters {'repetitions': 2, 'range_dict': {'ranges': [{'start': 40, 'stop': 40}, {'start': 12, 'stop': 12}, {'start': 50, 'stop': 50}], 'n_vals': 4}, 'noise_scale': 1, 'max_horizon': 6, 'dgp': 'package.dgp_classes.base_F_AR_DGP', 'dgp_kwargs': {'n_factors': 2, 'lags': 1, 'ar_coefficients': [[0.8, 0.5]]}, 'workers': 8}.
2025-01-19 08:49:41,000 15400 DEBUG We have 8 workers available to us.
2025-01-19 08:49:41,001 15400 DEBUG Starting the simulation
2025-01-19 08:49:41,008 15400 DEBUG Simulating forecast with (40, 12, 50) (T,I,J), rep 0
2025-01-19 08:49:41,039 20180 DEBUG Simulating forecast with (40, 12, 50) (T,I,J), rep 65
2025-01-19 08:49:41,309 20180 DEBUG Simulating forecast with (40, 12, 50) (T,I,J), rep 66
2025-01-19 08:49:41,585 20180 DEBUG Simulating forecast with (40, 12, 50) (T,I,J), rep 67
2025-01-19 08:49:41,906 20180 DEBUG Simulating forecast with (40, 12, 50) (T,I,J), rep 68
2025-01-19 08:49:42,067 20180 DEBUG Simulating forecast with (40, 12, 50) (T,I,J), rep 69
2025-01-19 08:49:42,331 20180 DEBUG Simulating forecast with (40, 12, 50) (T,I,J), rep 70
2025-01-19 08:49:42,532 20180 DEBUG Simulating forecast with (40, 12, 50) (T,I,J), rep 71
2025-01-19 08:49:42,663 20180 DEBUG Simulating forecast with (40, 12, 50) (T,I,J), rep 72
2025-01-19 08:49:42,786 20180 DEBUG Simulating forecast with (40, 12, 50) (T,I,J), rep 73
2025-01-19 08:49:43,001 20180 DEBUG Simulating forecast with (40, 12, 50) (T,I,J), rep 74
2025-01-19 08:49:43,175 20180 DEBUG Simulating forecast with (40, 12, 50) (T,I,J), rep 75
2025-01-19 08:49:43,373 20180 DEBUG Simulating forecast with (40, 12, 50) (T,I,J), rep 76
2025-01-19 08:49:43,651 20180 DEBUG Simulating forecast with (40, 12, 50) (T,I,J), rep 77
2025-01-19 08:49:43,861 20180 DEBUG Simulating forecast with (40, 12, 50) (T,I,J), rep 78
2025-01-19 08:49:44,074 20180 DEBUG Simulating forecast with (40, 12, 50) (T,I,J), rep 79
2025-01-19 08:49:44,445 20180 DEBUG Simulating forecast with (40, 12, 50) (T,I,J), rep 80
2025-01-19 08:49:44,598 20180 DEBUG Simulating forecast with (40, 12, 50) (T,I,J), rep 81
2025-01-19 08:49:45,010 20180 DEBUG Simulating forecast with (40, 12, 50) (T,I,J), rep 82
2025-01-19 08:49:45,260 20180 DEBUG Simulating forecast with (40, 12, 50) (T,I,J), rep 83
2025-01-19 08:49:45,453 20180 DEBUG Simulating forecast with (40, 12, 50) (T,I,J), rep 84
2025-01-19 08:49:45,636 20180 DEBUG Simulating forecast with (40, 12, 50) (T,I,J), rep 85
2025-01-19 08:49:45,841 20180 DEBUG Simulating forecast with (40, 12, 50) (T,I,J), rep 86
2025-01-19 08:49:46,131 20180 DEBUG Simulating forecast with (40, 12, 50) (T,I,J), rep 87
2025-01-19 08:49:46,555 20180 DEBUG Simulating forecast with (40, 12, 50) (T,I,J), rep 88
2025-01-19 08:49:46,930 20180 DEBUG Simulating forecast with (40, 12, 50) (T,I,J), rep 89
2025-01-19 08:49:47,209 20180 DEBUG Simulating forecast with (40, 12, 50) (T,I,J), rep 90
2025-01-19 08:49:47,352 20180 DEBUG Simulating forecast with (40, 12, 50) (T,I,J), rep 91
2025-01-19 08:49:47,494 20180 DEBUG Simulating forecast with (40, 12, 50) (T,I,J), rep 92
2025-01-19 08:49:47,762 20180 DEBUG Simulating forecast with (40, 12, 50) (T,I,J), rep 93
2025-01-19 08:49:47,925 20180 DEBUG Simulating forecast with (40, 12, 50) (T,I,J), rep 94
2025-01-19 08:49:48,112 20180 DEBUG Simulating forecast with (40, 12, 50) (T,I,J), rep 95
2025-01-19 08:49:48,449 20180 DEBUG Simulating forecast with (40, 12, 50) (T,I,J), rep 96
2025-01-19 08:49:48,650 20180 DEBUG Simulating forecast with (40, 12, 50) (T,I,J), rep 97
2025-01-19 08:49:48,946 20180 DEBUG Simulating forecast with (40, 12, 50) (T,I,J), rep 98
2025-01-19 08:49:49,204 20180 DEBUG Simulating forecast with (40, 12, 50) (T,I,J), rep 99
2025-01-19 08:49:49,404 20180 DEBUG Simulating forecast with (40, 12, 50) (T,I,J), rep 100
2025-01-19 08:49:49,556 20180 DEBUG Simulating forecast with (40, 12, 50) (T,I,J), rep 101
2025-01-19 08:49:49,662 20180 DEBUG Simulating forecast with (40, 12, 50) (T,I,J), rep 102
2025-01-19 08:49:49,832 20180 DEBUG Simulating forecast with (40, 12, 50) (T,I,J), rep 103
2025-01-19 08:49:50,052 20180 DEBUG Simulating forecast with (40, 12, 50) (T,I,J), rep 104
2025-01-19 08:49:50,249 20180 DEBUG Simulating forecast with (40, 12, 50) (T,I,J), rep 105
2025-01-19 08:49:50,384 20180 DEBUG Simulating forecast with (40, 12, 50) (T,I,J), rep 106
2025-01-19 08:49:50,624 20180 DEBUG Simulating forecast with (40, 12, 50) (T,I,J), rep 107
2025-01-19 08:49:50,858 20180 DEBUG Simulating forecast with (40, 12, 50) (T,I,J), rep 108
2025-01-19 08:49:50,994 20180 DEBUG Simulating forecast with (40, 12, 50) (T,I,J), rep 109
2025-01-19 08:49:51,159 20180 DEBUG Simulating forecast with (40, 12, 50) (T,I,J), rep 110
2025-01-19 08:49:51,584 20180 DEBUG Simulating forecast with (40, 12, 50) (T,I,J), rep 111
2025-01-19 08:49:51,768 20180 DEBUG Simulating forecast with (40, 12, 50) (T,I,J), rep 112
2025-01-19 08:49:51,943 20180 DEBUG Simulating forecast with (40, 12, 50) (T,I,J), rep 113
2025-01-19 08:49:52,190 20180 DEBUG Simulating forecast with (40, 12, 50) (T,I,J), rep 114
2025-01-19 08:49:52,405 20180 DEBUG Simulating forecast with (40, 12, 50) (T,I,J), rep 115
2025-01-19 08:49:52,710 20180 DEBUG Simulating forecast with (40, 12, 50) (T,I,J), rep 116
2025-01-19 08:49:52,979 20180 DEBUG Simulating forecast with (40, 12, 50) (T,I,J), rep 117
2025-01-19 08:49:53,167 20180 DEBUG Simulating forecast with (40, 12, 50) (T,I,J), rep 118
2025-01-19 08:49:53,494 20180 DEBUG Simulating forecast with (40, 12, 50) (T,I,J), rep 119
2025-01-19 08:49:53,698 20180 DEBUG Simulating forecast with (40, 12, 50) (T,I,J), rep 120
2025-01-19 08:49:53,853 20180 DEBUG Simulating forecast with (40, 12, 50) (T,I,J), rep 121
2025-01-19 08:49:54,224 20180 DEBUG Simulating forecast with (40, 12, 50) (T,I,J), rep 122
2025-01-19 08:49:54,442 20180 DEBUG Simulating forecast with (40, 12, 50) (T,I,J), rep 123
2025-01-19 08:49:54,653 20180 DEBUG Simulating forecast with (40, 12, 50) (T,I,J), rep 124
2025-01-19 08:49:54,862 20180 DEBUG Simulating forecast with (40, 12, 50) (T,I,J), rep 125
2025-01-19 08:49:55,023 20180 DEBUG Simulating forecast with (40, 12, 50) (T,I,J), rep 126
2025-01-19 08:49:55,320 20180 DEBUG Simulating forecast with (40, 12, 50) (T,I,J), rep 127
2025-01-19 08:49:55,438 20180 DEBUG Simulating forecast with (40, 12, 50) (T,I,J), rep 128
2025-01-19 08:49:55,636 20180 DEBUG Simulating forecast with (40, 12, 50) (T,I,J), rep 129
2025-01-19 08:49:55,803 20180 DEBUG Simulating forecast with (40, 12, 50) (T,I,J), rep 130
2025-01-19 08:49:56,019 20180 DEBUG Simulating forecast with (40, 12, 50) (T,I,J), rep 131
2025-01-19 08:49:56,190 20180 DEBUG Simulating forecast with (40, 12, 50) (T,I,J), rep 132
2025-01-19 08:49:56,339 20180 DEBUG Simulating forecast with (40, 12, 50) (T,I,J), rep 133
2025-01-19 08:49:56,497 20180 DEBUG Simulating forecast with (40, 12, 50) (T,I,J), rep 134
2025-01-19 08:49:56,672 20180 DEBUG Simulating forecast with (40, 12, 50) (T,I,J), rep 135
2025-01-19 08:49:56,821 20180 DEBUG Simulating forecast with (40, 12, 50) (T,I,J), rep 136
2025-01-19 08:49:56,965 20180 DEBUG Simulating forecast with (40, 12, 50) (T,I,J), rep 137
2025-01-19 08:49:57,149 20180 DEBUG Simulating forecast with (40, 12, 50) (T,I,J), rep 138
2025-01-19 08:49:57,305 20180 DEBUG Simulating forecast with (40, 12, 50) (T,I,J), rep 139
2025-01-19 08:49:57,578 20180 DEBUG Simulating forecast with (40, 12, 50) (T,I,J), rep 140
2025-01-19 08:49:57,727 20180 DEBUG Simulating forecast with (40, 12, 50) (T,I,J), rep 141
2025-01-19 08:49:58,069 20180 DEBUG Simulating forecast with (40, 12, 50) (T,I,J), rep 142
2025-01-19 08:49:58,218 20180 DEBUG Simulating forecast with (40, 12, 50) (T,I,J), rep 143
2025-01-19 08:49:58,457 20180 DEBUG Simulating forecast with (40, 12, 50) (T,I,J), rep 144
2025-01-19 08:49:58,632 20180 DEBUG Simulating forecast with (40, 12, 50) (T,I,J), rep 145
2025-01-19 08:49:58,890 20180 DEBUG Simulating forecast with (40, 12, 50) (T,I,J), rep 146
2025-01-19 08:49:59,030 20180 DEBUG Simulating forecast with (40, 12, 50) (T,I,J), rep 147
2025-01-19 08:49:59,195 20180 DEBUG Simulating forecast with (40, 12, 50) (T,I,J), rep 148
2025-01-19 08:49:59,327 20180 DEBUG Simulating forecast with (40, 12, 50) (T,I,J), rep 149
2025-01-19 08:49:59,514 20180 DEBUG Simulating forecast with (40, 12, 50) (T,I,J), rep 0
2025-01-19 08:49:59,726 20180 DEBUG Simulating forecast with (40, 12, 50) (T,I,J), rep 1
2025-01-19 08:49:59,970 20180 DEBUG Simulating forecast with (40, 12, 50) (T,I,J), rep 2
2025-01-19 08:50:00,202 20180 DEBUG Simulating forecast with (40, 12, 50) (T,I,J), rep 3
2025-01-19 08:50:00,351 20180 DEBUG Simulating forecast with (40, 12, 50) (T,I,J), rep 4
2025-01-19 08:50:00,579 20180 DEBUG Simulating forecast with (40, 12, 50) (T,I,J), rep 5
2025-01-19 08:50:00,742 20180 DEBUG Simulating forecast with (40, 12, 50) (T,I,J), rep 6
2025-01-19 08:50:00,975 20180 DEBUG Simulating forecast with (40, 12, 50) (T,I,J), rep 7
2025-01-19 08:50:01,284 20180 DEBUG Simulating forecast with (40, 12, 50) (T,I,J), rep 8
2025-01-19 08:50:01,526 20180 DEBUG Simulating forecast with (40, 12, 50) (T,I,J), rep 9
2025-01-19 08:50:01,689 20180 DEBUG Simulating forecast with (40, 12, 50) (T,I,J), rep 10
2025-01-19 08:50:01,824 20180 DEBUG Simulating forecast with (40, 12, 50) (T,I,J), rep 11
2025-01-19 08:50:02,009 20180 DEBUG Simulating forecast with (40, 12, 50) (T,I,J), rep 12
2025-01-19 08:50:02,198 20180 DEBUG Simulating forecast with (40, 12, 50) (T,I,J), rep 13
2025-01-19 08:50:02,467 20180 DEBUG Simulating forecast with (40, 12, 50) (T,I,J), rep 14
2025-01-19 08:50:02,604 20180 DEBUG Simulating forecast with (40, 12, 50) (T,I,J), rep 15
2025-01-19 08:50:02,742 20180 DEBUG Simulating forecast with (40, 12, 50) (T,I,J), rep 16
2025-01-19 08:50:02,927 20180 DEBUG Simulating forecast with (40, 12, 50) (T,I,J), rep 17
2025-01-19 08:50:03,119 20180 DEBUG Simulating forecast with (40, 12, 50) (T,I,J), rep 18
2025-01-19 08:50:03,335 20180 DEBUG Simulating forecast with (40, 12, 50) (T,I,J), rep 19
2025-01-19 08:50:03,623 20180 DEBUG Simulating forecast with (40, 12, 50) (T,I,J), rep 20
2025-01-19 08:50:03,827 20180 DEBUG Simulating forecast with (40, 12, 50) (T,I,J), rep 21
2025-01-19 08:50:03,962 20180 DEBUG Simulating forecast with (40, 12, 50) (T,I,J), rep 22
2025-01-19 08:50:04,149 20180 DEBUG Simulating forecast with (40, 12, 50) (T,I,J), rep 23
2025-01-19 08:50:04,331 20180 DEBUG Simulating forecast with (40, 12, 50) (T,I,J), rep 24
2025-01-19 08:50:04,703 20180 DEBUG Simulating forecast with (40, 12, 50) (T,I,J), rep 25
2025-01-19 08:50:04,891 20180 DEBUG Simulating forecast with (40, 12, 50) (T,I,J), rep 26
2025-01-19 08:50:05,135 20180 DEBUG Simulating forecast with (40, 12, 50) (T,I,J), rep 27
2025-01-19 08:50:05,278 20180 DEBUG Simulating forecast with (40, 12, 50) (T,I,J), rep 28
2025-01-19 08:50:05,455 20180 DEBUG Simulating forecast with (40, 12, 50) (T,I,J), rep 29
2025-01-19 08:50:05,612 20180 DEBUG Simulating forecast with (40, 12, 50) (T,I,J), rep 30
2025-01-19 08:50:05,765 20180 DEBUG Simulating forecast with (40, 12, 50) (T,I,J), rep 31
2025-01-19 08:50:05,997 20180 DEBUG Simulating forecast with (40, 12, 50) (T,I,J), rep 32
2025-01-19 08:50:06,126 20180 DEBUG Simulating forecast with (40, 12, 50) (T,I,J), rep 33
2025-01-19 08:50:06,420 20180 DEBUG Simulating forecast with (40, 12, 50) (T,I,J), rep 34
2025-01-19 08:50:06,539 20180 DEBUG Simulating forecast with (40, 12, 50) (T,I,J), rep 35
2025-01-19 08:50:07,114 20180 DEBUG Simulating forecast with (40, 12, 50) (T,I,J), rep 36
2025-01-19 08:50:07,319 20180 DEBUG Simulating forecast with (40, 12, 50) (T,I,J), rep 37
2025-01-19 08:50:07,480 20180 DEBUG Simulating forecast with (40, 12, 50) (T,I,J), rep 38
2025-01-19 08:50:07,601 20180 DEBUG Simulating forecast with (40, 12, 50) (T,I,J), rep 39
2025-01-19 08:50:08,091 20180 DEBUG Simulating forecast with (40, 12, 50) (T,I,J), rep 40
2025-01-19 08:50:08,260 20180 DEBUG Simulating forecast with (40, 12, 50) (T,I,J), rep 41
2025-01-19 08:50:08,472 20180 DEBUG Simulating forecast with (40, 12, 50) (T,I,J), rep 42
2025-01-19 08:50:08,748 20180 DEBUG Simulating forecast with (40, 12, 50) (T,I,J), rep 43
2025-01-19 08:50:08,988 20180 DEBUG Simulating forecast with (40, 12, 50) (T,I,J), rep 44
2025-01-19 08:50:09,195 20180 DEBUG Simulating forecast with (40, 12, 50) (T,I,J), rep 45
2025-01-19 08:50:09,363 20180 DEBUG Simulating forecast with (40, 12, 50) (T,I,J), rep 46
2025-01-19 08:50:09,569 20180 DEBUG Simulating forecast with (40, 12, 50) (T,I,J), rep 47
2025-01-19 08:50:10,118 20180 DEBUG Simulating forecast with (40, 12, 50) (T,I,J), rep 48
2025-01-19 08:50:10,416 20180 DEBUG Simulating forecast with (40, 12, 50) (T,I,J), rep 49
2025-01-19 08:50:10,701 20180 DEBUG Simulating forecast with (40, 12, 50) (T,I,J), rep 50
2025-01-19 08:50:10,877 20180 DEBUG Simulating forecast with (40, 12, 50) (T,I,J), rep 51
2025-01-19 08:50:11,089 20180 DEBUG Simulating forecast with (40, 12, 50) (T,I,J), rep 52
2025-01-19 08:50:11,230 20180 DEBUG Simulating forecast with (40, 12, 50) (T,I,J), rep 53
2025-01-19 08:50:11,457 20180 DEBUG Simulating forecast with (40, 12, 50) (T,I,J), rep 54
2025-01-19 08:50:11,619 20180 DEBUG Simulating forecast with (40, 12, 50) (T,I,J), rep 55
2025-01-19 08:50:11,801 20180 DEBUG Simulating forecast with (40, 12, 50) (T,I,J), rep 56
2025-01-19 08:50:11,963 20180 DEBUG Simulating forecast with (40, 12, 50) (T,I,J), rep 57
2025-01-19 08:50:12,093 20180 DEBUG Simulating forecast with (40, 12, 50) (T,I,J), rep 58
2025-01-19 08:50:12,274 20180 DEBUG Simulating forecast with (40, 12, 50) (T,I,J), rep 59
2025-01-19 08:50:12,471 20180 DEBUG Simulating forecast with (40, 12, 50) (T,I,J), rep 60
2025-01-19 08:50:12,664 20180 DEBUG Simulating forecast with (40, 12, 50) (T,I,J), rep 61
2025-01-19 08:50:12,920 20180 DEBUG Simulating forecast with (40, 12, 50) (T,I,J), rep 62
2025-01-19 08:50:13,215 20180 DEBUG Simulating forecast with (40, 12, 50) (T,I,J), rep 63
2025-01-19 08:50:13,406 20180 DEBUG Simulating forecast with (40, 12, 50) (T,I,J), rep 64
2025-01-19 08:50:13,563 20180 DEBUG Simulating forecast with (40, 12, 50) (T,I,J), rep 65
2025-01-19 08:50:13,857 20180 DEBUG Simulating forecast with (40, 12, 50) (T,I,J), rep 66
2025-01-19 08:50:14,036 20180 DEBUG Simulating forecast with (40, 12, 50) (T,I,J), rep 67
2025-01-19 08:50:14,250 20180 DEBUG Simulating forecast with (40, 12, 50) (T,I,J), rep 68
2025-01-19 08:50:14,455 20180 DEBUG Simulating forecast with (40, 12, 50) (T,I,J), rep 69
2025-01-19 08:50:14,599 20180 DEBUG Simulating forecast with (40, 12, 50) (T,I,J), rep 70
2025-01-19 08:50:14,780 20180 DEBUG Simulating forecast with (40, 12, 50) (T,I,J), rep 71
2025-01-19 08:50:14,934 20180 DEBUG Simulating forecast with (40, 12, 50) (T,I,J), rep 72
2025-01-19 08:50:15,093 20180 DEBUG Simulating forecast with (40, 12, 50) (T,I,J), rep 73
2025-01-19 08:50:15,268 20180 DEBUG Simulating forecast with (40, 12, 50) (T,I,J), rep 74
2025-01-19 08:50:15,591 20180 DEBUG Simulating forecast with (40, 12, 50) (T,I,J), rep 75
2025-01-19 08:50:15,768 20180 DEBUG Simulating forecast with (40, 12, 50) (T,I,J), rep 76
2025-01-19 08:50:16,066 20180 DEBUG Simulating forecast with (40, 12, 50) (T,I,J), rep 77
2025-01-19 08:50:16,308 20180 DEBUG Simulating forecast with (40, 12, 50) (T,I,J), rep 78
2025-01-19 08:50:16,484 20180 DEBUG Simulating forecast with (40, 12, 50) (T,I,J), rep 79
2025-01-19 08:50:17,076 20180 DEBUG Simulating forecast with (40, 12, 50) (T,I,J), rep 80
2025-01-19 08:50:17,302 20180 DEBUG Simulating forecast with (40, 12, 50) (T,I,J), rep 81
2025-01-19 08:50:17,490 20180 DEBUG Simulating forecast with (40, 12, 50) (T,I,J), rep 82
2025-01-19 08:50:17,708 20180 DEBUG Simulating forecast with (40, 12, 50) (T,I,J), rep 83
2025-01-19 08:50:18,076 20180 DEBUG Simulating forecast with (40, 12, 50) (T,I,J), rep 84
2025-01-19 08:50:18,322 20180 DEBUG Simulating forecast with (40, 12, 50) (T,I,J), rep 85
2025-01-19 08:50:18,521 20180 DEBUG Simulating forecast with (40, 12, 50) (T,I,J), rep 86
2025-01-19 08:50:18,655 20180 DEBUG Simulating forecast with (40, 12, 50) (T,I,J), rep 87
2025-01-19 08:50:18,816 20180 DEBUG Simulating forecast with (40, 12, 50) (T,I,J), rep 88
2025-01-19 08:50:19,149 20180 DEBUG Simulating forecast with (40, 12, 50) (T,I,J), rep 89
2025-01-19 08:50:19,466 20180 DEBUG Simulating forecast with (40, 12, 50) (T,I,J), rep 90
2025-01-19 08:50:19,657 20180 DEBUG Simulating forecast with (40, 12, 50) (T,I,J), rep 91
2025-01-19 08:50:19,875 20180 DEBUG Simulating forecast with (40, 12, 50) (T,I,J), rep 92
2025-01-19 08:50:20,061 20180 DEBUG Simulating forecast with (40, 12, 50) (T,I,J), rep 93
2025-01-19 08:50:20,820 20180 DEBUG Simulating forecast with (40, 12, 50) (T,I,J), rep 94
2025-01-19 08:50:21,042 20180 DEBUG Simulating forecast with (40, 12, 50) (T,I,J), rep 95
2025-01-19 08:50:21,223 20180 DEBUG Simulating forecast with (40, 12, 50) (T,I,J), rep 96
2025-01-19 08:50:21,386 20180 DEBUG Simulating forecast with (40, 12, 50) (T,I,J), rep 97
2025-01-19 08:50:21,581 20180 DEBUG Simulating forecast with (40, 12, 50) (T,I,J), rep 98
2025-01-19 08:50:21,903 20180 DEBUG Simulating forecast with (40, 12, 50) (T,I,J), rep 99
2025-01-19 08:50:22,127 20180 DEBUG Simulating forecast with (40, 12, 50) (T,I,J), rep 100
2025-01-19 08:50:22,342 20180 DEBUG Simulating forecast with (40, 12, 50) (T,I,J), rep 101
2025-01-19 08:50:22,540 20180 DEBUG Simulating forecast with (40, 12, 50) (T,I,J), rep 102
2025-01-19 08:50:22,848 20180 DEBUG Simulating forecast with (40, 12, 50) (T,I,J), rep 103
2025-01-19 08:50:23,297 20180 DEBUG Simulating forecast with (40, 12, 50) (T,I,J), rep 104
2025-01-19 08:50:23,457 20180 DEBUG Simulating forecast with (40, 12, 50) (T,I,J), rep 105
2025-01-19 08:50:23,666 20180 DEBUG Simulating forecast with (40, 12, 50) (T,I,J), rep 106
2025-01-19 08:50:23,840 20180 DEBUG Simulating forecast with (40, 12, 50) (T,I,J), rep 107
2025-01-19 08:50:24,034 20180 DEBUG Simulating forecast with (40, 12, 50) (T,I,J), rep 108
2025-01-19 08:50:24,235 20180 DEBUG Simulating forecast with (40, 12, 50) (T,I,J), rep 109
2025-01-19 08:50:24,361 20180 DEBUG Simulating forecast with (40, 12, 50) (T,I,J), rep 110
2025-01-19 08:50:24,629 20180 DEBUG Simulating forecast with (40, 12, 50) (T,I,J), rep 111
2025-01-19 08:50:25,008 20180 DEBUG Simulating forecast with (40, 12, 50) (T,I,J), rep 112
2025-01-19 08:50:25,244 20180 DEBUG Simulating forecast with (40, 12, 50) (T,I,J), rep 113
2025-01-19 08:50:25,413 20180 DEBUG Simulating forecast with (40, 12, 50) (T,I,J), rep 114
2025-01-19 08:50:25,864 20180 DEBUG Simulating forecast with (40, 12, 50) (T,I,J), rep 115
2025-01-19 08:50:26,108 20180 DEBUG Simulating forecast with (40, 12, 50) (T,I,J), rep 116
2025-01-19 08:50:26,292 20180 DEBUG Simulating forecast with (40, 12, 50) (T,I,J), rep 117
2025-01-19 08:50:26,498 20180 DEBUG Simulating forecast with (40, 12, 50) (T,I,J), rep 118
2025-01-19 08:50:26,704 20180 DEBUG Simulating forecast with (40, 12, 50) (T,I,J), rep 119
2025-01-19 08:50:26,987 20180 DEBUG Simulating forecast with (40, 12, 50) (T,I,J), rep 120
2025-01-19 08:50:27,176 20180 DEBUG Simulating forecast with (40, 12, 50) (T,I,J), rep 121
2025-01-19 08:50:27,402 20180 DEBUG Simulating forecast with (40, 12, 50) (T,I,J), rep 122
2025-01-19 08:50:27,623 20180 DEBUG Simulating forecast with (40, 12, 50) (T,I,J), rep 123
2025-01-19 08:50:27,849 20180 DEBUG Simulating forecast with (40, 12, 50) (T,I,J), rep 124
2025-01-19 08:50:28,093 20180 DEBUG Simulating forecast with (40, 12, 50) (T,I,J), rep 125
2025-01-19 08:50:28,256 20180 DEBUG Simulating forecast with (40, 12, 50) (T,I,J), rep 126
2025-01-19 08:50:28,364 20180 DEBUG Simulating forecast with (40, 12, 50) (T,I,J), rep 127
2025-01-19 08:50:28,685 20180 DEBUG Simulating forecast with (40, 12, 50) (T,I,J), rep 128
2025-01-19 08:50:28,869 20180 DEBUG Simulating forecast with (40, 12, 50) (T,I,J), rep 129
2025-01-19 08:50:29,029 20180 DEBUG Simulating forecast with (40, 12, 50) (T,I,J), rep 130
2025-01-19 08:50:29,172 20180 DEBUG Simulating forecast with (40, 12, 50) (T,I,J), rep 131
2025-01-19 08:50:29,411 20180 DEBUG Simulating forecast with (40, 12, 50) (T,I,J), rep 132
2025-01-19 08:50:29,623 20180 DEBUG Simulating forecast with (40, 12, 50) (T,I,J), rep 133
2025-01-19 08:50:29,774 20180 DEBUG Simulating forecast with (40, 12, 50) (T,I,J), rep 134
2025-01-19 08:50:30,048 20180 DEBUG Simulating forecast with (40, 12, 50) (T,I,J), rep 135
2025-01-19 08:50:30,238 20180 DEBUG Simulating forecast with (40, 12, 50) (T,I,J), rep 136
2025-01-19 08:50:30,419 20180 DEBUG Simulating forecast with (40, 12, 50) (T,I,J), rep 137
2025-01-19 08:50:30,650 20180 DEBUG Simulating forecast with (40, 12, 50) (T,I,J), rep 138
2025-01-19 08:50:30,837 20180 DEBUG Simulating forecast with (40, 12, 50) (T,I,J), rep 139
2025-01-19 08:50:31,100 20180 DEBUG Simulating forecast with (40, 12, 50) (T,I,J), rep 140
2025-01-19 08:50:31,244 20180 DEBUG Simulating forecast with (40, 12, 50) (T,I,J), rep 141
2025-01-19 08:50:31,570 20180 DEBUG Simulating forecast with (40, 12, 50) (T,I,J), rep 142
2025-01-19 08:50:31,833 20180 DEBUG Simulating forecast with (40, 12, 50) (T,I,J), rep 143
2025-01-19 08:50:31,975 20180 DEBUG Simulating forecast with (40, 12, 50) (T,I,J), rep 144
2025-01-19 08:50:32,184 20180 DEBUG Simulating forecast with (40, 12, 50) (T,I,J), rep 145
2025-01-19 08:50:32,316 20180 DEBUG Simulating forecast with (40, 12, 50) (T,I,J), rep 146
2025-01-19 08:50:32,707 20180 DEBUG Simulating forecast with (40, 12, 50) (T,I,J), rep 147
2025-01-19 08:50:32,904 20180 DEBUG Simulating forecast with (40, 12, 50) (T,I,J), rep 148
2025-01-19 08:50:33,354 20180 DEBUG Simulating forecast with (40, 12, 50) (T,I,J), rep 149
2025-01-19 08:50:33,551 20180 DEBUG Simulating forecast with (40, 12, 50) (T,I,J), rep 0
2025-01-19 08:50:33,896 20180 DEBUG Simulating forecast with (40, 12, 50) (T,I,J), rep 1
2025-01-19 08:50:34,261 20180 DEBUG Simulating forecast with (40, 12, 50) (T,I,J), rep 2
2025-01-19 08:50:34,449 20180 DEBUG Simulating forecast with (40, 12, 50) (T,I,J), rep 3
2025-01-19 08:50:34,912 20180 DEBUG Simulating forecast with (40, 12, 50) (T,I,J), rep 4
2025-01-19 08:50:35,263 20180 DEBUG Simulating forecast with (40, 12, 50) (T,I,J), rep 5
2025-01-19 08:50:35,513 20180 DEBUG Simulating forecast with (40, 12, 50) (T,I,J), rep 6
2025-01-19 08:50:35,679 20180 DEBUG Simulating forecast with (40, 12, 50) (T,I,J), rep 7
2025-01-19 08:50:35,835 20180 DEBUG Simulating forecast with (40, 12, 50) (T,I,J), rep 8
2025-01-19 08:50:36,033 20180 DEBUG Simulating forecast with (40, 12, 50) (T,I,J), rep 9
2025-01-19 08:50:36,204 20180 DEBUG Simulating forecast with (40, 12, 50) (T,I,J), rep 10
2025-01-19 08:50:36,502 20180 DEBUG Simulating forecast with (40, 12, 50) (T,I,J), rep 11
2025-01-19 08:50:36,780 20180 DEBUG Simulating forecast with (40, 12, 50) (T,I,J), rep 12
2025-01-19 08:50:37,008 20180 DEBUG Simulating forecast with (40, 12, 50) (T,I,J), rep 13
2025-01-19 08:50:37,177 20180 DEBUG Simulating forecast with (40, 12, 50) (T,I,J), rep 14
2025-01-19 08:50:37,493 20180 DEBUG Simulating forecast with (40, 12, 50) (T,I,J), rep 15
2025-01-19 08:50:37,942 20180 DEBUG Simulating forecast with (40, 12, 50) (T,I,J), rep 16
2025-01-19 08:50:38,162 20180 DEBUG Simulating forecast with (40, 12, 50) (T,I,J), rep 17
2025-01-19 08:50:38,330 20180 DEBUG Simulating forecast with (40, 12, 50) (T,I,J), rep 18
2025-01-19 08:50:38,540 20180 DEBUG Simulating forecast with (40, 12, 50) (T,I,J), rep 19
2025-01-19 08:50:38,788 20180 DEBUG Simulating forecast with (40, 12, 50) (T,I,J), rep 20
2025-01-19 08:50:39,141 20180 DEBUG Simulating forecast with (40, 12, 50) (T,I,J), rep 21
2025-01-19 08:50:39,328 20180 DEBUG Simulating forecast with (40, 12, 50) (T,I,J), rep 22
2025-01-19 08:50:39,753 20180 DEBUG Simulating forecast with (40, 12, 50) (T,I,J), rep 23
2025-01-19 08:50:39,916 20180 DEBUG Simulating forecast with (40, 12, 50) (T,I,J), rep 24
2025-01-19 08:50:40,233 20180 DEBUG Simulating forecast with (40, 12, 50) (T,I,J), rep 25
2025-01-19 08:50:40,448 20180 DEBUG Simulating forecast with (40, 12, 50) (T,I,J), rep 26
2025-01-19 08:50:40,640 20180 DEBUG Simulating forecast with (40, 12, 50) (T,I,J), rep 27
2025-01-19 08:50:41,004 20180 DEBUG Simulating forecast with (40, 12, 50) (T,I,J), rep 28
2025-01-19 08:50:41,411 20180 DEBUG Simulating forecast with (40, 12, 50) (T,I,J), rep 29
2025-01-19 08:50:41,639 20180 DEBUG Simulating forecast with (40, 12, 50) (T,I,J), rep 30
2025-01-19 08:50:41,903 20180 DEBUG Simulating forecast with (40, 12, 50) (T,I,J), rep 31
2025-01-19 08:50:42,294 20180 DEBUG Simulating forecast with (40, 12, 50) (T,I,J), rep 32
2025-01-19 08:50:42,528 20180 DEBUG Simulating forecast with (40, 12, 50) (T,I,J), rep 33
2025-01-19 08:50:42,711 20180 DEBUG Simulating forecast with (40, 12, 50) (T,I,J), rep 34
2025-01-19 08:50:43,091 20180 DEBUG Simulating forecast with (40, 12, 50) (T,I,J), rep 35
2025-01-19 08:50:43,245 20180 DEBUG Simulating forecast with (40, 12, 50) (T,I,J), rep 36
2025-01-19 08:50:43,434 20180 DEBUG Simulating forecast with (40, 12, 50) (T,I,J), rep 37
2025-01-19 08:50:43,637 20180 DEBUG Simulating forecast with (40, 12, 50) (T,I,J), rep 38
2025-01-19 08:50:43,899 20180 DEBUG Simulating forecast with (40, 12, 50) (T,I,J), rep 39
2025-01-19 08:50:44,159 20180 DEBUG Simulating forecast with (40, 12, 50) (T,I,J), rep 40
2025-01-19 08:50:44,286 20180 DEBUG Simulating forecast with (40, 12, 50) (T,I,J), rep 41
2025-01-19 08:50:44,474 20180 DEBUG Simulating forecast with (40, 12, 50) (T,I,J), rep 42
2025-01-19 08:50:44,631 20180 DEBUG Simulating forecast with (40, 12, 50) (T,I,J), rep 43
2025-01-19 08:50:44,843 20180 DEBUG Simulating forecast with (40, 12, 50) (T,I,J), rep 44
2025-01-19 08:50:45,055 20180 DEBUG Simulating forecast with (40, 12, 50) (T,I,J), rep 45
2025-01-19 08:50:45,232 20180 DEBUG Simulating forecast with (40, 12, 50) (T,I,J), rep 46
2025-01-19 08:50:45,408 20180 DEBUG Simulating forecast with (40, 12, 50) (T,I,J), rep 47
2025-01-19 08:50:45,586 20180 DEBUG Simulating forecast with (40, 12, 50) (T,I,J), rep 48
2025-01-19 08:50:45,763 20180 DEBUG Simulating forecast with (40, 12, 50) (T,I,J), rep 49
2025-01-19 08:50:46,079 20180 DEBUG Simulating forecast with (40, 12, 50) (T,I,J), rep 50
2025-01-19 08:50:46,316 20180 DEBUG Simulating forecast with (40, 12, 50) (T,I,J), rep 51
2025-01-19 08:50:46,521 20180 DEBUG Simulating forecast with (40, 12, 50) (T,I,J), rep 52
2025-01-19 08:50:46,778 20180 DEBUG Simulating forecast with (40, 12, 50) (T,I,J), rep 53
2025-01-19 08:50:47,003 20180 DEBUG Simulating forecast with (40, 12, 50) (T,I,J), rep 54
2025-01-19 08:50:47,276 20180 DEBUG Simulating forecast with (40, 12, 50) (T,I,J), rep 55
2025-01-19 08:50:47,421 20180 DEBUG Simulating forecast with (40, 12, 50) (T,I,J), rep 56
2025-01-19 08:50:47,668 20180 DEBUG Simulating forecast with (40, 12, 50) (T,I,J), rep 57
2025-01-19 08:50:47,942 20180 DEBUG Simulating forecast with (40, 12, 50) (T,I,J), rep 58
2025-01-19 08:50:48,103 20180 DEBUG Simulating forecast with (40, 12, 50) (T,I,J), rep 59
2025-01-19 08:50:48,435 20180 DEBUG Simulating forecast with (40, 12, 50) (T,I,J), rep 60
2025-01-19 08:50:48,844 20180 DEBUG Simulating forecast with (40, 12, 50) (T,I,J), rep 61
2025-01-19 08:50:49,045 20180 DEBUG Simulating forecast with (40, 12, 50) (T,I,J), rep 62
2025-01-19 08:50:49,289 20180 DEBUG Simulating forecast with (40, 12, 50) (T,I,J), rep 63
2025-01-19 08:50:49,505 20180 DEBUG Simulating forecast with (40, 12, 50) (T,I,J), rep 64
2025-01-19 08:50:49,703 20180 DEBUG Simulating forecast with (40, 12, 50) (T,I,J), rep 65
2025-01-19 08:50:49,938 20180 DEBUG Simulating forecast with (40, 12, 50) (T,I,J), rep 66
2025-01-19 08:50:50,110 20180 DEBUG Simulating forecast with (40, 12, 50) (T,I,J), rep 67
2025-01-19 08:50:50,402 20180 DEBUG Simulating forecast with (40, 12, 50) (T,I,J), rep 68
2025-01-19 08:50:50,817 20180 DEBUG Simulating forecast with (40, 12, 50) (T,I,J), rep 69
2025-01-19 08:50:51,001 20180 DEBUG Simulating forecast with (40, 12, 50) (T,I,J), rep 70
2025-01-19 08:50:51,206 20180 DEBUG Simulating forecast with (40, 12, 50) (T,I,J), rep 71
2025-01-19 08:50:51,402 20180 DEBUG Simulating forecast with (40, 12, 50) (T,I,J), rep 72
2025-01-19 08:50:51,615 20180 DEBUG Simulating forecast with (40, 12, 50) (T,I,J), rep 73
2025-01-19 08:50:51,754 20180 DEBUG Simulating forecast with (40, 12, 50) (T,I,J), rep 74
2025-01-19 08:50:52,138 20180 DEBUG Simulating forecast with (40, 12, 50) (T,I,J), rep 75
2025-01-19 08:50:52,341 20180 DEBUG Simulating forecast with (40, 12, 50) (T,I,J), rep 76
2025-01-19 08:50:52,503 20180 DEBUG Simulating forecast with (40, 12, 50) (T,I,J), rep 77
2025-01-19 08:50:52,653 20180 DEBUG Simulating forecast with (40, 12, 50) (T,I,J), rep 78
2025-01-19 08:50:52,879 20180 DEBUG Simulating forecast with (40, 12, 50) (T,I,J), rep 79
2025-01-19 08:50:53,174 20180 DEBUG Simulating forecast with (40, 12, 50) (T,I,J), rep 80
2025-01-19 08:50:53,314 20180 DEBUG Simulating forecast with (40, 12, 50) (T,I,J), rep 81
2025-01-19 08:50:53,493 20180 DEBUG Simulating forecast with (40, 12, 50) (T,I,J), rep 82
2025-01-19 08:50:53,794 20180 DEBUG Simulating forecast with (40, 12, 50) (T,I,J), rep 83
2025-01-19 08:50:54,282 20180 DEBUG Simulating forecast with (40, 12, 50) (T,I,J), rep 84
2025-01-19 08:50:54,675 20180 DEBUG Simulating forecast with (40, 12, 50) (T,I,J), rep 85
2025-01-19 08:50:54,901 20180 DEBUG Simulating forecast with (40, 12, 50) (T,I,J), rep 86
2025-01-19 08:50:55,153 20180 DEBUG Simulating forecast with (40, 12, 50) (T,I,J), rep 87
2025-01-19 08:50:55,790 20180 DEBUG Simulating forecast with (40, 12, 50) (T,I,J), rep 88
2025-01-19 08:50:56,208 20180 DEBUG Simulating forecast with (40, 12, 50) (T,I,J), rep 89
2025-01-19 08:50:56,442 20180 DEBUG Simulating forecast with (40, 12, 50) (T,I,J), rep 90
2025-01-19 08:50:56,814 20180 DEBUG Simulating forecast with (40, 12, 50) (T,I,J), rep 91
2025-01-19 08:50:57,011 20180 DEBUG Simulating forecast with (40, 12, 50) (T,I,J), rep 92
2025-01-19 08:50:57,165 20180 DEBUG Simulating forecast with (40, 12, 50) (T,I,J), rep 93
2025-01-19 08:50:57,335 20180 DEBUG Simulating forecast with (40, 12, 50) (T,I,J), rep 94
2025-01-19 08:50:57,592 20180 DEBUG Simulating forecast with (40, 12, 50) (T,I,J), rep 95
2025-01-19 08:50:57,785 20180 DEBUG Simulating forecast with (40, 12, 50) (T,I,J), rep 96
2025-01-19 08:50:58,019 20180 DEBUG Simulating forecast with (40, 12, 50) (T,I,J), rep 97
2025-01-19 08:50:58,245 20180 DEBUG Simulating forecast with (40, 12, 50) (T,I,J), rep 98
2025-01-19 08:50:58,427 20180 DEBUG Simulating forecast with (40, 12, 50) (T,I,J), rep 99
2025-01-19 08:50:58,868 20180 DEBUG Simulating forecast with (40, 12, 50) (T,I,J), rep 100
2025-01-19 08:50:59,009 20180 DEBUG Simulating forecast with (40, 12, 50) (T,I,J), rep 101
2025-01-19 08:50:59,264 20180 DEBUG Simulating forecast with (40, 12, 50) (T,I,J), rep 102
2025-01-19 08:50:59,432 20180 DEBUG Simulating forecast with (40, 12, 50) (T,I,J), rep 103
2025-01-19 08:50:59,668 20180 DEBUG Simulating forecast with (40, 12, 50) (T,I,J), rep 104
2025-01-19 08:50:59,881 20180 DEBUG Simulating forecast with (40, 12, 50) (T,I,J), rep 105
2025-01-19 08:51:00,115 20180 DEBUG Simulating forecast with (40, 12, 50) (T,I,J), rep 106
2025-01-19 08:51:00,445 20180 DEBUG Simulating forecast with (40, 12, 50) (T,I,J), rep 107
2025-01-19 08:51:00,795 20180 DEBUG Simulating forecast with (40, 12, 50) (T,I,J), rep 108
2025-01-19 08:51:00,939 20180 DEBUG Simulating forecast with (40, 12, 50) (T,I,J), rep 109
2025-01-19 08:51:01,197 20180 DEBUG Simulating forecast with (40, 12, 50) (T,I,J), rep 110
2025-01-19 08:51:01,381 20180 DEBUG Simulating forecast with (40, 12, 50) (T,I,J), rep 111
2025-01-19 08:51:01,593 20180 DEBUG Simulating forecast with (40, 12, 50) (T,I,J), rep 112
2025-01-19 08:51:01,780 20180 DEBUG Simulating forecast with (40, 12, 50) (T,I,J), rep 113
2025-01-19 08:51:01,991 20180 DEBUG Simulating forecast with (40, 12, 50) (T,I,J), rep 114
2025-01-19 08:51:02,172 20180 DEBUG Simulating forecast with (40, 12, 50) (T,I,J), rep 115
2025-01-19 08:51:02,394 20180 DEBUG Simulating forecast with (40, 12, 50) (T,I,J), rep 116
2025-01-19 08:51:02,774 20180 DEBUG Simulating forecast with (40, 12, 50) (T,I,J), rep 117
2025-01-19 08:51:02,928 20180 DEBUG Simulating forecast with (40, 12, 50) (T,I,J), rep 118
2025-01-19 08:51:03,175 20180 DEBUG Simulating forecast with (40, 12, 50) (T,I,J), rep 119
2025-01-19 08:51:03,388 20180 DEBUG Simulating forecast with (40, 12, 50) (T,I,J), rep 120
2025-01-19 08:51:03,568 20180 DEBUG Simulating forecast with (40, 12, 50) (T,I,J), rep 121
2025-01-19 08:51:03,908 20180 DEBUG Simulating forecast with (40, 12, 50) (T,I,J), rep 122
2025-01-19 08:51:04,045 20180 DEBUG Simulating forecast with (40, 12, 50) (T,I,J), rep 123
2025-01-19 08:51:04,204 20180 DEBUG Simulating forecast with (40, 12, 50) (T,I,J), rep 124
2025-01-19 08:51:04,427 20180 DEBUG Simulating forecast with (40, 12, 50) (T,I,J), rep 125
2025-01-19 08:51:04,712 20180 DEBUG Simulating forecast with (40, 12, 50) (T,I,J), rep 126
2025-01-19 08:51:04,874 20180 DEBUG Simulating forecast with (40, 12, 50) (T,I,J), rep 127
2025-01-19 08:51:05,128 20180 DEBUG Simulating forecast with (40, 12, 50) (T,I,J), rep 128
2025-01-19 08:51:05,471 20180 DEBUG Simulating forecast with (40, 12, 50) (T,I,J), rep 129
2025-01-19 08:51:05,807 20180 DEBUG Simulating forecast with (40, 12, 50) (T,I,J), rep 130
2025-01-19 08:51:06,194 20180 DEBUG Simulating forecast with (40, 12, 50) (T,I,J), rep 131
2025-01-19 08:51:06,357 20180 DEBUG Simulating forecast with (40, 12, 50) (T,I,J), rep 132
2025-01-19 08:51:06,588 20180 DEBUG Simulating forecast with (40, 12, 50) (T,I,J), rep 133
2025-01-19 08:51:06,836 20180 DEBUG Simulating forecast with (40, 12, 50) (T,I,J), rep 134
2025-01-19 08:51:07,070 20180 DEBUG Simulating forecast with (40, 12, 50) (T,I,J), rep 135
2025-01-19 08:51:07,214 20180 DEBUG Simulating forecast with (40, 12, 50) (T,I,J), rep 136
2025-01-19 08:51:07,379 20180 DEBUG Simulating forecast with (40, 12, 50) (T,I,J), rep 137
2025-01-19 08:51:07,610 20180 DEBUG Simulating forecast with (40, 12, 50) (T,I,J), rep 138
2025-01-19 08:51:07,811 20180 DEBUG Simulating forecast with (40, 12, 50) (T,I,J), rep 139
2025-01-19 08:51:08,067 20180 DEBUG Simulating forecast with (40, 12, 50) (T,I,J), rep 140
2025-01-19 08:51:08,236 20180 DEBUG Simulating forecast with (40, 12, 50) (T,I,J), rep 141
2025-01-19 08:51:08,479 20180 DEBUG Simulating forecast with (40, 12, 50) (T,I,J), rep 142
2025-01-19 08:51:08,753 20180 DEBUG Simulating forecast with (40, 12, 50) (T,I,J), rep 143
2025-01-19 08:51:09,152 20180 DEBUG Simulating forecast with (40, 12, 50) (T,I,J), rep 144
2025-01-19 08:51:09,345 20180 DEBUG Simulating forecast with (40, 12, 50) (T,I,J), rep 145
2025-01-19 08:51:09,493 20180 DEBUG Simulating forecast with (40, 12, 50) (T,I,J), rep 146
2025-01-19 08:51:09,629 20180 DEBUG Simulating forecast with (40, 12, 50) (T,I,J), rep 147
2025-01-19 08:51:10,473 20180 DEBUG Simulating forecast with (40, 12, 50) (T,I,J), rep 148
2025-01-19 08:51:10,674 20180 DEBUG Simulating forecast with (40, 12, 50) (T,I,J), rep 149
2025-01-19 08:51:10,874 20180 DEBUG Simulating forecast with (40, 12, 50) (T,I,J), rep 0
2025-01-19 08:51:11,058 20180 DEBUG Simulating forecast with (40, 12, 50) (T,I,J), rep 1
2025-01-19 08:51:11,325 20180 DEBUG Simulating forecast with (40, 12, 50) (T,I,J), rep 2
2025-01-19 08:51:11,557 20180 DEBUG Simulating forecast with (40, 12, 50) (T,I,J), rep 3
2025-01-19 08:51:11,756 20180 DEBUG Simulating forecast with (40, 12, 50) (T,I,J), rep 4
2025-01-19 08:51:11,899 20180 DEBUG Simulating forecast with (40, 12, 50) (T,I,J), rep 5
2025-01-19 08:51:12,190 20180 DEBUG Simulating forecast with (40, 12, 50) (T,I,J), rep 6
2025-01-19 08:51:12,488 20180 DEBUG Simulating forecast with (40, 12, 50) (T,I,J), rep 7
2025-01-19 08:51:12,714 20180 DEBUG Simulating forecast with (40, 12, 50) (T,I,J), rep 8
2025-01-19 08:51:12,898 20180 DEBUG Simulating forecast with (40, 12, 50) (T,I,J), rep 9
2025-01-19 08:51:13,239 20180 DEBUG Simulating forecast with (40, 12, 50) (T,I,J), rep 10
2025-01-19 08:51:13,449 20180 DEBUG Simulating forecast with (40, 12, 50) (T,I,J), rep 11
2025-01-19 08:51:13,663 20180 DEBUG Simulating forecast with (40, 12, 50) (T,I,J), rep 12
2025-01-19 08:51:13,918 20180 DEBUG Simulating forecast with (40, 12, 50) (T,I,J), rep 13
2025-01-19 08:51:14,204 20180 DEBUG Simulating forecast with (40, 12, 50) (T,I,J), rep 14
2025-01-19 08:51:14,386 20180 DEBUG Simulating forecast with (40, 12, 50) (T,I,J), rep 15
2025-01-19 08:51:14,613 20180 DEBUG Simulating forecast with (40, 12, 50) (T,I,J), rep 16
2025-01-19 08:51:14,810 20180 DEBUG Simulating forecast with (40, 12, 50) (T,I,J), rep 17
2025-01-19 08:51:15,023 20180 DEBUG Simulating forecast with (40, 12, 50) (T,I,J), rep 18
2025-01-19 08:51:15,387 20180 DEBUG Simulating forecast with (40, 12, 50) (T,I,J), rep 19
2025-01-19 08:51:15,798 20180 DEBUG Simulating forecast with (40, 12, 50) (T,I,J), rep 20
2025-01-19 08:51:16,183 20180 DEBUG Simulating forecast with (40, 12, 50) (T,I,J), rep 21
2025-01-19 08:51:16,418 20180 DEBUG Simulating forecast with (40, 12, 50) (T,I,J), rep 22
2025-01-19 08:51:16,578 20180 DEBUG Simulating forecast with (40, 12, 50) (T,I,J), rep 23
2025-01-19 08:51:16,848 20180 DEBUG Simulating forecast with (40, 12, 50) (T,I,J), rep 24
2025-01-19 08:51:17,010 20180 DEBUG Simulating forecast with (40, 12, 50) (T,I,J), rep 25
2025-01-19 08:51:17,283 20180 DEBUG Simulating forecast with (40, 12, 50) (T,I,J), rep 26
2025-01-19 08:51:17,482 20180 DEBUG Simulating forecast with (40, 12, 50) (T,I,J), rep 27
2025-01-19 08:51:17,749 20180 DEBUG Simulating forecast with (40, 12, 50) (T,I,J), rep 28
2025-01-19 08:51:17,926 20180 DEBUG Simulating forecast with (40, 12, 50) (T,I,J), rep 29
2025-01-19 08:51:18,132 20180 DEBUG Simulating forecast with (40, 12, 50) (T,I,J), rep 30
2025-01-19 08:51:18,465 20180 DEBUG Simulating forecast with (40, 12, 50) (T,I,J), rep 31
2025-01-19 08:51:18,709 20180 DEBUG Simulating forecast with (40, 12, 50) (T,I,J), rep 32
2025-01-19 08:51:18,911 20180 DEBUG Simulating forecast with (40, 12, 50) (T,I,J), rep 33
2025-01-19 08:51:19,117 20180 DEBUG Simulating forecast with (40, 12, 50) (T,I,J), rep 34
2025-01-19 08:51:19,298 20180 DEBUG Simulating forecast with (40, 12, 50) (T,I,J), rep 35
2025-01-19 08:51:19,487 20180 DEBUG Simulating forecast with (40, 12, 50) (T,I,J), rep 36
2025-01-19 08:51:19,686 20180 DEBUG Simulating forecast with (40, 12, 50) (T,I,J), rep 37
2025-01-19 08:51:19,870 20180 DEBUG Simulating forecast with (40, 12, 50) (T,I,J), rep 38
2025-01-19 08:51:20,133 20180 DEBUG Simulating forecast with (40, 12, 50) (T,I,J), rep 39
2025-01-19 08:51:20,286 20180 DEBUG Simulating forecast with (40, 12, 50) (T,I,J), rep 40
2025-01-19 08:51:20,543 20180 DEBUG Simulating forecast with (40, 12, 50) (T,I,J), rep 41
2025-01-19 08:51:20,960 20180 DEBUG Simulating forecast with (40, 12, 50) (T,I,J), rep 42
2025-01-19 08:51:21,267 20180 DEBUG Simulating forecast with (40, 12, 50) (T,I,J), rep 43
2025-01-19 08:51:21,460 20180 DEBUG Simulating forecast with (40, 12, 50) (T,I,J), rep 44
2025-01-19 08:51:21,761 20180 DEBUG Simulating forecast with (40, 12, 50) (T,I,J), rep 45
2025-01-19 08:51:21,980 20180 DEBUG Simulating forecast with (40, 12, 50) (T,I,J), rep 46
2025-01-19 08:51:22,149 20180 DEBUG Simulating forecast with (40, 12, 50) (T,I,J), rep 47
2025-01-19 08:51:22,517 20180 DEBUG Simulating forecast with (40, 12, 50) (T,I,J), rep 48
2025-01-19 08:51:22,959 20180 DEBUG Simulating forecast with (40, 12, 50) (T,I,J), rep 49
2025-01-19 08:51:23,142 20180 DEBUG Simulating forecast with (40, 12, 50) (T,I,J), rep 50
2025-01-19 08:51:23,329 20180 DEBUG Simulating forecast with (40, 12, 50) (T,I,J), rep 51
2025-01-19 08:51:23,514 20180 DEBUG Simulating forecast with (40, 12, 50) (T,I,J), rep 52
2025-01-19 08:51:23,692 20180 DEBUG Simulating forecast with (40, 12, 50) (T,I,J), rep 53
2025-01-19 08:51:24,038 20180 DEBUG Simulating forecast with (40, 12, 50) (T,I,J), rep 54
2025-01-19 08:51:24,192 20180 DEBUG Simulating forecast with (40, 12, 50) (T,I,J), rep 55
2025-01-19 08:51:24,384 20180 DEBUG Simulating forecast with (40, 12, 50) (T,I,J), rep 56
2025-01-19 08:51:24,642 20180 DEBUG Simulating forecast with (40, 12, 50) (T,I,J), rep 57
2025-01-19 08:51:24,843 20180 DEBUG Simulating forecast with (40, 12, 50) (T,I,J), rep 58
2025-01-19 08:51:24,977 20180 DEBUG Simulating forecast with (40, 12, 50) (T,I,J), rep 59
2025-01-19 08:51:25,173 20180 DEBUG Simulating forecast with (40, 12, 50) (T,I,J), rep 60
2025-01-19 08:51:25,347 20180 DEBUG Simulating forecast with (40, 12, 50) (T,I,J), rep 61
2025-01-19 08:51:25,666 20180 DEBUG Simulating forecast with (40, 12, 50) (T,I,J), rep 62
2025-01-19 08:51:26,032 20180 DEBUG Simulating forecast with (40, 12, 50) (T,I,J), rep 63
2025-01-19 08:51:26,186 20180 DEBUG Simulating forecast with (40, 12, 50) (T,I,J), rep 64
2025-01-19 08:51:26,645 20180 DEBUG Simulating forecast with (40, 12, 50) (T,I,J), rep 65
2025-01-19 08:51:26,882 20180 DEBUG Simulating forecast with (40, 12, 50) (T,I,J), rep 66
2025-01-19 08:51:27,031 20180 DEBUG Simulating forecast with (40, 12, 50) (T,I,J), rep 67
2025-01-19 08:51:27,237 20180 DEBUG Simulating forecast with (40, 12, 50) (T,I,J), rep 68
2025-01-19 08:51:27,433 20180 DEBUG Simulating forecast with (40, 12, 50) (T,I,J), rep 69
2025-01-19 08:51:27,582 20180 DEBUG Simulating forecast with (40, 12, 50) (T,I,J), rep 70
2025-01-19 08:51:28,037 20180 DEBUG Simulating forecast with (40, 12, 50) (T,I,J), rep 71
2025-01-19 08:51:28,245 20180 DEBUG Simulating forecast with (40, 12, 50) (T,I,J), rep 72
2025-01-19 08:51:28,555 20180 DEBUG Simulating forecast with (40, 12, 50) (T,I,J), rep 73
2025-01-19 08:51:28,768 20180 DEBUG Simulating forecast with (40, 12, 50) (T,I,J), rep 74
2025-01-19 08:51:29,078 20180 DEBUG Simulating forecast with (40, 12, 50) (T,I,J), rep 75
2025-01-19 08:51:29,338 20180 DEBUG Simulating forecast with (40, 12, 50) (T,I,J), rep 76
2025-01-19 08:51:29,569 20180 DEBUG Simulating forecast with (40, 12, 50) (T,I,J), rep 77
2025-01-19 08:51:29,779 20180 DEBUG Simulating forecast with (40, 12, 50) (T,I,J), rep 78
2025-01-19 08:51:30,153 20180 DEBUG Simulating forecast with (40, 12, 50) (T,I,J), rep 79
2025-01-19 08:51:30,454 20180 DEBUG Simulating forecast with (40, 12, 50) (T,I,J), rep 80
2025-01-19 08:51:30,769 20180 DEBUG Simulating forecast with (40, 12, 50) (T,I,J), rep 81
2025-01-19 08:51:31,047 20180 DEBUG Simulating forecast with (40, 12, 50) (T,I,J), rep 82
2025-01-19 08:51:31,287 20180 DEBUG Simulating forecast with (40, 12, 50) (T,I,J), rep 83
2025-01-19 08:51:31,471 20180 DEBUG Simulating forecast with (40, 12, 50) (T,I,J), rep 84
2025-01-19 08:51:31,717 20180 DEBUG Simulating forecast with (40, 12, 50) (T,I,J), rep 85
2025-01-19 08:51:31,988 20180 DEBUG Simulating forecast with (40, 12, 50) (T,I,J), rep 86
2025-01-19 08:51:32,214 20180 DEBUG Simulating forecast with (40, 12, 50) (T,I,J), rep 87
2025-01-19 08:51:32,372 20180 DEBUG Simulating forecast with (40, 12, 50) (T,I,J), rep 88
2025-01-19 08:51:32,650 20180 DEBUG Simulating forecast with (40, 12, 50) (T,I,J), rep 89
2025-01-19 08:51:32,916 20180 DEBUG Simulating forecast with (40, 12, 50) (T,I,J), rep 90
2025-01-19 08:51:33,214 20180 DEBUG Simulating forecast with (40, 12, 50) (T,I,J), rep 91
2025-01-19 08:51:33,433 20180 DEBUG Simulating forecast with (40, 12, 50) (T,I,J), rep 92
2025-01-19 08:51:34,294 20180 DEBUG Simulating forecast with (40, 12, 50) (T,I,J), rep 93
2025-01-19 08:51:34,621 20180 DEBUG Simulating forecast with (40, 12, 50) (T,I,J), rep 94
2025-01-19 08:51:34,796 20180 DEBUG Simulating forecast with (40, 12, 50) (T,I,J), rep 95
2025-01-19 08:51:35,204 20180 DEBUG Simulating forecast with (40, 12, 50) (T,I,J), rep 96
2025-01-19 08:51:35,521 20180 DEBUG Simulating forecast with (40, 12, 50) (T,I,J), rep 97
2025-01-19 08:51:35,690 20180 DEBUG Simulating forecast with (40, 12, 50) (T,I,J), rep 98
2025-01-19 08:51:35,918 20180 DEBUG Simulating forecast with (40, 12, 50) (T,I,J), rep 99
2025-01-19 08:51:36,114 20180 DEBUG Simulating forecast with (40, 12, 50) (T,I,J), rep 100
2025-01-19 08:51:36,273 20180 DEBUG Simulating forecast with (40, 12, 50) (T,I,J), rep 101
2025-01-19 08:51:36,694 20180 DEBUG Simulating forecast with (40, 12, 50) (T,I,J), rep 102
2025-01-19 08:51:37,048 20180 DEBUG Simulating forecast with (40, 12, 50) (T,I,J), rep 103
2025-01-19 08:51:37,304 20180 DEBUG Simulating forecast with (40, 12, 50) (T,I,J), rep 104
2025-01-19 08:51:37,552 20180 DEBUG Simulating forecast with (40, 12, 50) (T,I,J), rep 105
2025-01-19 08:51:37,786 20180 DEBUG Simulating forecast with (40, 12, 50) (T,I,J), rep 106
2025-01-19 08:51:37,960 20180 DEBUG Simulating forecast with (40, 12, 50) (T,I,J), rep 107
2025-01-19 08:51:38,214 20180 DEBUG Simulating forecast with (40, 12, 50) (T,I,J), rep 108
2025-01-19 08:51:38,402 20180 DEBUG Simulating forecast with (40, 12, 50) (T,I,J), rep 109
2025-01-19 08:51:38,618 20180 DEBUG Simulating forecast with (40, 12, 50) (T,I,J), rep 110
2025-01-19 08:51:38,873 20180 DEBUG Simulating forecast with (40, 12, 50) (T,I,J), rep 111
2025-01-19 08:51:39,137 20180 DEBUG Simulating forecast with (40, 12, 50) (T,I,J), rep 112
2025-01-19 08:51:39,599 20180 DEBUG Simulating forecast with (40, 12, 50) (T,I,J), rep 113
2025-01-19 08:51:39,852 20180 DEBUG Simulating forecast with (40, 12, 50) (T,I,J), rep 114
2025-01-19 08:51:40,051 20180 DEBUG Simulating forecast with (40, 12, 50) (T,I,J), rep 115
2025-01-19 08:51:40,305 20180 DEBUG Simulating forecast with (40, 12, 50) (T,I,J), rep 116
2025-01-19 08:51:40,538 20180 DEBUG Simulating forecast with (40, 12, 50) (T,I,J), rep 117
2025-01-19 08:51:40,780 20180 DEBUG Simulating forecast with (40, 12, 50) (T,I,J), rep 118
2025-01-19 08:51:40,942 20180 DEBUG Simulating forecast with (40, 12, 50) (T,I,J), rep 119
2025-01-19 08:51:41,240 20180 DEBUG Simulating forecast with (40, 12, 50) (T,I,J), rep 120
2025-01-19 08:51:41,594 20180 DEBUG Simulating forecast with (40, 12, 50) (T,I,J), rep 121
2025-01-19 08:51:41,696 20180 DEBUG Simulating forecast with (40, 12, 50) (T,I,J), rep 122
2025-01-19 08:51:42,036 20180 DEBUG Simulating forecast with (40, 12, 50) (T,I,J), rep 123
2025-01-19 08:51:42,480 20180 DEBUG Simulating forecast with (40, 12, 50) (T,I,J), rep 124
2025-01-19 08:51:42,799 20180 DEBUG Simulating forecast with (40, 12, 50) (T,I,J), rep 125
2025-01-19 08:51:43,101 20180 DEBUG Simulating forecast with (40, 12, 50) (T,I,J), rep 126
2025-01-19 08:51:43,503 20180 DEBUG Simulating forecast with (40, 12, 50) (T,I,J), rep 127
2025-01-19 08:51:43,782 20180 DEBUG Simulating forecast with (40, 12, 50) (T,I,J), rep 128
2025-01-19 08:51:44,056 20180 DEBUG Simulating forecast with (40, 12, 50) (T,I,J), rep 129
2025-01-19 08:51:44,278 20180 DEBUG Simulating forecast with (40, 12, 50) (T,I,J), rep 130
2025-01-19 08:51:44,593 20180 DEBUG Simulating forecast with (40, 12, 50) (T,I,J), rep 131
2025-01-19 08:51:44,875 20180 DEBUG Simulating forecast with (40, 12, 50) (T,I,J), rep 132
2025-01-19 08:51:45,115 20180 DEBUG Simulating forecast with (40, 12, 50) (T,I,J), rep 133
2025-01-19 08:51:45,332 20180 DEBUG Simulating forecast with (40, 12, 50) (T,I,J), rep 134
2025-01-19 08:51:45,676 20180 DEBUG Simulating forecast with (40, 12, 50) (T,I,J), rep 135
2025-01-19 08:51:45,851 20180 DEBUG Simulating forecast with (40, 12, 50) (T,I,J), rep 136
2025-01-19 08:51:46,177 20180 DEBUG Simulating forecast with (40, 12, 50) (T,I,J), rep 137
2025-01-19 08:51:46,542 20180 DEBUG Simulating forecast with (40, 12, 50) (T,I,J), rep 138
2025-01-19 08:51:46,833 20180 DEBUG Simulating forecast with (40, 12, 50) (T,I,J), rep 139
2025-01-19 08:51:47,007 20180 DEBUG Simulating forecast with (40, 12, 50) (T,I,J), rep 140
2025-01-19 08:51:47,454 20180 DEBUG Simulating forecast with (40, 12, 50) (T,I,J), rep 141
2025-01-19 08:51:47,616 20180 DEBUG Simulating forecast with (40, 12, 50) (T,I,J), rep 142
2025-01-19 08:51:47,817 20180 DEBUG Simulating forecast with (40, 12, 50) (T,I,J), rep 143
2025-01-19 08:51:48,200 20180 DEBUG Simulating forecast with (40, 12, 50) (T,I,J), rep 144
2025-01-19 08:51:48,527 20180 DEBUG Simulating forecast with (40, 12, 50) (T,I,J), rep 145
2025-01-19 08:51:48,975 20180 DEBUG Simulating forecast with (40, 12, 50) (T,I,J), rep 146
2025-01-19 08:51:49,159 20180 DEBUG Simulating forecast with (40, 12, 50) (T,I,J), rep 147
2025-01-19 08:51:49,330 20180 DEBUG Simulating forecast with (40, 12, 50) (T,I,J), rep 148
2025-01-19 08:51:49,589 20180 DEBUG Simulating forecast with (40, 12, 50) (T,I,J), rep 149
2025-01-19 08:51:55,694 10996 DEBUG Simulating forecast with (40, 12, 50) (T,I,J), rep 0
2025-01-19 08:51:55,696 18132 DEBUG Simulating forecast with (40, 12, 50) (T,I,J), rep 19
2025-01-19 08:51:55,700 22120 DEBUG Simulating forecast with (40, 12, 50) (T,I,J), rep 38
2025-01-19 08:51:55,706 16768 DEBUG Simulating forecast with (40, 12, 50) (T,I,J), rep 57
2025-01-19 08:51:55,706 5384 DEBUG Simulating forecast with (40, 12, 50) (T,I,J), rep 76
2025-01-19 08:51:55,715 8452 DEBUG Simulating forecast with (40, 12, 50) (T,I,J), rep 95
2025-01-19 08:51:55,723 15908 DEBUG Simulating forecast with (40, 12, 50) (T,I,J), rep 114
2025-01-19 08:51:55,728 20960 DEBUG Simulating forecast with (40, 12, 50) (T,I,J), rep 133
2025-01-19 08:51:57,001 10996 DEBUG Simulating forecast with (40, 12, 50) (T,I,J), rep 1
2025-01-19 08:51:57,017 16768 DEBUG Simulating forecast with (40, 12, 50) (T,I,J), rep 58
2025-01-19 08:51:57,092 5384 DEBUG Simulating forecast with (40, 12, 50) (T,I,J), rep 77
2025-01-19 08:51:57,098 15908 DEBUG Simulating forecast with (40, 12, 50) (T,I,J), rep 115
2025-01-19 08:51:57,136 8452 DEBUG Simulating forecast with (40, 12, 50) (T,I,J), rep 96
2025-01-19 08:51:57,413 22120 DEBUG Simulating forecast with (40, 12, 50) (T,I,J), rep 39
2025-01-19 08:51:57,699 18132 DEBUG Simulating forecast with (40, 12, 50) (T,I,J), rep 20
2025-01-19 08:51:57,724 20960 DEBUG Simulating forecast with (40, 12, 50) (T,I,J), rep 134
2025-01-19 08:51:58,927 16768 DEBUG Simulating forecast with (40, 12, 50) (T,I,J), rep 59
2025-01-19 08:51:59,076 22120 DEBUG Simulating forecast with (40, 12, 50) (T,I,J), rep 40
2025-01-19 08:51:59,094 15908 DEBUG Simulating forecast with (40, 12, 50) (T,I,J), rep 116
2025-01-19 08:51:59,190 10996 DEBUG Simulating forecast with (40, 12, 50) (T,I,J), rep 2
2025-01-19 08:51:59,227 5384 DEBUG Simulating forecast with (40, 12, 50) (T,I,J), rep 78
2025-01-19 08:51:59,429 8452 DEBUG Simulating forecast with (40, 12, 50) (T,I,J), rep 97
2025-01-19 08:51:59,637 18132 DEBUG Simulating forecast with (40, 12, 50) (T,I,J), rep 21
2025-01-19 08:52:00,294 15908 DEBUG Simulating forecast with (40, 12, 50) (T,I,J), rep 117
2025-01-19 08:52:00,576 16768 DEBUG Simulating forecast with (40, 12, 50) (T,I,J), rep 60
2025-01-19 08:52:00,695 20960 DEBUG Simulating forecast with (40, 12, 50) (T,I,J), rep 135
2025-01-19 08:52:00,950 10996 DEBUG Simulating forecast with (40, 12, 50) (T,I,J), rep 3
2025-01-19 08:52:00,972 5384 DEBUG Simulating forecast with (40, 12, 50) (T,I,J), rep 79
2025-01-19 08:52:01,176 8452 DEBUG Simulating forecast with (40, 12, 50) (T,I,J), rep 98
2025-01-19 08:52:01,561 18132 DEBUG Simulating forecast with (40, 12, 50) (T,I,J), rep 22
2025-01-19 08:52:01,583 22120 DEBUG Simulating forecast with (40, 12, 50) (T,I,J), rep 41
2025-01-19 08:52:01,999 20960 DEBUG Simulating forecast with (40, 12, 50) (T,I,J), rep 136
2025-01-19 08:52:02,092 15908 DEBUG Simulating forecast with (40, 12, 50) (T,I,J), rep 118
2025-01-19 08:52:02,751 16768 DEBUG Simulating forecast with (40, 12, 50) (T,I,J), rep 61
2025-01-19 08:52:02,891 10996 DEBUG Simulating forecast with (40, 12, 50) (T,I,J), rep 4
2025-01-19 08:52:02,910 5384 DEBUG Simulating forecast with (40, 12, 50) (T,I,J), rep 80
2025-01-19 08:52:03,116 8452 DEBUG Simulating forecast with (40, 12, 50) (T,I,J), rep 99
2025-01-19 08:52:03,384 18132 DEBUG Simulating forecast with (40, 12, 50) (T,I,J), rep 23
2025-01-19 08:52:03,405 22120 DEBUG Simulating forecast with (40, 12, 50) (T,I,J), rep 42
2025-01-19 08:52:03,926 20960 DEBUG Simulating forecast with (40, 12, 50) (T,I,J), rep 137
2025-01-19 08:52:04,059 16768 DEBUG Simulating forecast with (40, 12, 50) (T,I,J), rep 62
2025-01-19 08:52:04,356 15908 DEBUG Simulating forecast with (40, 12, 50) (T,I,J), rep 119
2025-01-19 08:52:04,485 5384 DEBUG Simulating forecast with (40, 12, 50) (T,I,J), rep 81
2025-01-19 08:52:04,497 10996 DEBUG Simulating forecast with (40, 12, 50) (T,I,J), rep 5
2025-01-19 08:52:04,791 8452 DEBUG Simulating forecast with (40, 12, 50) (T,I,J), rep 100
2025-01-19 08:52:05,036 18132 DEBUG Simulating forecast with (40, 12, 50) (T,I,J), rep 24
2025-01-19 08:52:05,241 22120 DEBUG Simulating forecast with (40, 12, 50) (T,I,J), rep 43
2025-01-19 08:52:05,349 20960 DEBUG Simulating forecast with (40, 12, 50) (T,I,J), rep 138
2025-01-19 08:52:06,145 5384 DEBUG Simulating forecast with (40, 12, 50) (T,I,J), rep 82
2025-01-19 08:52:06,597 15908 DEBUG Simulating forecast with (40, 12, 50) (T,I,J), rep 120
2025-01-19 08:52:07,060 8452 DEBUG Simulating forecast with (40, 12, 50) (T,I,J), rep 101
2025-01-19 08:52:07,079 10996 DEBUG Simulating forecast with (40, 12, 50) (T,I,J), rep 6
2025-01-19 08:52:07,456 18132 DEBUG Simulating forecast with (40, 12, 50) (T,I,J), rep 25
2025-01-19 08:52:07,556 16768 DEBUG Simulating forecast with (40, 12, 50) (T,I,J), rep 63
2025-01-19 08:52:07,692 22120 DEBUG Simulating forecast with (40, 12, 50) (T,I,J), rep 44
2025-01-19 08:52:07,766 20960 DEBUG Simulating forecast with (40, 12, 50) (T,I,J), rep 139
2025-01-19 08:52:08,141 5384 DEBUG Simulating forecast with (40, 12, 50) (T,I,J), rep 83
2025-01-19 08:52:08,258 15908 DEBUG Simulating forecast with (40, 12, 50) (T,I,J), rep 121
2025-01-19 08:52:08,353 8452 DEBUG Simulating forecast with (40, 12, 50) (T,I,J), rep 102
2025-01-19 08:52:08,483 10996 DEBUG Simulating forecast with (40, 12, 50) (T,I,J), rep 7
2025-01-19 08:52:08,815 18132 DEBUG Simulating forecast with (40, 12, 50) (T,I,J), rep 26
2025-01-19 08:52:08,953 16768 DEBUG Simulating forecast with (40, 12, 50) (T,I,J), rep 64
2025-01-19 08:52:09,203 22120 DEBUG Simulating forecast with (40, 12, 50) (T,I,J), rep 45
2025-01-19 08:52:09,506 20960 DEBUG Simulating forecast with (40, 12, 50) (T,I,J), rep 140
2025-01-19 08:52:09,576 5384 DEBUG Simulating forecast with (40, 12, 50) (T,I,J), rep 84
2025-01-19 08:52:09,731 8452 DEBUG Simulating forecast with (40, 12, 50) (T,I,J), rep 103
2025-01-19 08:52:09,925 15908 DEBUG Simulating forecast with (40, 12, 50) (T,I,J), rep 122
2025-01-19 08:52:09,952 10996 DEBUG Simulating forecast with (40, 12, 50) (T,I,J), rep 8
2025-01-19 08:52:10,298 16768 DEBUG Simulating forecast with (40, 12, 50) (T,I,J), rep 65
2025-01-19 08:52:10,734 20960 DEBUG Simulating forecast with (40, 12, 50) (T,I,J), rep 141
2025-01-19 08:52:11,090 8452 DEBUG Simulating forecast with (40, 12, 50) (T,I,J), rep 104
2025-01-19 08:52:11,127 18132 DEBUG Simulating forecast with (40, 12, 50) (T,I,J), rep 27
2025-01-19 08:52:11,603 22120 DEBUG Simulating forecast with (40, 12, 50) (T,I,J), rep 46
2025-01-19 08:52:11,669 10996 DEBUG Simulating forecast with (40, 12, 50) (T,I,J), rep 9
2025-01-19 08:52:11,750 15908 DEBUG Simulating forecast with (40, 12, 50) (T,I,J), rep 123
2025-01-19 08:52:11,758 5384 DEBUG Simulating forecast with (40, 12, 50) (T,I,J), rep 85
2025-01-19 08:52:12,397 8452 DEBUG Simulating forecast with (40, 12, 50) (T,I,J), rep 105
2025-01-19 08:52:12,599 20960 DEBUG Simulating forecast with (40, 12, 50) (T,I,J), rep 142
2025-01-19 08:52:12,789 18132 DEBUG Simulating forecast with (40, 12, 50) (T,I,J), rep 28
2025-01-19 08:52:13,332 10996 DEBUG Simulating forecast with (40, 12, 50) (T,I,J), rep 10
2025-01-19 08:52:13,451 22120 DEBUG Simulating forecast with (40, 12, 50) (T,I,J), rep 47
2025-01-19 08:52:13,509 15908 DEBUG Simulating forecast with (40, 12, 50) (T,I,J), rep 124
2025-01-19 08:52:13,530 5384 DEBUG Simulating forecast with (40, 12, 50) (T,I,J), rep 86
2025-01-19 08:52:13,687 16768 DEBUG Simulating forecast with (40, 12, 50) (T,I,J), rep 66
2025-01-19 08:52:14,108 8452 DEBUG Simulating forecast with (40, 12, 50) (T,I,J), rep 106
2025-01-19 08:52:14,184 20960 DEBUG Simulating forecast with (40, 12, 50) (T,I,J), rep 143
2025-01-19 08:52:14,665 22120 DEBUG Simulating forecast with (40, 12, 50) (T,I,J), rep 48
2025-01-19 08:52:14,856 5384 DEBUG Simulating forecast with (40, 12, 50) (T,I,J), rep 87
2025-01-19 08:52:14,938 15908 DEBUG Simulating forecast with (40, 12, 50) (T,I,J), rep 125
2025-01-19 08:52:15,120 18132 DEBUG Simulating forecast with (40, 12, 50) (T,I,J), rep 29
2025-01-19 08:52:15,685 10996 DEBUG Simulating forecast with (40, 12, 50) (T,I,J), rep 11
2025-01-19 08:52:15,846 8452 DEBUG Simulating forecast with (40, 12, 50) (T,I,J), rep 107
2025-01-19 08:52:15,929 16768 DEBUG Simulating forecast with (40, 12, 50) (T,I,J), rep 67
2025-01-19 08:52:16,166 20960 DEBUG Simulating forecast with (40, 12, 50) (T,I,J), rep 144
2025-01-19 08:52:16,397 5384 DEBUG Simulating forecast with (40, 12, 50) (T,I,J), rep 88
2025-01-19 08:52:16,598 15908 DEBUG Simulating forecast with (40, 12, 50) (T,I,J), rep 126
2025-01-19 08:52:17,319 8452 DEBUG Simulating forecast with (40, 12, 50) (T,I,J), rep 108
2025-01-19 08:52:17,624 22120 DEBUG Simulating forecast with (40, 12, 50) (T,I,J), rep 49
2025-01-19 08:52:17,806 16768 DEBUG Simulating forecast with (40, 12, 50) (T,I,J), rep 68
2025-01-19 08:52:17,807 18132 DEBUG Simulating forecast with (40, 12, 50) (T,I,J), rep 30
2025-01-19 08:52:17,846 10996 DEBUG Simulating forecast with (40, 12, 50) (T,I,J), rep 12
2025-01-19 08:52:17,996 20960 DEBUG Simulating forecast with (40, 12, 50) (T,I,J), rep 145
2025-01-19 08:52:18,446 5384 DEBUG Simulating forecast with (40, 12, 50) (T,I,J), rep 89
2025-01-19 08:52:18,837 15908 DEBUG Simulating forecast with (40, 12, 50) (T,I,J), rep 127
2025-01-19 08:52:19,202 16768 DEBUG Simulating forecast with (40, 12, 50) (T,I,J), rep 69
2025-01-19 08:52:19,464 10996 DEBUG Simulating forecast with (40, 12, 50) (T,I,J), rep 13
2025-01-19 08:52:19,476 8452 DEBUG Simulating forecast with (40, 12, 50) (T,I,J), rep 109
2025-01-19 08:52:19,723 22120 DEBUG Simulating forecast with (40, 12, 50) (T,I,J), rep 50
2025-01-19 08:52:19,755 18132 DEBUG Simulating forecast with (40, 12, 50) (T,I,J), rep 31
2025-01-19 08:52:19,830 20960 DEBUG Simulating forecast with (40, 12, 50) (T,I,J), rep 146
2025-01-19 08:52:20,463 15908 DEBUG Simulating forecast with (40, 12, 50) (T,I,J), rep 128
2025-01-19 08:52:20,512 16768 DEBUG Simulating forecast with (40, 12, 50) (T,I,J), rep 70
2025-01-19 08:52:20,614 8452 DEBUG Simulating forecast with (40, 12, 50) (T,I,J), rep 110
2025-01-19 08:52:21,122 5384 DEBUG Simulating forecast with (40, 12, 50) (T,I,J), rep 90
2025-01-19 08:52:21,171 18132 DEBUG Simulating forecast with (40, 12, 50) (T,I,J), rep 32
2025-01-19 08:52:21,207 22120 DEBUG Simulating forecast with (40, 12, 50) (T,I,J), rep 51
2025-01-19 08:52:21,606 20960 DEBUG Simulating forecast with (40, 12, 50) (T,I,J), rep 147
2025-01-19 08:52:21,641 10996 DEBUG Simulating forecast with (40, 12, 50) (T,I,J), rep 14
2025-01-19 08:52:22,048 8452 DEBUG Simulating forecast with (40, 12, 50) (T,I,J), rep 111
2025-01-19 08:52:22,565 15908 DEBUG Simulating forecast with (40, 12, 50) (T,I,J), rep 129
2025-01-19 08:52:22,785 22120 DEBUG Simulating forecast with (40, 12, 50) (T,I,J), rep 52
2025-01-19 08:52:22,785 5384 DEBUG Simulating forecast with (40, 12, 50) (T,I,J), rep 91
2025-01-19 08:52:22,818 18132 DEBUG Simulating forecast with (40, 12, 50) (T,I,J), rep 33
2025-01-19 08:52:23,200 16768 DEBUG Simulating forecast with (40, 12, 50) (T,I,J), rep 71
2025-01-19 08:52:23,497 10996 DEBUG Simulating forecast with (40, 12, 50) (T,I,J), rep 15
2025-01-19 08:52:23,542 20960 DEBUG Simulating forecast with (40, 12, 50) (T,I,J), rep 148
2025-01-19 08:52:24,093 15908 DEBUG Simulating forecast with (40, 12, 50) (T,I,J), rep 130
2025-01-19 08:52:24,381 5384 DEBUG Simulating forecast with (40, 12, 50) (T,I,J), rep 92
2025-01-19 08:52:24,693 22120 DEBUG Simulating forecast with (40, 12, 50) (T,I,J), rep 53
2025-01-19 08:52:24,732 18132 DEBUG Simulating forecast with (40, 12, 50) (T,I,J), rep 34
2025-01-19 08:52:24,848 8452 DEBUG Simulating forecast with (40, 12, 50) (T,I,J), rep 112
2025-01-19 08:52:25,407 16768 DEBUG Simulating forecast with (40, 12, 50) (T,I,J), rep 72
2025-01-19 08:52:25,545 20960 DEBUG Simulating forecast with (40, 12, 50) (T,I,J), rep 149
2025-01-19 08:52:25,721 15908 DEBUG Simulating forecast with (40, 12, 50) (T,I,J), rep 131
2025-01-19 08:52:25,733 10996 DEBUG Simulating forecast with (40, 12, 50) (T,I,J), rep 16
2025-01-19 08:52:25,872 5384 DEBUG Simulating forecast with (40, 12, 50) (T,I,J), rep 93
2025-01-19 08:52:26,205 18132 DEBUG Simulating forecast with (40, 12, 50) (T,I,J), rep 35
2025-01-19 08:52:26,520 22120 DEBUG Simulating forecast with (40, 12, 50) (T,I,J), rep 54
2025-01-19 08:52:26,910 16768 DEBUG Simulating forecast with (40, 12, 50) (T,I,J), rep 73
2025-01-19 08:52:26,951 20960 DEBUG Simulating forecast with (40, 12, 50) (T,I,J), rep 0
2025-01-19 08:52:27,202 15908 DEBUG Simulating forecast with (40, 12, 50) (T,I,J), rep 132
2025-01-19 08:52:27,776 10996 DEBUG Simulating forecast with (40, 12, 50) (T,I,J), rep 17
2025-01-19 08:52:27,858 5384 DEBUG Simulating forecast with (40, 12, 50) (T,I,J), rep 94
2025-01-19 08:52:28,532 18132 DEBUG Simulating forecast with (40, 12, 50) (T,I,J), rep 36
2025-01-19 08:52:28,556 8452 DEBUG Simulating forecast with (40, 12, 50) (T,I,J), rep 113
2025-01-19 08:52:28,798 16768 DEBUG Simulating forecast with (40, 12, 50) (T,I,J), rep 74
2025-01-19 08:52:29,024 20960 DEBUG Simulating forecast with (40, 12, 50) (T,I,J), rep 1
2025-01-19 08:52:29,333 22120 DEBUG Simulating forecast with (40, 12, 50) (T,I,J), rep 55
2025-01-19 08:52:29,334 15908 DEBUG Simulating forecast with (40, 12, 50) (T,I,J), rep 2
2025-01-19 08:52:29,567 10996 DEBUG Simulating forecast with (40, 12, 50) (T,I,J), rep 18
2025-01-19 08:52:29,619 5384 DEBUG Simulating forecast with (40, 12, 50) (T,I,J), rep 21
2025-01-19 08:52:30,225 8452 DEBUG Simulating forecast with (40, 12, 50) (T,I,J), rep 40
2025-01-19 08:52:30,352 18132 DEBUG Simulating forecast with (40, 12, 50) (T,I,J), rep 37
2025-01-19 08:52:30,560 16768 DEBUG Simulating forecast with (40, 12, 50) (T,I,J), rep 75
2025-01-19 08:52:30,783 22120 DEBUG Simulating forecast with (40, 12, 50) (T,I,J), rep 56
2025-01-19 08:52:30,794 15908 DEBUG Simulating forecast with (40, 12, 50) (T,I,J), rep 3
2025-01-19 08:52:31,388 5384 DEBUG Simulating forecast with (40, 12, 50) (T,I,J), rep 22
2025-01-19 08:52:31,691 20960 DEBUG Simulating forecast with (40, 12, 50) (T,I,J), rep 59
2025-01-19 08:52:31,937 18132 DEBUG Simulating forecast with (40, 12, 50) (T,I,J), rep 78
2025-01-19 08:52:31,999 10996 DEBUG Simulating forecast with (40, 12, 50) (T,I,J), rep 97
2025-01-19 08:52:32,160 16768 DEBUG Simulating forecast with (40, 12, 50) (T,I,J), rep 116
2025-01-19 08:52:32,426 8452 DEBUG Simulating forecast with (40, 12, 50) (T,I,J), rep 41
2025-01-19 08:52:32,481 22120 DEBUG Simulating forecast with (40, 12, 50) (T,I,J), rep 135
2025-01-19 08:52:32,700 15908 DEBUG Simulating forecast with (40, 12, 50) (T,I,J), rep 4
2025-01-19 08:52:33,010 20960 DEBUG Simulating forecast with (40, 12, 50) (T,I,J), rep 60
2025-01-19 08:52:33,220 5384 DEBUG Simulating forecast with (40, 12, 50) (T,I,J), rep 23
2025-01-19 08:52:33,567 10996 DEBUG Simulating forecast with (40, 12, 50) (T,I,J), rep 98
2025-01-19 08:52:33,630 18132 DEBUG Simulating forecast with (40, 12, 50) (T,I,J), rep 79
2025-01-19 08:52:33,681 16768 DEBUG Simulating forecast with (40, 12, 50) (T,I,J), rep 117
2025-01-19 08:52:34,151 22120 DEBUG Simulating forecast with (40, 12, 50) (T,I,J), rep 136
2025-01-19 08:52:34,178 8452 DEBUG Simulating forecast with (40, 12, 50) (T,I,J), rep 42
2025-01-19 08:52:34,858 15908 DEBUG Simulating forecast with (40, 12, 50) (T,I,J), rep 5
2025-01-19 08:52:35,018 10996 DEBUG Simulating forecast with (40, 12, 50) (T,I,J), rep 99
2025-01-19 08:52:35,249 20960 DEBUG Simulating forecast with (40, 12, 50) (T,I,J), rep 61
2025-01-19 08:52:35,301 18132 DEBUG Simulating forecast with (40, 12, 50) (T,I,J), rep 80
2025-01-19 08:52:35,365 16768 DEBUG Simulating forecast with (40, 12, 50) (T,I,J), rep 118
2025-01-19 08:52:35,483 5384 DEBUG Simulating forecast with (40, 12, 50) (T,I,J), rep 24
2025-01-19 08:52:36,460 15908 DEBUG Simulating forecast with (40, 12, 50) (T,I,J), rep 6
2025-01-19 08:52:36,643 20960 DEBUG Simulating forecast with (40, 12, 50) (T,I,J), rep 62
2025-01-19 08:52:36,885 22120 DEBUG Simulating forecast with (40, 12, 50) (T,I,J), rep 137
2025-01-19 08:52:36,885 10996 DEBUG Simulating forecast with (40, 12, 50) (T,I,J), rep 100
2025-01-19 08:52:37,086 18132 DEBUG Simulating forecast with (40, 12, 50) (T,I,J), rep 81
2025-01-19 08:52:37,186 16768 DEBUG Simulating forecast with (40, 12, 50) (T,I,J), rep 119
2025-01-19 08:52:37,477 8452 DEBUG Simulating forecast with (40, 12, 50) (T,I,J), rep 43
2025-01-19 08:52:38,312 22120 DEBUG Simulating forecast with (40, 12, 50) (T,I,J), rep 138
2025-01-19 08:52:38,320 5384 DEBUG Simulating forecast with (40, 12, 50) (T,I,J), rep 25
2025-01-19 08:52:38,349 15908 DEBUG Simulating forecast with (40, 12, 50) (T,I,J), rep 7
2025-01-19 08:52:38,836 10996 DEBUG Simulating forecast with (40, 12, 50) (T,I,J), rep 101
2025-01-19 08:52:39,012 16768 DEBUG Simulating forecast with (40, 12, 50) (T,I,J), rep 120
2025-01-19 08:52:39,183 18132 DEBUG Simulating forecast with (40, 12, 50) (T,I,J), rep 82
2025-01-19 08:52:39,658 8452 DEBUG Simulating forecast with (40, 12, 50) (T,I,J), rep 44
2025-01-19 08:52:39,791 20960 DEBUG Simulating forecast with (40, 12, 50) (T,I,J), rep 63
2025-01-19 08:52:39,915 15908 DEBUG Simulating forecast with (40, 12, 50) (T,I,J), rep 8
2025-01-19 08:52:40,004 22120 DEBUG Simulating forecast with (40, 12, 50) (T,I,J), rep 139
2025-01-19 08:52:40,059 5384 DEBUG Simulating forecast with (40, 12, 50) (T,I,J), rep 26
2025-01-19 08:52:40,413 10996 DEBUG Simulating forecast with (40, 12, 50) (T,I,J), rep 102
2025-01-19 08:52:40,598 16768 DEBUG Simulating forecast with (40, 12, 50) (T,I,J), rep 121
2025-01-19 08:52:40,701 18132 DEBUG Simulating forecast with (40, 12, 50) (T,I,J), rep 83
2025-01-19 08:52:41,150 8452 DEBUG Simulating forecast with (40, 12, 50) (T,I,J), rep 45
2025-01-19 08:52:41,180 15908 DEBUG Simulating forecast with (40, 12, 50) (T,I,J), rep 9
2025-01-19 08:52:41,223 20960 DEBUG Simulating forecast with (40, 12, 50) (T,I,J), rep 64
2025-01-19 08:52:41,328 22120 DEBUG Simulating forecast with (40, 12, 50) (T,I,J), rep 140
2025-01-19 08:52:41,938 10996 DEBUG Simulating forecast with (40, 12, 50) (T,I,J), rep 103
2025-01-19 08:52:42,095 18132 DEBUG Simulating forecast with (40, 12, 50) (T,I,J), rep 84
2025-01-19 08:52:42,155 5384 DEBUG Simulating forecast with (40, 12, 50) (T,I,J), rep 27
2025-01-19 08:52:42,495 15908 DEBUG Simulating forecast with (40, 12, 50) (T,I,J), rep 10
2025-01-19 08:52:42,831 20960 DEBUG Simulating forecast with (40, 12, 50) (T,I,J), rep 65
2025-01-19 08:52:42,888 8452 DEBUG Simulating forecast with (40, 12, 50) (T,I,J), rep 46
2025-01-19 08:52:43,006 16768 DEBUG Simulating forecast with (40, 12, 50) (T,I,J), rep 122
2025-01-19 08:52:43,093 22120 DEBUG Simulating forecast with (40, 12, 50) (T,I,J), rep 141
2025-01-19 08:52:43,708 18132 DEBUG Simulating forecast with (40, 12, 50) (T,I,J), rep 85
2025-01-19 08:52:43,729 5384 DEBUG Simulating forecast with (40, 12, 50) (T,I,J), rep 28
2025-01-19 08:52:44,021 15908 DEBUG Simulating forecast with (40, 12, 50) (T,I,J), rep 11
2025-01-19 08:52:44,042 10996 DEBUG Simulating forecast with (40, 12, 50) (T,I,J), rep 104
2025-01-19 08:52:44,130 20960 DEBUG Simulating forecast with (40, 12, 50) (T,I,J), rep 66
2025-01-19 08:52:44,633 8452 DEBUG Simulating forecast with (40, 12, 50) (T,I,J), rep 47
2025-01-19 08:52:44,880 16768 DEBUG Simulating forecast with (40, 12, 50) (T,I,J), rep 123
2025-01-19 08:52:45,106 22120 DEBUG Simulating forecast with (40, 12, 50) (T,I,J), rep 142
2025-01-19 08:52:45,533 5384 DEBUG Simulating forecast with (40, 12, 50) (T,I,J), rep 29
2025-01-19 08:52:45,672 10996 DEBUG Simulating forecast with (40, 12, 50) (T,I,J), rep 105
2025-01-19 08:52:45,736 15908 DEBUG Simulating forecast with (40, 12, 50) (T,I,J), rep 12
2025-01-19 08:52:45,955 20960 DEBUG Simulating forecast with (40, 12, 50) (T,I,J), rep 67
2025-01-19 08:52:45,999 18132 DEBUG Simulating forecast with (40, 12, 50) (T,I,J), rep 86
2025-01-19 08:52:46,647 16768 DEBUG Simulating forecast with (40, 12, 50) (T,I,J), rep 124
2025-01-19 08:52:46,648 8452 DEBUG Simulating forecast with (40, 12, 50) (T,I,J), rep 48
2025-01-19 08:52:46,959 22120 DEBUG Simulating forecast with (40, 12, 50) (T,I,J), rep 143
2025-01-19 08:52:46,974 5384 DEBUG Simulating forecast with (40, 12, 50) (T,I,J), rep 30
2025-01-19 08:52:47,388 10996 DEBUG Simulating forecast with (40, 12, 50) (T,I,J), rep 106
2025-01-19 08:52:47,517 15908 DEBUG Simulating forecast with (40, 12, 50) (T,I,J), rep 13
2025-01-19 08:52:47,560 18132 DEBUG Simulating forecast with (40, 12, 50) (T,I,J), rep 87
2025-01-19 08:52:47,644 20960 DEBUG Simulating forecast with (40, 12, 50) (T,I,J), rep 68
2025-01-19 08:52:48,414 8452 DEBUG Simulating forecast with (40, 12, 50) (T,I,J), rep 49
2025-01-19 08:52:48,467 22120 DEBUG Simulating forecast with (40, 12, 50) (T,I,J), rep 144
2025-01-19 08:52:48,640 16768 DEBUG Simulating forecast with (40, 12, 50) (T,I,J), rep 125
2025-01-19 08:52:48,682 5384 DEBUG Simulating forecast with (40, 12, 50) (T,I,J), rep 31
2025-01-19 08:52:49,230 10996 DEBUG Simulating forecast with (40, 12, 50) (T,I,J), rep 107
2025-01-19 08:52:49,343 18132 DEBUG Simulating forecast with (40, 12, 50) (T,I,J), rep 88
2025-01-19 08:52:49,942 8452 DEBUG Simulating forecast with (40, 12, 50) (T,I,J), rep 50
2025-01-19 08:52:50,049 15908 DEBUG Simulating forecast with (40, 12, 50) (T,I,J), rep 14
2025-01-19 08:52:50,086 22120 DEBUG Simulating forecast with (40, 12, 50) (T,I,J), rep 145
2025-01-19 08:52:50,145 20960 DEBUG Simulating forecast with (40, 12, 50) (T,I,J), rep 69
2025-01-19 08:52:50,779 10996 DEBUG Simulating forecast with (40, 12, 50) (T,I,J), rep 108
2025-01-19 08:52:50,943 5384 DEBUG Simulating forecast with (40, 12, 50) (T,I,J), rep 32
2025-01-19 08:52:51,070 18132 DEBUG Simulating forecast with (40, 12, 50) (T,I,J), rep 89
2025-01-19 08:52:51,657 16768 DEBUG Simulating forecast with (40, 12, 50) (T,I,J), rep 126
2025-01-19 08:52:51,673 22120 DEBUG Simulating forecast with (40, 12, 50) (T,I,J), rep 146
2025-01-19 08:52:51,980 15908 DEBUG Simulating forecast with (40, 12, 50) (T,I,J), rep 15
2025-01-19 08:52:52,083 20960 DEBUG Simulating forecast with (40, 12, 50) (T,I,J), rep 70
2025-01-19 08:52:52,158 8452 DEBUG Simulating forecast with (40, 12, 50) (T,I,J), rep 51
2025-01-19 08:52:52,652 10996 DEBUG Simulating forecast with (40, 12, 50) (T,I,J), rep 109
2025-01-19 08:52:52,775 18132 DEBUG Simulating forecast with (40, 12, 50) (T,I,J), rep 90
2025-01-19 08:52:52,849 5384 DEBUG Simulating forecast with (40, 12, 50) (T,I,J), rep 33
2025-01-19 08:52:53,485 22120 DEBUG Simulating forecast with (40, 12, 50) (T,I,J), rep 147
2025-01-19 08:52:53,654 20960 DEBUG Simulating forecast with (40, 12, 50) (T,I,J), rep 71
2025-01-19 08:52:53,809 16768 DEBUG Simulating forecast with (40, 12, 50) (T,I,J), rep 127
2025-01-19 08:52:53,887 15908 DEBUG Simulating forecast with (40, 12, 50) (T,I,J), rep 16
2025-01-19 08:52:54,009 8452 DEBUG Simulating forecast with (40, 12, 50) (T,I,J), rep 52
2025-01-19 08:52:54,296 18132 DEBUG Simulating forecast with (40, 12, 50) (T,I,J), rep 91
2025-01-19 08:52:54,801 10996 DEBUG Simulating forecast with (40, 12, 50) (T,I,J), rep 110
2025-01-19 08:52:54,932 5384 DEBUG Simulating forecast with (40, 12, 50) (T,I,J), rep 34
2025-01-19 08:52:55,310 20960 DEBUG Simulating forecast with (40, 12, 50) (T,I,J), rep 72
2025-01-19 08:52:55,535 22120 DEBUG Simulating forecast with (40, 12, 50) (T,I,J), rep 148
2025-01-19 08:52:55,575 15908 DEBUG Simulating forecast with (40, 12, 50) (T,I,J), rep 17
2025-01-19 08:52:55,610 16768 DEBUG Simulating forecast with (40, 12, 50) (T,I,J), rep 128
2025-01-19 08:52:56,574 18132 DEBUG Simulating forecast with (40, 12, 50) (T,I,J), rep 92
2025-01-19 08:52:56,631 10996 DEBUG Simulating forecast with (40, 12, 50) (T,I,J), rep 111
2025-01-19 08:52:56,760 2268 DEBUG Starting code with parameters {'repetitions': 1, 'range_dict': {'ranges': [{'start': 40, 'stop': 40}, {'start': 12, 'stop': 12}, {'start': 50, 'stop': 50}], 'n_vals': 4}, 'noise_scale': 1, 'max_horizon': 6, 'dgp': 'package.dgp_classes.base_F_AR_DGP', 'dgp_kwargs': [{'n_factors': 2, 'lags': 1, 'ar_coefficients': [[0.1, 0.1]]}, {'n_factors': 2, 'lags': 1, 'ar_coefficients': [[0.3, 0.3]]}, {'n_factors': 2, 'lags': 1, 'ar_coefficients': [[0.5, 0.5]]}, {'n_factors': 2, 'lags': 1, 'ar_coefficients': [[0.7, 0.7]]}, {'n_factors': 2, 'lags': 1, 'ar_coefficients': [[0.9, 0.9]]}], 'workers': 8}.
2025-01-19 08:52:56,761 2268 DEBUG We have 8 workers available to us.
2025-01-19 08:52:56,761 2268 DEBUG Starting the simulation
2025-01-19 08:52:56,774 2268 DEBUG Simulating forecast with (40, 12, 50) (T,I,J), rep 0
2025-01-19 08:52:57,099 8452 DEBUG Simulating forecast with (40, 12, 50) (T,I,J), rep 53
2025-01-19 08:52:57,256 22120 DEBUG Simulating forecast with (40, 12, 50) (T,I,J), rep 149
2025-01-19 08:52:57,358 5384 DEBUG Simulating forecast with (40, 12, 50) (T,I,J), rep 35
2025-01-19 08:52:57,637 16768 DEBUG Simulating forecast with (40, 12, 50) (T,I,J), rep 129
2025-01-19 08:52:57,841 20960 DEBUG Simulating forecast with (40, 12, 50) (T,I,J), rep 73
2025-01-19 08:52:57,865 15908 DEBUG Simulating forecast with (40, 12, 50) (T,I,J), rep 18
2025-01-19 08:52:58,383 18132 DEBUG Simulating forecast with (40, 12, 50) (T,I,J), rep 93
2025-01-19 08:52:58,601 8452 DEBUG Simulating forecast with (40, 12, 50) (T,I,J), rep 54
2025-01-19 08:52:58,981 10996 DEBUG Simulating forecast with (40, 12, 50) (T,I,J), rep 112
2025-01-19 08:52:58,983 22120 DEBUG Simulating forecast with (40, 12, 50) (T,I,J), rep 0
2025-01-19 08:52:59,342 16768 DEBUG Simulating forecast with (40, 12, 50) (T,I,J), rep 130
2025-01-19 08:52:59,425 5384 DEBUG Simulating forecast with (40, 12, 50) (T,I,J), rep 36
2025-01-19 08:52:59,639 15908 DEBUG Simulating forecast with (40, 12, 50) (T,I,J), rep 19
2025-01-19 08:52:59,806 20960 DEBUG Simulating forecast with (40, 12, 50) (T,I,J), rep 74
2025-01-19 08:53:00,593 18132 DEBUG Simulating forecast with (40, 12, 50) (T,I,J), rep 94
2025-01-19 08:53:00,769 8452 DEBUG Simulating forecast with (40, 12, 50) (T,I,J), rep 55
2025-01-19 08:53:00,857 22120 DEBUG Simulating forecast with (40, 12, 50) (T,I,J), rep 1
2025-01-19 08:53:01,003 10996 DEBUG Simulating forecast with (40, 12, 50) (T,I,J), rep 113
2025-01-19 08:53:01,235 16768 DEBUG Simulating forecast with (40, 12, 50) (T,I,J), rep 131
2025-01-19 08:53:01,401 15908 DEBUG Simulating forecast with (40, 12, 50) (T,I,J), rep 20
2025-01-19 08:53:01,548 5384 DEBUG Simulating forecast with (40, 12, 50) (T,I,J), rep 37
2025-01-19 08:53:01,559 20960 DEBUG Simulating forecast with (40, 12, 50) (T,I,J), rep 75
2025-01-19 08:53:02,107 18132 DEBUG Simulating forecast with (40, 12, 50) (T,I,J), rep 95
2025-01-19 08:53:02,147 22120 DEBUG Simulating forecast with (40, 12, 50) (T,I,J), rep 2
2025-01-19 08:53:02,329 8452 DEBUG Simulating forecast with (40, 12, 50) (T,I,J), rep 56
2025-01-19 08:53:02,615 10996 DEBUG Simulating forecast with (40, 12, 50) (T,I,J), rep 114
2025-01-19 08:53:03,016 15908 DEBUG Simulating forecast with (40, 12, 50) (T,I,J), rep 4
2025-01-19 08:53:03,100 16768 DEBUG Simulating forecast with (40, 12, 50) (T,I,J), rep 132
2025-01-19 08:53:03,147 5384 DEBUG Simulating forecast with (40, 12, 50) (T,I,J), rep 38
2025-01-19 08:53:03,312 20960 DEBUG Simulating forecast with (40, 12, 50) (T,I,J), rep 76
2025-01-19 08:53:03,562 18132 DEBUG Simulating forecast with (40, 12, 50) (T,I,J), rep 96
2025-01-19 08:53:03,723 22120 DEBUG Simulating forecast with (40, 12, 50) (T,I,J), rep 3
2025-01-19 08:53:04,288 8452 DEBUG Simulating forecast with (40, 12, 50) (T,I,J), rep 57
2025-01-19 08:53:04,424 16768 DEBUG Simulating forecast with (40, 12, 50) (T,I,J), rep 133
2025-01-19 08:53:04,618 10996 DEBUG Simulating forecast with (40, 12, 50) (T,I,J), rep 115
2025-01-19 08:53:04,721 5384 DEBUG Simulating forecast with (40, 12, 50) (T,I,J), rep 39
2025-01-19 08:53:04,761 15908 DEBUG Simulating forecast with (40, 12, 50) (T,I,J), rep 5
2025-01-19 08:53:05,335 20960 DEBUG Simulating forecast with (40, 12, 50) (T,I,J), rep 77
2025-01-19 08:53:05,781 18132 DEBUG Simulating forecast with (40, 12, 50) (T,I,J), rep 23
2025-01-19 08:53:05,803 8452 DEBUG Simulating forecast with (40, 12, 50) (T,I,J), rep 58
2025-01-19 08:53:05,970 22120 DEBUG Simulating forecast with (40, 12, 50) (T,I,J), rep 42
2025-01-19 08:53:06,077 16768 DEBUG Simulating forecast with (40, 12, 50) (T,I,J), rep 134
2025-01-19 08:53:06,443 5384 DEBUG Simulating forecast with (40, 12, 50) (T,I,J), rep 61
2025-01-19 08:53:06,537 10996 DEBUG Simulating forecast with (40, 12, 50) (T,I,J), rep 80
2025-01-19 08:53:06,574 15908 DEBUG Simulating forecast with (40, 12, 50) (T,I,J), rep 6
2025-01-19 08:53:07,306 18132 DEBUG Simulating forecast with (40, 12, 50) (T,I,J), rep 24
2025-01-19 08:53:07,592 16768 DEBUG Simulating forecast with (40, 12, 50) (T,I,J), rep 99
2025-01-19 08:53:07,643 22120 DEBUG Simulating forecast with (40, 12, 50) (T,I,J), rep 43
2025-01-19 08:53:07,810 8452 DEBUG Simulating forecast with (40, 12, 50) (T,I,J), rep 118
2025-01-19 08:53:07,893 20960 DEBUG Simulating forecast with (40, 12, 50) (T,I,J), rep 137
2025-01-19 08:53:08,618 15908 DEBUG Simulating forecast with (40, 12, 50) (T,I,J), rep 7
2025-01-19 08:53:08,639 10996 DEBUG Simulating forecast with (40, 12, 50) (T,I,J), rep 81
2025-01-19 08:53:08,746 5384 DEBUG Simulating forecast with (40, 12, 50) (T,I,J), rep 62
2025-01-19 08:53:09,189 18132 DEBUG Simulating forecast with (40, 12, 50) (T,I,J), rep 25
2025-01-19 08:53:09,390 16768 DEBUG Simulating forecast with (40, 12, 50) (T,I,J), rep 100
2025-01-19 08:53:09,593 22120 DEBUG Simulating forecast with (40, 12, 50) (T,I,J), rep 44
2025-01-19 08:53:09,621 8452 DEBUG Simulating forecast with (40, 12, 50) (T,I,J), rep 119
2025-01-19 08:53:09,651 20960 DEBUG Simulating forecast with (40, 12, 50) (T,I,J), rep 138
2025-01-19 08:53:10,395 15908 DEBUG Simulating forecast with (40, 12, 50) (T,I,J), rep 8
2025-01-19 08:53:10,457 10996 DEBUG Simulating forecast with (40, 12, 50) (T,I,J), rep 82
2025-01-19 08:53:10,740 18132 DEBUG Simulating forecast with (40, 12, 50) (T,I,J), rep 26
2025-01-19 08:53:10,933 5384 DEBUG Simulating forecast with (40, 12, 50) (T,I,J), rep 63
2025-01-19 08:53:11,119 22120 DEBUG Simulating forecast with (40, 12, 50) (T,I,J), rep 45
2025-01-19 08:53:11,466 16768 DEBUG Simulating forecast with (40, 12, 50) (T,I,J), rep 101
2025-01-19 08:53:11,691 8452 DEBUG Simulating forecast with (40, 12, 50) (T,I,J), rep 120
2025-01-19 08:53:11,729 20960 DEBUG Simulating forecast with (40, 12, 50) (T,I,J), rep 139
2025-01-19 08:53:12,160 15908 DEBUG Simulating forecast with (40, 12, 50) (T,I,J), rep 9
2025-01-19 08:53:12,501 10996 DEBUG Simulating forecast with (40, 12, 50) (T,I,J), rep 83
2025-01-19 08:53:12,525 18132 DEBUG Simulating forecast with (40, 12, 50) (T,I,J), rep 27
2025-01-19 08:53:12,557 5384 DEBUG Simulating forecast with (40, 12, 50) (T,I,J), rep 64
2025-01-19 08:53:13,013 16768 DEBUG Simulating forecast with (40, 12, 50) (T,I,J), rep 102
2025-01-19 08:53:13,078 22120 DEBUG Simulating forecast with (40, 12, 50) (T,I,J), rep 46
2025-01-19 08:53:13,420 20960 DEBUG Simulating forecast with (40, 12, 50) (T,I,J), rep 140
2025-01-19 08:53:13,479 8452 DEBUG Simulating forecast with (40, 12, 50) (T,I,J), rep 121
2025-01-19 08:53:13,739 15908 DEBUG Simulating forecast with (40, 12, 50) (T,I,J), rep 10
2025-01-19 08:53:13,903 5384 DEBUG Simulating forecast with (40, 12, 50) (T,I,J), rep 65
2025-01-19 08:53:13,923 18132 DEBUG Simulating forecast with (40, 12, 50) (T,I,J), rep 28
2025-01-19 08:53:14,551 22120 DEBUG Simulating forecast with (40, 12, 50) (T,I,J), rep 47
2025-01-19 08:53:14,793 10996 DEBUG Simulating forecast with (40, 12, 50) (T,I,J), rep 84
2025-01-19 08:53:14,810 5468 DEBUG Starting code with parameters {'repetitions': 1, 'range_dict': {'ranges': [{'start': 40, 'stop': 40}, {'start': 12, 'stop': 12}, {'start': 50, 'stop': 50}], 'n_vals': 4}, 'noise_scale': 1, 'max_horizon': 6, 'dgp': 'package.dgp_classes.base_F_AR_DGP', 'dgp_kwargs': [{'n_factors': 2, 'lags': 1, 'ar_coefficients': [[0.1, 0.1]]}, {'n_factors': 2, 'lags': 1, 'ar_coefficients': [[0.3, 0.3]]}, {'n_factors': 2, 'lags': 1, 'ar_coefficients': [[0.5, 0.5]]}, {'n_factors': 2, 'lags': 1, 'ar_coefficients': [[0.7, 0.7]]}, {'n_factors': 2, 'lags': 1, 'ar_coefficients': [[0.9, 0.9]]}], 'workers': 8}.
2025-01-19 08:53:14,811 5468 DEBUG We have 8 workers available to us.
2025-01-19 08:53:14,812 5468 DEBUG Starting the simulation
2025-01-19 08:53:14,823 5468 DEBUG Simulating forecast with (40, 12, 50) (T,I,J), rep 0
2025-01-19 08:53:15,057 20960 DEBUG Simulating forecast with (40, 12, 50) (T,I,J), rep 141
2025-01-19 08:53:15,126 15908 DEBUG Simulating forecast with (40, 12, 50) (T,I,J), rep 11
2025-01-19 08:53:15,197 16768 DEBUG Simulating forecast with (40, 12, 50) (T,I,J), rep 103
2025-01-19 08:53:15,238 8452 DEBUG Simulating forecast with (40, 12, 50) (T,I,J), rep 122
2025-01-19 08:53:15,489 5384 DEBUG Simulating forecast with (40, 12, 50) (T,I,J), rep 66
2025-01-19 08:53:16,135 18132 DEBUG Simulating forecast with (40, 12, 50) (T,I,J), rep 29
2025-01-19 08:53:16,423 15908 DEBUG Simulating forecast with (40, 12, 50) (T,I,J), rep 12
2025-01-19 08:53:16,520 10996 DEBUG Simulating forecast with (40, 12, 50) (T,I,J), rep 85
2025-01-19 08:53:16,622 20960 DEBUG Simulating forecast with (40, 12, 50) (T,I,J), rep 142
2025-01-19 08:53:16,726 22120 DEBUG Simulating forecast with (40, 12, 50) (T,I,J), rep 48
2025-01-19 08:53:16,822 8452 DEBUG Simulating forecast with (40, 12, 50) (T,I,J), rep 123
2025-01-19 08:53:16,966 16768 DEBUG Simulating forecast with (40, 12, 50) (T,I,J), rep 104
2025-01-19 08:53:17,792 10996 DEBUG Simulating forecast with (40, 12, 50) (T,I,J), rep 86
2025-01-19 08:53:18,087 20960 DEBUG Simulating forecast with (40, 12, 50) (T,I,J), rep 143
2025-01-19 08:53:18,109 18132 DEBUG Simulating forecast with (40, 12, 50) (T,I,J), rep 30
2025-01-19 08:53:18,196 22120 DEBUG Simulating forecast with (40, 12, 50) (T,I,J), rep 49
2025-01-19 08:53:18,245 5384 DEBUG Simulating forecast with (40, 12, 50) (T,I,J), rep 67
2025-01-19 08:53:18,375 15908 DEBUG Simulating forecast with (40, 12, 50) (T,I,J), rep 13
2025-01-19 08:53:18,440 8452 DEBUG Simulating forecast with (40, 12, 50) (T,I,J), rep 124
2025-01-19 08:53:19,239 16768 DEBUG Simulating forecast with (40, 12, 50) (T,I,J), rep 105
2025-01-19 08:53:19,483 18132 DEBUG Simulating forecast with (40, 12, 50) (T,I,J), rep 31
2025-01-19 08:53:19,509 22120 DEBUG Simulating forecast with (40, 12, 50) (T,I,J), rep 50
2025-01-19 08:53:19,692 20960 DEBUG Simulating forecast with (40, 12, 50) (T,I,J), rep 144
2025-01-19 08:53:19,866 5384 DEBUG Simulating forecast with (40, 12, 50) (T,I,J), rep 68
2025-01-19 08:53:20,012 10996 DEBUG Simulating forecast with (40, 12, 50) (T,I,J), rep 87
2025-01-19 08:53:20,150 15908 DEBUG Simulating forecast with (40, 12, 50) (T,I,J), rep 14
2025-01-19 08:53:20,388 8452 DEBUG Simulating forecast with (40, 12, 50) (T,I,J), rep 125
2025-01-19 08:53:20,991 22120 DEBUG Simulating forecast with (40, 12, 50) (T,I,J), rep 51
2025-01-19 08:53:21,028 16768 DEBUG Simulating forecast with (40, 12, 50) (T,I,J), rep 106
2025-01-19 08:53:21,170 20960 DEBUG Simulating forecast with (40, 12, 50) (T,I,J), rep 145
2025-01-19 08:53:21,206 5384 DEBUG Simulating forecast with (40, 12, 50) (T,I,J), rep 69
2025-01-19 08:53:21,331 18132 DEBUG Simulating forecast with (40, 12, 50) (T,I,J), rep 32
2025-01-19 08:53:21,602 10996 DEBUG Simulating forecast with (40, 12, 50) (T,I,J), rep 88
2025-01-19 08:53:21,647 15908 DEBUG Simulating forecast with (40, 12, 50) (T,I,J), rep 15
2025-01-19 08:53:22,168 8452 DEBUG Simulating forecast with (40, 12, 50) (T,I,J), rep 126
2025-01-19 08:53:22,370 16768 DEBUG Simulating forecast with (40, 12, 50) (T,I,J), rep 107
2025-01-19 08:53:22,469 5384 DEBUG Simulating forecast with (40, 12, 50) (T,I,J), rep 70
2025-01-19 08:53:22,641 22120 DEBUG Simulating forecast with (40, 12, 50) (T,I,J), rep 52
2025-01-19 08:53:22,726 20960 DEBUG Simulating forecast with (40, 12, 50) (T,I,J), rep 146
2025-01-19 08:53:23,222 15908 DEBUG Simulating forecast with (40, 12, 50) (T,I,J), rep 16
2025-01-19 08:53:23,753 8452 DEBUG Simulating forecast with (40, 12, 50) (T,I,J), rep 127
2025-01-19 08:53:23,817 10996 DEBUG Simulating forecast with (40, 12, 50) (T,I,J), rep 89
2025-01-19 08:53:23,917 18132 DEBUG Simulating forecast with (40, 12, 50) (T,I,J), rep 33
2025-01-19 08:53:24,082 5384 DEBUG Simulating forecast with (40, 12, 50) (T,I,J), rep 71
2025-01-19 08:53:24,492 22120 DEBUG Simulating forecast with (40, 12, 50) (T,I,J), rep 53
2025-01-19 08:53:24,629 16768 DEBUG Simulating forecast with (40, 12, 50) (T,I,J), rep 108
2025-01-19 08:53:25,104 15908 DEBUG Simulating forecast with (40, 12, 50) (T,I,J), rep 17
2025-01-19 08:53:25,374 20960 DEBUG Simulating forecast with (40, 12, 50) (T,I,J), rep 147
2025-01-19 08:53:25,637 8452 DEBUG Simulating forecast with (40, 12, 50) (T,I,J), rep 128
2025-01-19 08:53:25,803 10996 DEBUG Simulating forecast with (40, 12, 50) (T,I,J), rep 90
2025-01-19 08:53:26,308 5384 DEBUG Simulating forecast with (40, 12, 50) (T,I,J), rep 72
2025-01-19 08:53:26,603 16768 DEBUG Simulating forecast with (40, 12, 50) (T,I,J), rep 109
2025-01-19 08:53:26,939 22120 DEBUG Simulating forecast with (40, 12, 50) (T,I,J), rep 54
2025-01-19 08:53:27,039 20960 DEBUG Simulating forecast with (40, 12, 50) (T,I,J), rep 148
2025-01-19 08:53:27,077 15908 DEBUG Simulating forecast with (40, 12, 50) (T,I,J), rep 18
2025-01-19 08:53:27,140 8452 DEBUG Simulating forecast with (40, 12, 50) (T,I,J), rep 129
2025-01-19 08:53:27,383 18132 DEBUG Simulating forecast with (40, 12, 50) (T,I,J), rep 35
2025-01-19 08:53:27,541 10996 DEBUG Simulating forecast with (40, 12, 50) (T,I,J), rep 91
2025-01-19 08:53:28,245 5384 DEBUG Simulating forecast with (40, 12, 50) (T,I,J), rep 73
2025-01-19 08:53:28,769 20960 DEBUG Simulating forecast with (40, 12, 50) (T,I,J), rep 149
2025-01-19 08:53:28,811 15908 DEBUG Simulating forecast with (40, 12, 50) (T,I,J), rep 19
2025-01-19 08:53:28,886 8452 DEBUG Simulating forecast with (40, 12, 50) (T,I,J), rep 130
2025-01-19 08:53:28,996 22120 DEBUG Simulating forecast with (40, 12, 50) (T,I,J), rep 55
2025-01-19 08:53:29,306 16768 DEBUG Simulating forecast with (40, 12, 50) (T,I,J), rep 110
2025-01-19 08:53:30,113 10996 DEBUG Simulating forecast with (40, 12, 50) (T,I,J), rep 92
2025-01-19 08:53:30,773 20960 DEBUG Simulating forecast with (40, 12, 50) (T,I,J), rep 0
2025-01-19 08:53:30,952 18132 DEBUG Simulating forecast with (40, 12, 50) (T,I,J), rep 36
2025-01-19 08:53:31,067 5384 DEBUG Simulating forecast with (40, 12, 50) (T,I,J), rep 74
2025-01-19 08:53:31,219 15908 DEBUG Simulating forecast with (40, 12, 50) (T,I,J), rep 20
2025-01-19 08:53:31,420 22120 DEBUG Simulating forecast with (40, 12, 50) (T,I,J), rep 56
2025-01-19 08:53:31,618 8452 DEBUG Simulating forecast with (40, 12, 50) (T,I,J), rep 131
2025-01-19 08:53:32,079 16768 DEBUG Simulating forecast with (40, 12, 50) (T,I,J), rep 111
2025-01-19 08:53:32,467 22808 DEBUG Starting code with parameters {'repetitions': 1, 'range_dict': {'ranges': [{'start': 40, 'stop': 40}, {'start': 12, 'stop': 12}, {'start': 50, 'stop': 50}], 'n_vals': 4}, 'noise_scale': 1, 'max_horizon': 6, 'dgp': 'package.dgp_classes.base_F_AR_DGP', 'dgp_kwargs': [{'n_factors': 2, 'lags': 1, 'ar_coefficients': [[0.1, 0.1]]}, {'n_factors': 2, 'lags': 1, 'ar_coefficients': [[0.3, 0.3]]}, {'n_factors': 2, 'lags': 1, 'ar_coefficients': [[0.5, 0.5]]}, {'n_factors': 2, 'lags': 1, 'ar_coefficients': [[0.7, 0.7]]}, {'n_factors': 2, 'lags': 1, 'ar_coefficients': [[0.9, 0.9]]}], 'workers': 8}.
2025-01-19 08:53:32,468 22808 DEBUG We have 8 workers available to us.
2025-01-19 08:53:32,469 22808 DEBUG Starting the simulation
2025-01-19 08:53:32,481 22808 DEBUG Simulating forecast with (40, 12, 50) (T,I,J), rep 0
2025-01-19 08:53:32,489 18132 DEBUG Simulating forecast with (40, 12, 50) (T,I,J), rep 37
2025-01-19 08:53:32,545 20960 DEBUG Simulating forecast with (40, 12, 50) (T,I,J), rep 1
2025-01-19 08:53:32,842 5384 DEBUG Simulating forecast with (40, 12, 50) (T,I,J), rep 75
2025-01-19 08:53:32,931 10996 DEBUG Simulating forecast with (40, 12, 50) (T,I,J), rep 93
2025-01-19 08:53:33,065 15908 DEBUG Simulating forecast with (40, 12, 50) (T,I,J), rep 21
2025-01-19 08:53:33,189 22120 DEBUG Simulating forecast with (40, 12, 50) (T,I,J), rep 57
2025-01-19 08:53:33,564 8452 DEBUG Simulating forecast with (40, 12, 50) (T,I,J), rep 132
2025-01-19 08:53:33,816 18132 DEBUG Simulating forecast with (40, 12, 50) (T,I,J), rep 38
2025-01-19 08:53:33,882 20960 DEBUG Simulating forecast with (40, 12, 50) (T,I,J), rep 2
2025-01-19 08:53:33,997 16768 DEBUG Simulating forecast with (40, 12, 50) (T,I,J), rep 112
2025-01-19 08:53:34,334 5384 DEBUG Simulating forecast with (40, 12, 50) (T,I,J), rep 76
2025-01-19 08:53:34,482 15908 DEBUG Simulating forecast with (40, 12, 50) (T,I,J), rep 22
2025-01-19 08:53:34,532 10996 DEBUG Simulating forecast with (40, 12, 50) (T,I,J), rep 94
2025-01-19 08:53:34,817 22120 DEBUG Simulating forecast with (40, 12, 50) (T,I,J), rep 58
2025-01-19 08:53:35,324 18132 DEBUG Simulating forecast with (40, 12, 50) (T,I,J), rep 39
2025-01-19 08:53:35,560 16768 DEBUG Simulating forecast with (40, 12, 50) (T,I,J), rep 113
2025-01-19 08:53:35,598 8452 DEBUG Simulating forecast with (40, 12, 50) (T,I,J), rep 133
2025-01-19 08:53:35,710 20960 DEBUG Simulating forecast with (40, 12, 50) (T,I,J), rep 3
2025-01-19 08:53:36,151 15908 DEBUG Simulating forecast with (40, 12, 50) (T,I,J), rep 6
2025-01-19 08:53:36,196 5384 DEBUG Simulating forecast with (40, 12, 50) (T,I,J), rep 77
2025-01-19 08:53:36,262 10996 DEBUG Simulating forecast with (40, 12, 50) (T,I,J), rep 95
2025-01-19 08:53:36,905 22120 DEBUG Simulating forecast with (40, 12, 50) (T,I,J), rep 59
2025-01-19 08:53:37,130 18132 DEBUG Simulating forecast with (40, 12, 50) (T,I,J), rep 40
2025-01-19 08:53:37,194 16768 DEBUG Simulating forecast with (40, 12, 50) (T,I,J), rep 114
2025-01-19 08:53:37,462 8452 DEBUG Simulating forecast with (40, 12, 50) (T,I,J), rep 134
2025-01-19 08:53:37,697 20960 DEBUG Simulating forecast with (40, 12, 50) (T,I,J), rep 4
2025-01-19 08:53:37,763 15908 DEBUG Simulating forecast with (40, 12, 50) (T,I,J), rep 7
2025-01-19 08:53:38,030 5384 DEBUG Simulating forecast with (40, 12, 50) (T,I,J), rep 78
2025-01-19 08:53:38,081 10996 DEBUG Simulating forecast with (40, 12, 50) (T,I,J), rep 96
2025-01-19 08:53:38,357 22120 DEBUG Simulating forecast with (40, 12, 50) (T,I,J), rep 60
2025-01-19 08:53:38,926 16768 DEBUG Simulating forecast with (40, 12, 50) (T,I,J), rep 115
2025-01-19 08:53:39,046 18132 DEBUG Simulating forecast with (40, 12, 50) (T,I,J), rep 41
2025-01-19 08:53:39,141 8452 DEBUG Simulating forecast with (40, 12, 50) (T,I,J), rep 135
2025-01-19 08:53:39,196 15908 DEBUG Simulating forecast with (40, 12, 50) (T,I,J), rep 8
2025-01-19 08:53:39,656 20960 DEBUG Simulating forecast with (40, 12, 50) (T,I,J), rep 5
2025-01-19 08:53:39,676 5384 DEBUG Simulating forecast with (40, 12, 50) (T,I,J), rep 79
2025-01-19 08:53:40,273 10996 DEBUG Simulating forecast with (40, 12, 50) (T,I,J), rep 97
2025-01-19 08:53:40,446 18132 DEBUG Simulating forecast with (40, 12, 50) (T,I,J), rep 25
2025-01-19 08:53:40,603 16768 DEBUG Simulating forecast with (40, 12, 50) (T,I,J), rep 116
2025-01-19 08:53:40,604 22120 DEBUG Simulating forecast with (40, 12, 50) (T,I,J), rep 44
2025-01-19 08:53:40,735 8452 DEBUG Simulating forecast with (40, 12, 50) (T,I,J), rep 136
2025-01-19 08:53:41,256 15908 DEBUG Simulating forecast with (40, 12, 50) (T,I,J), rep 9
2025-01-19 08:53:41,323 20960 DEBUG Simulating forecast with (40, 12, 50) (T,I,J), rep 63
2025-01-19 08:53:41,394 5384 DEBUG Simulating forecast with (40, 12, 50) (T,I,J), rep 82
2025-01-19 08:53:42,337 16768 DEBUG Simulating forecast with (40, 12, 50) (T,I,J), rep 117
2025-01-19 08:53:42,345 18132 DEBUG Simulating forecast with (40, 12, 50) (T,I,J), rep 26
2025-01-19 08:53:42,431 8452 DEBUG Simulating forecast with (40, 12, 50) (T,I,J), rep 101
2025-01-19 08:53:42,505 10996 DEBUG Simulating forecast with (40, 12, 50) (T,I,J), rep 98
2025-01-19 08:53:42,602 22120 DEBUG Simulating forecast with (40, 12, 50) (T,I,J), rep 45
2025-01-19 08:53:43,224 15908 DEBUG Simulating forecast with (40, 12, 50) (T,I,J), rep 10
2025-01-19 08:53:43,565 5384 DEBUG Simulating forecast with (40, 12, 50) (T,I,J), rep 83
2025-01-19 08:53:43,698 20960 DEBUG Simulating forecast with (40, 12, 50) (T,I,J), rep 64
2025-01-19 08:53:43,823 16768 DEBUG Simulating forecast with (40, 12, 50) (T,I,J), rep 120
2025-01-19 08:53:43,938 8452 DEBUG Simulating forecast with (40, 12, 50) (T,I,J), rep 102
2025-01-19 08:53:44,447 18132 DEBUG Simulating forecast with (40, 12, 50) (T,I,J), rep 27
2025-01-19 08:53:44,478 10996 DEBUG Simulating forecast with (40, 12, 50) (T,I,J), rep 139
2025-01-19 08:53:44,928 22120 DEBUG Simulating forecast with (40, 12, 50) (T,I,J), rep 46
2025-01-19 08:53:45,393 16768 DEBUG Simulating forecast with (40, 12, 50) (T,I,J), rep 121
2025-01-19 08:53:45,584 5384 DEBUG Simulating forecast with (40, 12, 50) (T,I,J), rep 84
2025-01-19 08:53:45,881 8452 DEBUG Simulating forecast with (40, 12, 50) (T,I,J), rep 103
2025-01-19 08:53:45,974 15908 DEBUG Simulating forecast with (40, 12, 50) (T,I,J), rep 11
2025-01-19 08:53:46,267 20960 DEBUG Simulating forecast with (40, 12, 50) (T,I,J), rep 65
2025-01-19 08:53:46,728 18132 DEBUG Simulating forecast with (40, 12, 50) (T,I,J), rep 28
2025-01-19 08:53:47,220 22120 DEBUG Simulating forecast with (40, 12, 50) (T,I,J), rep 47
2025-01-19 08:53:47,354 16768 DEBUG Simulating forecast with (40, 12, 50) (T,I,J), rep 122
2025-01-19 08:53:47,670 10996 DEBUG Simulating forecast with (40, 12, 50) (T,I,J), rep 140
2025-01-19 08:53:47,738 5384 DEBUG Simulating forecast with (40, 12, 50) (T,I,J), rep 85
2025-01-19 08:53:47,948 15908 DEBUG Simulating forecast with (40, 12, 50) (T,I,J), rep 12
2025-01-19 08:53:47,986 8452 DEBUG Simulating forecast with (40, 12, 50) (T,I,J), rep 104
2025-01-19 08:53:48,190 20960 DEBUG Simulating forecast with (40, 12, 50) (T,I,J), rep 66
2025-01-19 08:53:48,497 18132 DEBUG Simulating forecast with (40, 12, 50) (T,I,J), rep 29
2025-01-19 08:53:48,791 16768 DEBUG Simulating forecast with (40, 12, 50) (T,I,J), rep 123
2025-01-19 08:53:49,142 22120 DEBUG Simulating forecast with (40, 12, 50) (T,I,J), rep 48
2025-01-19 08:53:49,371 10996 DEBUG Simulating forecast with (40, 12, 50) (T,I,J), rep 141
2025-01-19 08:53:49,516 15908 DEBUG Simulating forecast with (40, 12, 50) (T,I,J), rep 13
2025-01-19 08:53:49,580 5384 DEBUG Simulating forecast with (40, 12, 50) (T,I,J), rep 86
2025-01-19 08:53:49,589 8452 DEBUG Simulating forecast with (40, 12, 50) (T,I,J), rep 105
2025-01-19 08:53:50,380 18132 DEBUG Simulating forecast with (40, 12, 50) (T,I,J), rep 30
2025-01-19 08:53:50,679 22120 DEBUG Simulating forecast with (40, 12, 50) (T,I,J), rep 49
2025-01-19 08:53:50,798 16768 DEBUG Simulating forecast with (40, 12, 50) (T,I,J), rep 124
2025-01-19 08:53:50,952 20960 DEBUG Simulating forecast with (40, 12, 50) (T,I,J), rep 67
2025-01-19 08:53:51,183 10996 DEBUG Simulating forecast with (40, 12, 50) (T,I,J), rep 142
2025-01-19 08:53:51,349 15908 DEBUG Simulating forecast with (40, 12, 50) (T,I,J), rep 14
2025-01-19 08:53:51,401 5384 DEBUG Simulating forecast with (40, 12, 50) (T,I,J), rep 87
2025-01-19 08:53:51,441 8452 DEBUG Simulating forecast with (40, 12, 50) (T,I,J), rep 106
2025-01-19 08:53:52,185 22120 DEBUG Simulating forecast with (40, 12, 50) (T,I,J), rep 50
2025-01-19 08:53:52,684 16768 DEBUG Simulating forecast with (40, 12, 50) (T,I,J), rep 125
2025-01-19 08:53:52,712 18132 DEBUG Simulating forecast with (40, 12, 50) (T,I,J), rep 31
2025-01-19 08:53:52,791 20960 DEBUG Simulating forecast with (40, 12, 50) (T,I,J), rep 68
2025-01-19 08:53:53,319 8452 DEBUG Simulating forecast with (40, 12, 50) (T,I,J), rep 107
2025-01-19 08:53:53,339 15908 DEBUG Simulating forecast with (40, 12, 50) (T,I,J), rep 15
2025-01-19 08:53:53,397 10996 DEBUG Simulating forecast with (40, 12, 50) (T,I,J), rep 143
2025-01-19 08:53:53,996 5384 DEBUG Simulating forecast with (40, 12, 50) (T,I,J), rep 88
2025-01-19 08:53:54,201 18132 DEBUG Simulating forecast with (40, 12, 50) (T,I,J), rep 32
2025-01-19 08:53:54,237 22120 DEBUG Simulating forecast with (40, 12, 50) (T,I,J), rep 51
2025-01-19 08:53:54,338 16768 DEBUG Simulating forecast with (40, 12, 50) (T,I,J), rep 126
2025-01-19 08:53:54,520 20960 DEBUG Simulating forecast with (40, 12, 50) (T,I,J), rep 69
2025-01-19 08:53:54,698 8452 DEBUG Simulating forecast with (40, 12, 50) (T,I,J), rep 108
2025-01-19 08:53:55,382 15908 DEBUG Simulating forecast with (40, 12, 50) (T,I,J), rep 16
2025-01-19 08:53:55,640 18132 DEBUG Simulating forecast with (40, 12, 50) (T,I,J), rep 33
2025-01-19 08:53:55,865 5384 DEBUG Simulating forecast with (40, 12, 50) (T,I,J), rep 89
2025-01-19 08:53:55,908 22120 DEBUG Simulating forecast with (40, 12, 50) (T,I,J), rep 52
2025-01-19 08:53:56,235 16768 DEBUG Simulating forecast with (40, 12, 50) (T,I,J), rep 127
2025-01-19 08:53:56,490 10996 DEBUG Simulating forecast with (40, 12, 50) (T,I,J), rep 144
2025-01-19 08:53:56,621 8452 DEBUG Simulating forecast with (40, 12, 50) (T,I,J), rep 109
2025-01-19 08:53:57,279 20960 DEBUG Simulating forecast with (40, 12, 50) (T,I,J), rep 70
2025-01-19 08:53:57,428 15908 DEBUG Simulating forecast with (40, 12, 50) (T,I,J), rep 17
2025-01-19 08:53:57,859 22120 DEBUG Simulating forecast with (40, 12, 50) (T,I,J), rep 53
2025-01-19 08:53:57,975 5384 DEBUG Simulating forecast with (40, 12, 50) (T,I,J), rep 90
2025-01-19 08:53:58,094 16768 DEBUG Simulating forecast with (40, 12, 50) (T,I,J), rep 128
2025-01-19 08:53:58,331 18132 DEBUG Simulating forecast with (40, 12, 50) (T,I,J), rep 34
2025-01-19 08:53:58,602 8452 DEBUG Simulating forecast with (40, 12, 50) (T,I,J), rep 110
2025-01-19 08:53:58,700 10996 DEBUG Simulating forecast with (40, 12, 50) (T,I,J), rep 145
2025-01-19 08:53:59,123 15908 DEBUG Simulating forecast with (40, 12, 50) (T,I,J), rep 18
2025-01-19 08:53:59,181 20960 DEBUG Simulating forecast with (40, 12, 50) (T,I,J), rep 71
2025-01-19 08:53:59,288 22120 DEBUG Simulating forecast with (40, 12, 50) (T,I,J), rep 54
2025-01-19 08:53:59,372 5384 DEBUG Simulating forecast with (40, 12, 50) (T,I,J), rep 91
2025-01-19 08:53:59,572 16768 DEBUG Simulating forecast with (40, 12, 50) (T,I,J), rep 129
2025-01-19 08:54:00,210 10996 DEBUG Simulating forecast with (40, 12, 50) (T,I,J), rep 146
2025-01-19 08:54:00,343 18132 DEBUG Simulating forecast with (40, 12, 50) (T,I,J), rep 35
2025-01-19 08:54:00,702 15908 DEBUG Simulating forecast with (40, 12, 50) (T,I,J), rep 19
2025-01-19 08:54:00,866 20960 DEBUG Simulating forecast with (40, 12, 50) (T,I,J), rep 72
2025-01-19 08:54:01,318 22120 DEBUG Simulating forecast with (40, 12, 50) (T,I,J), rep 55
2025-01-19 08:54:01,368 5384 DEBUG Simulating forecast with (40, 12, 50) (T,I,J), rep 92
2025-01-19 08:54:01,647 8452 DEBUG Simulating forecast with (40, 12, 50) (T,I,J), rep 111
2025-01-19 08:54:02,361 10996 DEBUG Simulating forecast with (40, 12, 50) (T,I,J), rep 147
2025-01-19 08:54:02,426 16768 DEBUG Simulating forecast with (40, 12, 50) (T,I,J), rep 130
2025-01-19 08:54:02,521 18132 DEBUG Simulating forecast with (40, 12, 50) (T,I,J), rep 36
2025-01-19 08:54:02,683 15908 DEBUG Simulating forecast with (40, 12, 50) (T,I,J), rep 20
2025-01-19 08:54:02,735 20960 DEBUG Simulating forecast with (40, 12, 50) (T,I,J), rep 73
2025-01-19 08:54:03,445 22120 DEBUG Simulating forecast with (40, 12, 50) (T,I,J), rep 56
2025-01-19 08:54:03,746 5384 DEBUG Simulating forecast with (40, 12, 50) (T,I,J), rep 93
2025-01-19 08:54:03,977 16768 DEBUG Simulating forecast with (40, 12, 50) (T,I,J), rep 131
2025-01-19 08:54:04,090 10996 DEBUG Simulating forecast with (40, 12, 50) (T,I,J), rep 148
2025-01-19 08:54:04,419 8452 DEBUG Simulating forecast with (40, 12, 50) (T,I,J), rep 112
2025-01-19 08:54:04,420 18132 DEBUG Simulating forecast with (40, 12, 50) (T,I,J), rep 37
2025-01-19 08:54:04,569 20960 DEBUG Simulating forecast with (40, 12, 50) (T,I,J), rep 74
2025-01-19 08:54:04,868 15908 DEBUG Simulating forecast with (40, 12, 50) (T,I,J), rep 21
2025-01-19 08:54:05,746 5384 DEBUG Simulating forecast with (40, 12, 50) (T,I,J), rep 94
2025-01-19 08:54:05,834 10996 DEBUG Simulating forecast with (40, 12, 50) (T,I,J), rep 149
2025-01-19 08:54:05,880 16768 DEBUG Simulating forecast with (40, 12, 50) (T,I,J), rep 132
2025-01-19 08:54:06,012 18132 DEBUG Simulating forecast with (40, 12, 50) (T,I,J), rep 38
2025-01-19 08:54:06,366 8452 DEBUG Simulating forecast with (40, 12, 50) (T,I,J), rep 113
2025-01-19 08:54:06,378 20960 DEBUG Simulating forecast with (40, 12, 50) (T,I,J), rep 75
2025-01-19 08:54:06,845 15908 DEBUG Simulating forecast with (40, 12, 50) (T,I,J), rep 22
2025-01-19 08:54:07,001 22120 DEBUG Simulating forecast with (40, 12, 50) (T,I,J), rep 57
2025-01-19 08:54:07,147 16768 DEBUG Simulating forecast with (40, 12, 50) (T,I,J), rep 133
2025-01-19 08:54:07,324 5384 DEBUG Simulating forecast with (40, 12, 50) (T,I,J), rep 95
2025-01-19 08:54:07,857 18132 DEBUG Simulating forecast with (40, 12, 50) (T,I,J), rep 39
2025-01-19 08:54:08,210 8452 DEBUG Simulating forecast with (40, 12, 50) (T,I,J), rep 114
2025-01-19 08:54:08,579 20960 DEBUG Simulating forecast with (40, 12, 50) (T,I,J), rep 76
2025-01-19 08:54:09,065 16768 DEBUG Simulating forecast with (40, 12, 50) (T,I,J), rep 134
2025-01-19 08:54:09,192 15908 DEBUG Simulating forecast with (40, 12, 50) (T,I,J), rep 23
2025-01-19 08:54:09,603 22120 DEBUG Simulating forecast with (40, 12, 50) (T,I,J), rep 58
2025-01-19 08:54:10,021 18132 DEBUG Simulating forecast with (40, 12, 50) (T,I,J), rep 40
2025-01-19 08:54:10,080 5384 DEBUG Simulating forecast with (40, 12, 50) (T,I,J), rep 96
2025-01-19 08:54:10,250 8452 DEBUG Simulating forecast with (40, 12, 50) (T,I,J), rep 115
2025-01-19 08:54:10,403 20960 DEBUG Simulating forecast with (40, 12, 50) (T,I,J), rep 77
2025-01-19 08:54:10,497 16768 DEBUG Simulating forecast with (40, 12, 50) (T,I,J), rep 135
2025-01-19 08:54:10,911 15908 DEBUG Simulating forecast with (40, 12, 50) (T,I,J), rep 24
2025-01-19 08:54:10,971 22120 DEBUG Simulating forecast with (40, 12, 50) (T,I,J), rep 59
2025-01-19 08:54:11,282 18132 DEBUG Simulating forecast with (40, 12, 50) (T,I,J), rep 41
2025-01-19 08:54:11,390 5384 DEBUG Simulating forecast with (40, 12, 50) (T,I,J), rep 97
2025-01-19 08:54:11,878 20960 DEBUG Simulating forecast with (40, 12, 50) (T,I,J), rep 78
2025-01-19 08:54:11,941 16768 DEBUG Simulating forecast with (40, 12, 50) (T,I,J), rep 136
2025-01-19 08:54:11,976 8452 DEBUG Simulating forecast with (40, 12, 50) (T,I,J), rep 116
2025-01-19 08:54:13,182 5384 DEBUG Simulating forecast with (40, 12, 50) (T,I,J), rep 98
2025-01-19 08:54:13,367 20960 DEBUG Simulating forecast with (40, 12, 50) (T,I,J), rep 79
2025-01-19 08:54:13,527 22120 DEBUG Simulating forecast with (40, 12, 50) (T,I,J), rep 60
2025-01-19 08:54:13,560 18132 DEBUG Simulating forecast with (40, 12, 50) (T,I,J), rep 42
2025-01-19 08:54:13,696 16768 DEBUG Simulating forecast with (40, 12, 50) (T,I,J), rep 137
2025-01-19 08:54:13,713 8452 DEBUG Simulating forecast with (40, 12, 50) (T,I,J), rep 117
2025-01-19 08:54:14,256 20960 DEBUG Simulating forecast with (40, 12, 50) (T,I,J), rep 80
2025-01-19 08:54:14,499 22120 DEBUG Simulating forecast with (40, 12, 50) (T,I,J), rep 61
2025-01-19 08:54:14,553 5384 DEBUG Simulating forecast with (40, 12, 50) (T,I,J), rep 99
2025-01-19 08:54:14,731 18132 DEBUG Simulating forecast with (40, 12, 50) (T,I,J), rep 43
2025-01-19 08:54:14,780 16768 DEBUG Simulating forecast with (40, 12, 50) (T,I,J), rep 138
2025-01-19 08:54:15,555 8452 DEBUG Simulating forecast with (40, 12, 50) (T,I,J), rep 118
2025-01-19 08:54:15,989 22120 DEBUG Simulating forecast with (40, 12, 50) (T,I,J), rep 62
2025-01-19 08:54:16,000 20960 DEBUG Simulating forecast with (40, 12, 50) (T,I,J), rep 81
2025-01-19 08:54:16,123 5384 DEBUG Simulating forecast with (40, 12, 50) (T,I,J), rep 100
2025-01-19 08:54:16,715 8452 DEBUG Simulating forecast with (40, 12, 50) (T,I,J), rep 119
2025-01-19 09:02:25,442 16752 DEBUG Starting code with parameters {'repetitions': 2, 'range_dict': {'ranges': [{'start': 40, 'stop': 40}, {'start': 12, 'stop': 12}, {'start': 50, 'stop': 50}], 'n_vals': 4}, 'noise_scale': 1, 'max_horizon': 6, 'dgp': 'package.dgp_classes.base_F_AR_DGP', 'dgp_kwargs': [{'n_factors': 2, 'lags': 1, 'ar_coefficients': [[0.1, 0.1]]}, {'n_factors': 2, 'lags': 1, 'ar_coefficients': [[0.3, 0.3]]}, {'n_factors': 2, 'lags': 1, 'ar_coefficients': [[0.5, 0.5]]}, {'n_factors': 2, 'lags': 1, 'ar_coefficients': [[0.7, 0.7]]}, {'n_factors': 2, 'lags': 1, 'ar_coefficients': [[0.9, 0.9]]}], 'workers': 8}.
2025-01-19 09:02:25,442 16752 DEBUG We have 8 workers available to us.
2025-01-19 09:02:25,442 16752 DEBUG Starting the simulation
2025-01-19 09:02:25,446 16752 DEBUG Simulating forecast with (40, 12, 50) (T,I,J), rep 0
2025-01-19 09:02:41,233 7320 DEBUG Starting code with parameters {'repetitions': 2, 'range_dict': {'ranges': [{'start': 40, 'stop': 40}, {'start': 12, 'stop': 12}, {'start': 50, 'stop': 50}], 'n_vals': 4}, 'noise_scale': 1, 'max_horizon': 6, 'dgp': 'package.dgp_classes.base_F_AR_DGP', 'dgp_kwargs': [{'n_factors': 2, 'lags': 1, 'ar_coefficients': [[0.1, 0.1]]}, {'n_factors': 2, 'lags': 1, 'ar_coefficients': [[0.3, 0.3]]}, {'n_factors': 2, 'lags': 1, 'ar_coefficients': [[0.5, 0.5]]}, {'n_factors': 2, 'lags': 1, 'ar_coefficients': [[0.7, 0.7]]}, {'n_factors': 2, 'lags': 1, 'ar_coefficients': [[0.9, 0.9]]}], 'workers': 8}.
2025-01-19 09:02:41,234 7320 DEBUG We have 8 workers available to us.
2025-01-19 09:02:41,234 7320 DEBUG Starting the simulation
2025-01-19 09:02:41,238 7320 DEBUG Simulating forecast with (40, 12, 50) (T,I,J), rep 0
2025-01-19 09:03:33,384 13840 DEBUG Starting code with parameters {'repetitions': 2, 'range_dict': {'ranges': [{'start': 40, 'stop': 40}, {'start': 12, 'stop': 12}, {'start': 50, 'stop': 50}], 'n_vals': 4}, 'noise_scale': 1, 'max_horizon': 6, 'dgp': 'package.dgp_classes.base_F_AR_DGP', 'dgp_kwargs': [{'n_factors': 2, 'lags': 1, 'ar_coefficients': [[0.1, 0.1]]}, {'n_factors': 2, 'lags': 1, 'ar_coefficients': [[0.3, 0.3]]}, {'n_factors': 2, 'lags': 1, 'ar_coefficients': [[0.5, 0.5]]}, {'n_factors': 2, 'lags': 1, 'ar_coefficients': [[0.7, 0.7]]}, {'n_factors': 2, 'lags': 1, 'ar_coefficients': [[0.9, 0.9]]}], 'workers': 8}.
2025-01-19 09:03:33,385 13840 DEBUG We have 8 workers available to us.
2025-01-19 09:03:33,385 13840 DEBUG Starting the simulation
2025-01-19 09:03:33,389 13840 DEBUG Simulating forecast with (40, 12, 50) (T,I,J), rep 0
2025-01-19 09:04:08,304 5944 DEBUG Starting code with parameters {'repetitions': 2, 'range_dict': {'ranges': [{'start': 40, 'stop': 40}, {'start': 12, 'stop': 12}, {'start': 50, 'stop': 50}], 'n_vals': 4}, 'noise_scale': 1, 'max_horizon': 6, 'dgp': 'package.dgp_classes.base_F_AR_DGP', 'dgp_kwargs': [{'n_factors': 2, 'lags': 1, 'ar_coefficients': [[0.1, 0.1]]}, {'n_factors': 2, 'lags': 1, 'ar_coefficients': [[0.3, 0.3]]}, {'n_factors': 2, 'lags': 1, 'ar_coefficients': [[0.5, 0.5]]}, {'n_factors': 2, 'lags': 1, 'ar_coefficients': [[0.7, 0.7]]}, {'n_factors': 2, 'lags': 1, 'ar_coefficients': [[0.9, 0.9]]}], 'workers': 8}.
2025-01-19 09:04:08,304 5944 DEBUG We have 8 workers available to us.
2025-01-19 09:04:08,304 5944 DEBUG Starting the simulation
2025-01-19 09:04:08,308 5944 DEBUG Simulating forecast with (40, 12, 50) (T,I,J), rep 0
2025-01-19 09:04:50,616 18108 DEBUG Starting code with parameters {'repetitions': 2, 'range_dict': {'ranges': [{'start': 40, 'stop': 40}, {'start': 12, 'stop': 12}, {'start': 50, 'stop': 50}], 'n_vals': 1}, 'noise_scale': 1, 'max_horizon': 6, 'dgp': 'package.dgp_classes.base_F_AR_DGP', 'dgp_kwargs': [{'n_factors': 2, 'lags': 1, 'ar_coefficients': [[0.1, 0.1]]}, {'n_factors': 2, 'lags': 1, 'ar_coefficients': [[0.3, 0.3]]}, {'n_factors': 2, 'lags': 1, 'ar_coefficients': [[0.5, 0.5]]}, {'n_factors': 2, 'lags': 1, 'ar_coefficients': [[0.7, 0.7]]}, {'n_factors': 2, 'lags': 1, 'ar_coefficients': [[0.9, 0.9]]}], 'workers': 8}.
2025-01-19 09:04:50,625 18108 DEBUG We have 8 workers available to us.
2025-01-19 09:04:50,626 18108 DEBUG Starting the simulation
2025-01-19 09:04:50,632 18108 DEBUG Simulating forecast with (40, 12, 50) (T,I,J), rep 0
2025-01-19 09:06:05,367 11484 DEBUG Starting code with parameters {'repetitions': 2, 'range_dict': {'ranges': [{'start': 40, 'stop': 40}, {'start': 12, 'stop': 12}, {'start': 50, 'stop': 50}], 'n_vals': 1}, 'noise_scale': 1, 'max_horizon': 6, 'dgp': 'package.dgp_classes.base_F_AR_DGP', 'dgp_kwargs': [{'n_factors': 2, 'lags': 1, 'ar_coefficients': [[0.1, 0.1]]}, {'n_factors': 2, 'lags': 1, 'ar_coefficients': [[0.3, 0.3]]}, {'n_factors': 2, 'lags': 1, 'ar_coefficients': [[0.5, 0.5]]}, {'n_factors': 2, 'lags': 1, 'ar_coefficients': [[0.7, 0.7]]}, {'n_factors': 2, 'lags': 1, 'ar_coefficients': [[0.9, 0.9]]}], 'workers': 8}.
2025-01-19 09:06:05,368 11484 DEBUG We have 8 workers available to us.
2025-01-19 09:06:05,368 11484 DEBUG Starting the simulation
2025-01-19 09:06:05,372 11484 DEBUG Simulating forecast with <package.dgp_classes.base_F_AR_DGP object at 0x0000015A028B1E80> (T,I,J), rep 0
2025-01-19 09:06:16,981 16396 DEBUG Starting code with parameters {'repetitions': 2, 'range_dict': {'ranges': [{'start': 40, 'stop': 40}, {'start': 12, 'stop': 12}, {'start': 50, 'stop': 50}], 'n_vals': 1}, 'noise_scale': 1, 'max_horizon': 6, 'dgp': 'package.dgp_classes.base_F_AR_DGP', 'dgp_kwargs': [{'n_factors': 2, 'lags': 1, 'ar_coefficients': [[0.1, 0.1]]}, {'n_factors': 2, 'lags': 1, 'ar_coefficients': [[0.3, 0.3]]}, {'n_factors': 2, 'lags': 1, 'ar_coefficients': [[0.5, 0.5]]}, {'n_factors': 2, 'lags': 1, 'ar_coefficients': [[0.7, 0.7]]}, {'n_factors': 2, 'lags': 1, 'ar_coefficients': [[0.9, 0.9]]}], 'workers': 8}.
2025-01-19 09:06:16,984 16396 DEBUG We have 8 workers available to us.
2025-01-19 09:06:16,984 16396 DEBUG Starting the simulation
2025-01-19 09:08:31,889 19384 DEBUG Starting code with parameters {'repetitions': 2, 'range_dict': {'ranges': [{'start': 40, 'stop': 40}, {'start': 12, 'stop': 12}, {'start': 50, 'stop': 50}], 'n_vals': 1}, 'noise_scale': 1, 'max_horizon': 6, 'dgp': 'package.dgp_classes.base_F_AR_DGP', 'dgp_kwargs': [{'n_factors': 2, 'lags': 1, 'ar_coefficients': [[0.1, 0.1]]}, {'n_factors': 2, 'lags': 1, 'ar_coefficients': [[0.3, 0.3]]}, {'n_factors': 2, 'lags': 1, 'ar_coefficients': [[0.5, 0.5]]}, {'n_factors': 2, 'lags': 1, 'ar_coefficients': [[0.7, 0.7]]}, {'n_factors': 2, 'lags': 1, 'ar_coefficients': [[0.9, 0.9]]}], 'workers': 8}.
2025-01-19 09:08:31,889 19384 DEBUG We have 8 workers available to us.
2025-01-19 09:08:53,734 16684 DEBUG Starting code with parameters {'repetitions': 2, 'range_dict': {'ranges': [{'start': 40, 'stop': 40}, {'start': 12, 'stop': 12}, {'start': 50, 'stop': 50}], 'n_vals': 1}, 'noise_scale': 1, 'max_horizon': 6, 'dgp': 'package.dgp_classes.base_F_AR_DGP', 'dgp_kwargs': [{'n_factors': 2, 'lags': 1, 'ar_coefficients': [[0.1, 0.1]]}, {'n_factors': 2, 'lags': 1, 'ar_coefficients': [[0.3, 0.3]]}, {'n_factors': 2, 'lags': 1, 'ar_coefficients': [[0.5, 0.5]]}, {'n_factors': 2, 'lags': 1, 'ar_coefficients': [[0.7, 0.7]]}, {'n_factors': 2, 'lags': 1, 'ar_coefficients': [[0.9, 0.9]]}], 'workers': 8}.
2025-01-19 09:08:53,734 16684 DEBUG We have 8 workers available to us.
2025-01-19 09:09:02,293 17612 DEBUG Starting code with parameters {'repetitions': 2, 'range_dict': {'ranges': [{'start': 40, 'stop': 40}, {'start': 12, 'stop': 12}, {'start': 50, 'stop': 50}], 'n_vals': 1}, 'noise_scale': 1, 'max_horizon': 6, 'dgp': 'package.dgp_classes.base_F_AR_DGP', 'dgp_kwargs': [{'n_factors': 2, 'lags': 1, 'ar_coefficients': [[0.1, 0.1]]}, {'n_factors': 2, 'lags': 1, 'ar_coefficients': [[0.3, 0.3]]}, {'n_factors': 2, 'lags': 1, 'ar_coefficients': [[0.5, 0.5]]}, {'n_factors': 2, 'lags': 1, 'ar_coefficients': [[0.7, 0.7]]}, {'n_factors': 2, 'lags': 1, 'ar_coefficients': [[0.9, 0.9]]}], 'workers': 8}.
2025-01-19 09:09:02,294 17612 DEBUG We have 8 workers available to us.
2025-01-19 09:09:19,647 9652 DEBUG Starting code with parameters {'repetitions': 2, 'range_dict': {'ranges': [{'start': 40, 'stop': 40}, {'start': 12, 'stop': 12}, {'start': 50, 'stop': 50}], 'n_vals': 1}, 'noise_scale': 1, 'max_horizon': 6, 'dgp': 'package.dgp_classes.base_F_AR_DGP', 'dgp_kwargs': [{'n_factors': 2, 'lags': 1, 'ar_coefficients': [[0.1, 0.1]]}, {'n_factors': 2, 'lags': 1, 'ar_coefficients': [[0.3, 0.3]]}, {'n_factors': 2, 'lags': 1, 'ar_coefficients': [[0.5, 0.5]]}, {'n_factors': 2, 'lags': 1, 'ar_coefficients': [[0.7, 0.7]]}, {'n_factors': 2, 'lags': 1, 'ar_coefficients': [[0.9, 0.9]]}], 'workers': 8}.
2025-01-19 09:09:19,648 9652 DEBUG We have 8 workers available to us.
2025-01-19 09:09:19,648 9652 DEBUG Starting the simulation
2025-01-19 09:09:19,652 9652 DEBUG Simulating forecast with (40, 12, 50) (T,I,J), rep 0
2025-01-19 09:09:19,869 9652 DEBUG Simulating forecast with (40, 12, 50) (T,I,J), rep 1
2025-01-19 09:09:19,978 9652 DEBUG Simulating forecast with (40, 12, 50) (T,I,J), rep 0
2025-01-19 09:09:20,098 9652 DEBUG Simulating forecast with (40, 12, 50) (T,I,J), rep 1
2025-01-19 09:09:20,264 9652 DEBUG Simulating forecast with (40, 12, 50) (T,I,J), rep 0
2025-01-19 09:09:20,447 9652 DEBUG Simulating forecast with (40, 12, 50) (T,I,J), rep 1
2025-01-19 09:09:20,741 9652 DEBUG Simulating forecast with (40, 12, 50) (T,I,J), rep 0
2025-01-19 09:09:21,108 9652 DEBUG Simulating forecast with (40, 12, 50) (T,I,J), rep 1
2025-01-19 09:09:21,356 9652 DEBUG Simulating forecast with (40, 12, 50) (T,I,J), rep 0
2025-01-19 09:09:21,920 9652 DEBUG Simulating forecast with (40, 12, 50) (T,I,J), rep 1
2025-01-19 09:09:27,053 6976 DEBUG Simulating forecast with (40, 12, 50) (T,I,J), rep 0
2025-01-19 09:09:27,089 15244 DEBUG Simulating forecast with (40, 12, 50) (T,I,J), rep 1
2025-01-19 09:09:27,113 7920 DEBUG Simulating forecast with (40, 12, 50) (T,I,J), rep 0
2025-01-19 09:09:27,114 19300 DEBUG Simulating forecast with (40, 12, 50) (T,I,J), rep 1
2025-01-19 09:09:27,124 1716 DEBUG Simulating forecast with (40, 12, 50) (T,I,J), rep 0
2025-01-19 09:09:27,128 15228 DEBUG Simulating forecast with (40, 12, 50) (T,I,J), rep 1
2025-01-19 09:09:27,155 19324 DEBUG Simulating forecast with (40, 12, 50) (T,I,J), rep 0
2025-01-19 09:09:27,186 17060 DEBUG Simulating forecast with (40, 12, 50) (T,I,J), rep 1
2025-01-19 09:09:27,369 6976 DEBUG Simulating forecast with (40, 12, 50) (T,I,J), rep 0
2025-01-19 09:09:27,883 15244 DEBUG Simulating forecast with (40, 12, 50) (T,I,J), rep 1
2025-01-19 09:10:36,836 20844 DEBUG Starting code with parameters {'repetitions': 2, 'range_dict': {'ranges': [{'start': 40, 'stop': 40}, {'start': 12, 'stop': 12}, {'start': 50, 'stop': 50}], 'n_vals': 1}, 'noise_scale': 1, 'max_horizon': 6, 'dgp': 'package.dgp_classes.base_F_AR_DGP', 'dgp_kwargs': [{'n_factors': 2, 'lags': 1, 'ar_coefficients': [[0.1, 0.1]]}, {'n_factors': 2, 'lags': 1, 'ar_coefficients': [[0.3, 0.3]]}, {'n_factors': 2, 'lags': 1, 'ar_coefficients': [[0.5, 0.5]]}, {'n_factors': 2, 'lags': 1, 'ar_coefficients': [[0.7, 0.7]]}, {'n_factors': 2, 'lags': 1, 'ar_coefficients': [[0.9, 0.9]]}], 'workers': 8}.
2025-01-19 09:10:36,836 20844 DEBUG We have 8 workers available to us.
2025-01-19 09:10:36,836 20844 DEBUG Starting the simulation
2025-01-19 09:10:36,841 20844 DEBUG Simulating forecast with (40, 12, 50) (T,I,J), rep 0
2025-01-19 09:10:36,989 20844 DEBUG Simulating forecast with (40, 12, 50) (T,I,J), rep 1
2025-01-19 09:10:37,158 20844 DEBUG Simulating forecast with (40, 12, 50) (T,I,J), rep 0
2025-01-19 09:10:37,295 20844 DEBUG Simulating forecast with (40, 12, 50) (T,I,J), rep 1
2025-01-19 09:10:37,457 20844 DEBUG Simulating forecast with (40, 12, 50) (T,I,J), rep 0
2025-01-19 09:10:37,690 20844 DEBUG Simulating forecast with (40, 12, 50) (T,I,J), rep 1
2025-01-19 09:10:37,917 20844 DEBUG Simulating forecast with (40, 12, 50) (T,I,J), rep 0
2025-01-19 09:10:38,346 20844 DEBUG Simulating forecast with (40, 12, 50) (T,I,J), rep 1
2025-01-19 09:10:38,632 20844 DEBUG Simulating forecast with (40, 12, 50) (T,I,J), rep 0
2025-01-19 09:10:39,251 20844 DEBUG Simulating forecast with (40, 12, 50) (T,I,J), rep 1
2025-01-19 09:10:44,846 1556 DEBUG Simulating forecast with (40, 12, 50) (T,I,J), rep 0
2025-01-19 09:10:44,850 18056 DEBUG Simulating forecast with (40, 12, 50) (T,I,J), rep 1
2025-01-19 09:10:44,851 10980 DEBUG Simulating forecast with (40, 12, 50) (T,I,J), rep 0
2025-01-19 09:10:44,853 13552 DEBUG Simulating forecast with (40, 12, 50) (T,I,J), rep 1
2025-01-19 09:10:44,855 19568 DEBUG Simulating forecast with (40, 12, 50) (T,I,J), rep 0
2025-01-19 09:10:44,857 6876 DEBUG Simulating forecast with (40, 12, 50) (T,I,J), rep 1
2025-01-19 09:10:44,864 8116 DEBUG Simulating forecast with (40, 12, 50) (T,I,J), rep 0
2025-01-19 09:10:44,871 19780 DEBUG Simulating forecast with (40, 12, 50) (T,I,J), rep 1
2025-01-19 09:10:45,630 18056 DEBUG Simulating forecast with (40, 12, 50) (T,I,J), rep 0
2025-01-19 09:10:45,692 10980 DEBUG Simulating forecast with (40, 12, 50) (T,I,J), rep 1
2025-01-19 09:11:57,498 12620 DEBUG Starting code with parameters {'repetitions': 2, 'range_dict': {'ranges': [{'start': 40, 'stop': 40}, {'start': 12, 'stop': 12}, {'start': 50, 'stop': 50}], 'n_vals': 1}, 'noise_scale': 1, 'max_horizon': 6, 'dgp': 'package.dgp_classes.base_F_AR_DGP', 'dgp_kwargs': [{'n_factors': 2, 'lags': 1, 'ar_coefficients': [[0.1, 0.1]]}, {'n_factors': 2, 'lags': 1, 'ar_coefficients': [[0.3, 0.3]]}, {'n_factors': 2, 'lags': 1, 'ar_coefficients': [[0.5, 0.5]]}, {'n_factors': 2, 'lags': 1, 'ar_coefficients': [[0.7, 0.7]]}, {'n_factors': 2, 'lags': 1, 'ar_coefficients': [[0.9, 0.9]]}], 'workers': 8}.
2025-01-19 09:11:57,498 12620 DEBUG We have 8 workers available to us.
2025-01-19 09:11:57,498 12620 DEBUG Starting the simulation
2025-01-19 09:11:57,503 12620 DEBUG Simulating forecast with (40, 12, 50) (T,I,J), rep 0
2025-01-19 09:11:57,880 12620 DEBUG Simulating forecast with (40, 12, 50) (T,I,J), rep 1
2025-01-19 09:11:58,061 12620 DEBUG Simulating forecast with (40, 12, 50) (T,I,J), rep 0
2025-01-19 09:11:58,222 12620 DEBUG Simulating forecast with (40, 12, 50) (T,I,J), rep 1
2025-01-19 09:11:58,433 12620 DEBUG Simulating forecast with (40, 12, 50) (T,I,J), rep 0
2025-01-19 09:11:58,656 12620 DEBUG Simulating forecast with (40, 12, 50) (T,I,J), rep 1
2025-01-19 09:11:58,901 12620 DEBUG Simulating forecast with (40, 12, 50) (T,I,J), rep 0
2025-01-19 09:11:59,393 12620 DEBUG Simulating forecast with (40, 12, 50) (T,I,J), rep 1
2025-01-19 09:11:59,796 12620 DEBUG Simulating forecast with (40, 12, 50) (T,I,J), rep 0
2025-01-19 09:12:00,263 12620 DEBUG Simulating forecast with (40, 12, 50) (T,I,J), rep 1
2025-01-19 09:12:05,277 4648 DEBUG Simulating forecast with (40, 12, 50) (T,I,J), rep 0
2025-01-19 09:12:05,284 8480 DEBUG Simulating forecast with (40, 12, 50) (T,I,J), rep 1
2025-01-19 09:12:05,296 15968 DEBUG Simulating forecast with (40, 12, 50) (T,I,J), rep 0
2025-01-19 09:12:05,307 2476 DEBUG Simulating forecast with (40, 12, 50) (T,I,J), rep 1
2025-01-19 09:12:05,312 18400 DEBUG Simulating forecast with (40, 12, 50) (T,I,J), rep 0
2025-01-19 09:12:05,325 21560 DEBUG Simulating forecast with (40, 12, 50) (T,I,J), rep 1
2025-01-19 09:12:05,334 4548 DEBUG Simulating forecast with (40, 12, 50) (T,I,J), rep 0
2025-01-19 09:12:05,345 15168 DEBUG Simulating forecast with (40, 12, 50) (T,I,J), rep 1
2025-01-19 09:12:06,117 15968 DEBUG Simulating forecast with (40, 12, 50) (T,I,J), rep 0
2025-01-19 09:12:06,186 4648 DEBUG Simulating forecast with (40, 12, 50) (T,I,J), rep 1
2025-01-19 09:13:16,993 8808 DEBUG Starting code with parameters {'repetitions': 2, 'range_dict': {'ranges': [{'start': 40, 'stop': 40}, {'start': 12, 'stop': 12}, {'start': 50, 'stop': 50}], 'n_vals': 1}, 'noise_scale': 1, 'max_horizon': 6, 'dgp': 'package.dgp_classes.base_F_AR_DGP', 'dgp_kwargs': [{'n_factors': 2, 'lags': 1, 'ar_coefficients': [[0.1, 0.1]]}, {'n_factors': 2, 'lags': 1, 'ar_coefficients': [[0.3, 0.3]]}, {'n_factors': 2, 'lags': 1, 'ar_coefficients': [[0.5, 0.5]]}, {'n_factors': 2, 'lags': 1, 'ar_coefficients': [[0.7, 0.7]]}, {'n_factors': 2, 'lags': 1, 'ar_coefficients': [[0.9, 0.9]]}], 'workers': 8}.
2025-01-19 09:13:16,994 8808 DEBUG We have 8 workers available to us.
2025-01-19 09:13:16,994 8808 DEBUG Starting the simulation
2025-01-19 09:13:16,998 8808 DEBUG Simulating forecast with (40, 12, 50) (T,I,J), rep 0
2025-01-19 09:13:17,171 8808 DEBUG Simulating forecast with (40, 12, 50) (T,I,J), rep 1
2025-01-19 09:13:17,317 8808 DEBUG Simulating forecast with (40, 12, 50) (T,I,J), rep 0
2025-01-19 09:13:17,464 8808 DEBUG Simulating forecast with (40, 12, 50) (T,I,J), rep 1
2025-01-19 09:13:17,641 8808 DEBUG Simulating forecast with (40, 12, 50) (T,I,J), rep 0
2025-01-19 09:13:17,801 8808 DEBUG Simulating forecast with (40, 12, 50) (T,I,J), rep 1
2025-01-19 09:13:17,946 8808 DEBUG Simulating forecast with (40, 12, 50) (T,I,J), rep 0
2025-01-19 09:13:18,155 8808 DEBUG Simulating forecast with (40, 12, 50) (T,I,J), rep 1
2025-01-19 09:13:18,338 8808 DEBUG Simulating forecast with (40, 12, 50) (T,I,J), rep 0
2025-01-19 09:13:18,638 8808 DEBUG Simulating forecast with (40, 12, 50) (T,I,J), rep 1
2025-01-19 09:13:23,652 13452 DEBUG Simulating forecast with (40, 12, 50) (T,I,J), rep 0
2025-01-19 09:13:23,659 12720 DEBUG Simulating forecast with (40, 12, 50) (T,I,J), rep 1
2025-01-19 09:13:23,669 504 DEBUG Simulating forecast with (40, 12, 50) (T,I,J), rep 0
2025-01-19 09:13:23,671 18424 DEBUG Simulating forecast with (40, 12, 50) (T,I,J), rep 1
2025-01-19 09:13:23,678 21280 DEBUG Simulating forecast with (40, 12, 50) (T,I,J), rep 0
2025-01-19 09:13:23,693 7896 DEBUG Simulating forecast with (40, 12, 50) (T,I,J), rep 1
2025-01-19 09:13:23,705 15440 DEBUG Simulating forecast with (40, 12, 50) (T,I,J), rep 0
2025-01-19 09:13:23,712 16500 DEBUG Simulating forecast with (40, 12, 50) (T,I,J), rep 1
2025-01-19 09:13:24,236 12720 DEBUG Simulating forecast with (40, 12, 50) (T,I,J), rep 0
2025-01-19 09:13:24,587 504 DEBUG Simulating forecast with (40, 12, 50) (T,I,J), rep 1
2025-01-19 09:13:25,510 8808 DEBUG The simulation has ended
2025-01-19 17:53:02,601 10252 DEBUG Starting code with parameters {'repetitions': 2, 'range_dict': {'ranges': [{'start': 40, 'stop': 40}, {'start': 12, 'stop': 12}, {'start': 50, 'stop': 50}], 'n_vals': 1}, 'noise_scale': 1, 'max_horizon': 6, 'dgp': 'package.dgp_classes.base_F_AR_DGP', 'dgp_kwargs': [{'n_factors': 2, 'lags': 1, 'ar_coefficients': [[0.1, 0.1]]}, {'n_factors': 2, 'lags': 1, 'ar_coefficients': [[0.3, 0.3]]}, {'n_factors': 2, 'lags': 1, 'ar_coefficients': [[0.5, 0.5]]}, {'n_factors': 2, 'lags': 1, 'ar_coefficients': [[0.7, 0.7]]}, {'n_factors': 2, 'lags': 1, 'ar_coefficients': [[0.9, 0.9]]}], 'workers': 8}.
2025-01-19 17:53:02,602 10252 DEBUG We have 8 workers available to us.
2025-01-19 17:53:02,602 10252 DEBUG Starting the simulation
2025-01-19 17:53:07,255 19368 DEBUG Simulating forecast with (40, 12, 50) (T,I,J), rep 0
2025-01-19 17:53:07,265 24396 DEBUG Simulating forecast with (40, 12, 50) (T,I,J), rep 1
2025-01-19 17:53:07,266 25108 DEBUG Simulating forecast with (40, 12, 50) (T,I,J), rep 0
2025-01-19 17:53:07,269 9968 DEBUG Simulating forecast with (40, 12, 50) (T,I,J), rep 1
2025-01-19 17:53:07,279 18552 DEBUG Simulating forecast with (40, 12, 50) (T,I,J), rep 0
2025-01-19 17:53:07,281 26472 DEBUG Simulating forecast with (40, 12, 50) (T,I,J), rep 1
2025-01-19 17:53:07,288 21960 DEBUG Simulating forecast with (40, 12, 50) (T,I,J), rep 0
2025-01-19 17:53:07,300 8764 DEBUG Simulating forecast with (40, 12, 50) (T,I,J), rep 1
2025-01-19 17:53:08,149 19368 DEBUG Simulating forecast with (40, 12, 50) (T,I,J), rep 0
2025-01-19 17:53:08,444 9968 DEBUG Simulating forecast with (40, 12, 50) (T,I,J), rep 1
2025-01-19 17:53:09,203 10252 DEBUG The simulation has ended
2025-01-19 18:03:25,122 23140 DEBUG Starting code with parameters {'repetitions': 2, 'range_dict': {'ranges': [{'start': 40, 'stop': 40}, {'start': 12, 'stop': 12}, {'start': 50, 'stop': 50}], 'n_vals': 1}, 'noise_scale': 1, 'max_horizon': 6, 'dgp': 'package.dgp_classes.base_F_AR_DGP', 'dgp_kwargs': [{'n_factors': 2, 'lags': 1, 'ar_coefficients': [[0.1, 0.1]]}, {'n_factors': 2, 'lags': 1, 'ar_coefficients': [[0.3, 0.3]]}, {'n_factors': 2, 'lags': 1, 'ar_coefficients': [[0.5, 0.5]]}, {'n_factors': 2, 'lags': 1, 'ar_coefficients': [[0.7, 0.7]]}, {'n_factors': 2, 'lags': 1, 'ar_coefficients': [[0.9, 0.9]]}], 'workers': 8}.
2025-01-19 18:03:25,122 23140 DEBUG We have 8 workers available to us.
2025-01-19 18:03:25,122 23140 DEBUG Starting the simulation
2025-01-19 18:03:29,641 23020 DEBUG Simulating forecast with (40, 12, 50) (T,I,J), rep 0
2025-01-19 18:03:29,641 20144 DEBUG Simulating forecast with (40, 12, 50) (T,I,J), rep 1
2025-01-19 18:03:29,642 8276 DEBUG Simulating forecast with (40, 12, 50) (T,I,J), rep 0
2025-01-19 18:03:29,642 20336 DEBUG Simulating forecast with (40, 12, 50) (T,I,J), rep 1
2025-01-19 18:03:29,642 16908 DEBUG Simulating forecast with (40, 12, 50) (T,I,J), rep 0
2025-01-19 18:03:29,643 25736 DEBUG Simulating forecast with (40, 12, 50) (T,I,J), rep 1
2025-01-19 18:03:29,644 25896 DEBUG Simulating forecast with (40, 12, 50) (T,I,J), rep 0
2025-01-19 18:03:29,647 25324 DEBUG Simulating forecast with (40, 12, 50) (T,I,J), rep 1
2025-01-19 18:03:31,107 16908 DEBUG Simulating forecast with (40, 12, 50) (T,I,J), rep 0
2025-01-19 18:03:31,204 20336 DEBUG Simulating forecast with (40, 12, 50) (T,I,J), rep 1
2025-01-19 18:03:33,092 23140 DEBUG The simulation has ended
2025-01-19 18:06:12,802 2488 DEBUG Starting code with parameters {'repetitions': 2, 'range_dict': {'ranges': [{'start': 40, 'stop': 40}, {'start': 12, 'stop': 12}, {'start': 50, 'stop': 50}], 'n_vals': 1}, 'noise_scale': 1, 'max_horizon': 6, 'dgp': 'package.dgp_classes.base_F_AR_DGP', 'dgp_kwargs': [{'n_factors': 2, 'lags': 1, 'ar_coefficients': [[0.1, 0.1]]}, {'n_factors': 2, 'lags': 1, 'ar_coefficients': [[0.3, 0.3]]}, {'n_factors': 2, 'lags': 1, 'ar_coefficients': [[0.5, 0.5]]}, {'n_factors': 2, 'lags': 1, 'ar_coefficients': [[0.7, 0.7]]}, {'n_factors': 2, 'lags': 1, 'ar_coefficients': [[0.9, 0.9]]}], 'workers': 8}.
2025-01-19 18:06:12,802 2488 DEBUG We have 8 workers available to us.
2025-01-19 18:06:12,802 2488 DEBUG Starting the simulation
2025-01-19 18:06:18,231 12828 DEBUG Simulating forecast with (40, 12, 50) (T,I,J), rep 0
2025-01-19 18:06:18,249 21332 DEBUG Simulating forecast with (40, 12, 50) (T,I,J), rep 1
2025-01-19 18:06:18,252 3696 DEBUG Simulating forecast with (40, 12, 50) (T,I,J), rep 0
2025-01-19 18:06:18,252 21408 DEBUG Simulating forecast with (40, 12, 50) (T,I,J), rep 1
2025-01-19 18:06:18,256 4600 DEBUG Simulating forecast with (40, 12, 50) (T,I,J), rep 0
2025-01-19 18:06:18,269 5624 DEBUG Simulating forecast with (40, 12, 50) (T,I,J), rep 1
2025-01-19 18:06:18,273 24452 DEBUG Simulating forecast with (40, 12, 50) (T,I,J), rep 0
2025-01-19 18:06:18,275 10432 DEBUG Simulating forecast with (40, 12, 50) (T,I,J), rep 1
2025-01-19 18:06:18,998 12828 DEBUG Simulating forecast with (40, 12, 50) (T,I,J), rep 0
2025-01-19 18:06:19,141 21332 DEBUG Simulating forecast with (40, 12, 50) (T,I,J), rep 1
2025-01-19 18:06:20,453 2488 DEBUG The simulation has ended
2025-01-21 10:13:12,985 15464 DEBUG Starting code with parameters {'repetitions': 2, 'range_dict': {'ranges': [{'start': 40, 'stop': 40}, {'start': 12, 'stop': 12}, {'start': 50, 'stop': 50}], 'n_vals': 1}, 'noise_scale': 1, 'max_horizon': 6, 'dgp': 'package.dgp_classes.base_F_AR_DGP', 'dgp_kwargs': [{'n_factors': 2, 'lags': 1, 'ar_coefficients': [[0.1, 0.1]]}, {'n_factors': 2, 'lags': 1, 'ar_coefficients': [[0.3, 0.3]]}, {'n_factors': 2, 'lags': 1, 'ar_coefficients': [[0.5, 0.5]]}, {'n_factors': 2, 'lags': 1, 'ar_coefficients': [[0.7, 0.7]]}, {'n_factors': 2, 'lags': 1, 'ar_coefficients': [[0.9, 0.9]]}], 'workers': 8}.
2025-01-21 10:13:12,986 15464 DEBUG We have 8 workers available to us.
2025-01-21 10:13:12,986 15464 DEBUG Starting the simulation
2025-01-21 10:13:12,993 15464 DEBUG Simulating forecast with (40, 12, 50) (T,I,J), rep 0
2025-01-21 10:17:21,247 10076 DEBUG Starting code with parameters {'repetitions': 50, 'range_dict': {'ranges': [{'start': 40, 'stop': 40}, {'start': 12, 'stop': 12}, {'start': 50, 'stop': 50}], 'n_vals': 1}, 'noise_scale': 1, 'max_horizon': 6, 'dgp': 'package.dgp_classes.base_F_AR_DGP', 'dgp_kwargs': [{'n_factors': 2, 'lags': 1, 'ar_coefficients': [[0.1, 0.1]]}, {'n_factors': 2, 'lags': 1, 'ar_coefficients': [[0.3, 0.3]]}, {'n_factors': 2, 'lags': 1, 'ar_coefficients': [[0.5, 0.5]]}, {'n_factors': 2, 'lags': 1, 'ar_coefficients': [[0.7, 0.7]]}, {'n_factors': 2, 'lags': 1, 'ar_coefficients': [[0.9, 0.9]]}], 'workers': 8}.
2025-01-21 10:17:21,247 10076 DEBUG We have 8 workers available to us.
2025-01-21 10:17:21,248 10076 DEBUG Starting the simulation
2025-01-21 10:17:25,735 1136 DEBUG Simulating forecast with (40, 12, 50) (T,I,J), rep 0
2025-01-21 10:17:25,737 11004 DEBUG Simulating forecast with (40, 12, 50) (T,I,J), rep 8
2025-01-21 10:17:25,740 11284 DEBUG Simulating forecast with (40, 12, 50) (T,I,J), rep 16
2025-01-21 10:17:25,741 19448 DEBUG Simulating forecast with (40, 12, 50) (T,I,J), rep 24
2025-01-21 10:17:25,742 9952 DEBUG Simulating forecast with (40, 12, 50) (T,I,J), rep 32
2025-01-21 10:17:25,742 19320 DEBUG Simulating forecast with (40, 12, 50) (T,I,J), rep 40
2025-01-21 10:17:25,745 13888 DEBUG Simulating forecast with (40, 12, 50) (T,I,J), rep 48
2025-01-21 10:17:25,766 18492 DEBUG Simulating forecast with (40, 12, 50) (T,I,J), rep 6
2025-01-21 10:17:26,578 11004 DEBUG Simulating forecast with (40, 12, 50) (T,I,J), rep 9
2025-01-21 10:17:26,602 1136 DEBUG Simulating forecast with (40, 12, 50) (T,I,J), rep 1
2025-01-21 10:17:26,637 19320 DEBUG Simulating forecast with (40, 12, 50) (T,I,J), rep 41
2025-01-21 10:17:26,709 13888 DEBUG Simulating forecast with (40, 12, 50) (T,I,J), rep 49
2025-01-21 10:17:26,712 11284 DEBUG Simulating forecast with (40, 12, 50) (T,I,J), rep 17
2025-01-21 10:17:26,765 9952 DEBUG Simulating forecast with (40, 12, 50) (T,I,J), rep 33
2025-01-21 10:17:26,964 18492 DEBUG Simulating forecast with (40, 12, 50) (T,I,J), rep 7
2025-01-21 10:17:27,101 19448 DEBUG Simulating forecast with (40, 12, 50) (T,I,J), rep 25
2025-01-21 10:17:27,553 19320 DEBUG Simulating forecast with (40, 12, 50) (T,I,J), rep 42
2025-01-21 10:17:27,774 1136 DEBUG Simulating forecast with (40, 12, 50) (T,I,J), rep 2
2025-01-21 10:17:27,802 11284 DEBUG Simulating forecast with (40, 12, 50) (T,I,J), rep 18
2025-01-21 10:17:27,819 13888 DEBUG Simulating forecast with (40, 12, 50) (T,I,J), rep 0
2025-01-21 10:17:27,874 11004 DEBUG Simulating forecast with (40, 12, 50) (T,I,J), rep 10
2025-01-21 10:17:27,885 9952 DEBUG Simulating forecast with (40, 12, 50) (T,I,J), rep 34
2025-01-21 10:17:28,296 18492 DEBUG Simulating forecast with (40, 12, 50) (T,I,J), rep 8
2025-01-21 10:17:28,498 19448 DEBUG Simulating forecast with (40, 12, 50) (T,I,J), rep 26
2025-01-21 10:17:28,770 1136 DEBUG Simulating forecast with (40, 12, 50) (T,I,J), rep 3
2025-01-21 10:17:28,797 19320 DEBUG Simulating forecast with (40, 12, 50) (T,I,J), rep 43
2025-01-21 10:17:29,042 11004 DEBUG Simulating forecast with (40, 12, 50) (T,I,J), rep 11
2025-01-21 10:17:29,081 13888 DEBUG Simulating forecast with (40, 12, 50) (T,I,J), rep 1
2025-01-21 10:17:29,145 11284 DEBUG Simulating forecast with (40, 12, 50) (T,I,J), rep 19
2025-01-21 10:17:29,163 9952 DEBUG Simulating forecast with (40, 12, 50) (T,I,J), rep 35
2025-01-21 10:17:29,940 19320 DEBUG Simulating forecast with (40, 12, 50) (T,I,J), rep 44
2025-01-21 10:17:30,039 1136 DEBUG Simulating forecast with (40, 12, 50) (T,I,J), rep 4
2025-01-21 10:17:30,117 18492 DEBUG Simulating forecast with (40, 12, 50) (T,I,J), rep 9
2025-01-21 10:17:30,174 19448 DEBUG Simulating forecast with (40, 12, 50) (T,I,J), rep 27
2025-01-21 10:17:30,393 13888 DEBUG Simulating forecast with (40, 12, 50) (T,I,J), rep 2
2025-01-21 10:17:30,574 11284 DEBUG Simulating forecast with (40, 12, 50) (T,I,J), rep 20
2025-01-21 10:17:30,642 9952 DEBUG Simulating forecast with (40, 12, 50) (T,I,J), rep 36
2025-01-21 10:17:30,692 11004 DEBUG Simulating forecast with (40, 12, 50) (T,I,J), rep 12
2025-01-21 10:17:31,786 1136 DEBUG Simulating forecast with (40, 12, 50) (T,I,J), rep 5
2025-01-21 10:17:31,834 13888 DEBUG Simulating forecast with (40, 12, 50) (T,I,J), rep 3
2025-01-21 10:17:31,841 18492 DEBUG Simulating forecast with (40, 12, 50) (T,I,J), rep 10
2025-01-21 10:17:31,878 19320 DEBUG Simulating forecast with (40, 12, 50) (T,I,J), rep 45
2025-01-21 10:17:32,013 9952 DEBUG Simulating forecast with (40, 12, 50) (T,I,J), rep 37
2025-01-21 10:17:32,050 11284 DEBUG Simulating forecast with (40, 12, 50) (T,I,J), rep 21
2025-01-21 10:17:32,100 19448 DEBUG Simulating forecast with (40, 12, 50) (T,I,J), rep 28
2025-01-21 10:17:32,222 11004 DEBUG Simulating forecast with (40, 12, 50) (T,I,J), rep 13
2025-01-21 10:17:32,903 19320 DEBUG Simulating forecast with (40, 12, 50) (T,I,J), rep 46
2025-01-21 10:17:32,958 13888 DEBUG Simulating forecast with (40, 12, 50) (T,I,J), rep 4
2025-01-21 10:17:32,985 1136 DEBUG Simulating forecast with (40, 12, 50) (T,I,J), rep 6
2025-01-21 10:17:33,024 18492 DEBUG Simulating forecast with (40, 12, 50) (T,I,J), rep 11
2025-01-21 10:17:33,043 9952 DEBUG Simulating forecast with (40, 12, 50) (T,I,J), rep 38
2025-01-21 10:17:33,135 11284 DEBUG Simulating forecast with (40, 12, 50) (T,I,J), rep 22
2025-01-21 10:17:33,542 19448 DEBUG Simulating forecast with (40, 12, 50) (T,I,J), rep 29
2025-01-21 10:17:33,934 1136 DEBUG Simulating forecast with (40, 12, 50) (T,I,J), rep 7
2025-01-21 10:17:34,040 18492 DEBUG Simulating forecast with (40, 12, 50) (T,I,J), rep 12
2025-01-21 10:17:34,059 11004 DEBUG Simulating forecast with (40, 12, 50) (T,I,J), rep 14
2025-01-21 10:17:34,187 19320 DEBUG Simulating forecast with (40, 12, 50) (T,I,J), rep 47
2025-01-21 10:17:34,359 9952 DEBUG Simulating forecast with (40, 12, 50) (T,I,J), rep 39
2025-01-21 10:17:34,373 11284 DEBUG Simulating forecast with (40, 12, 50) (T,I,J), rep 23
2025-01-21 10:17:34,975 1136 DEBUG Simulating forecast with (40, 12, 50) (T,I,J), rep 14
2025-01-21 10:17:35,050 11004 DEBUG Simulating forecast with (40, 12, 50) (T,I,J), rep 15
2025-01-21 10:17:35,462 18492 DEBUG Simulating forecast with (40, 12, 50) (T,I,J), rep 13
2025-01-21 10:17:35,477 19448 DEBUG Simulating forecast with (40, 12, 50) (T,I,J), rep 30
2025-01-21 10:17:35,511 13888 DEBUG Simulating forecast with (40, 12, 50) (T,I,J), rep 22
2025-01-21 10:17:35,559 19320 DEBUG Simulating forecast with (40, 12, 50) (T,I,J), rep 30
2025-01-21 10:17:35,758 11284 DEBUG Simulating forecast with (40, 12, 50) (T,I,J), rep 38
2025-01-21 10:17:35,824 9952 DEBUG Simulating forecast with (40, 12, 50) (T,I,J), rep 46
2025-01-21 10:17:36,260 11004 DEBUG Simulating forecast with (40, 12, 50) (T,I,J), rep 4
2025-01-21 10:17:36,272 19448 DEBUG Simulating forecast with (40, 12, 50) (T,I,J), rep 31
2025-01-21 10:17:36,455 13888 DEBUG Simulating forecast with (40, 12, 50) (T,I,J), rep 23
2025-01-21 10:17:36,459 1136 DEBUG Simulating forecast with (40, 12, 50) (T,I,J), rep 15
2025-01-21 10:17:36,515 18492 DEBUG Simulating forecast with (40, 12, 50) (T,I,J), rep 12
2025-01-21 10:17:36,614 19320 DEBUG Simulating forecast with (40, 12, 50) (T,I,J), rep 31
2025-01-21 10:17:36,792 11284 DEBUG Simulating forecast with (40, 12, 50) (T,I,J), rep 39
2025-01-21 10:17:37,283 9952 DEBUG Simulating forecast with (40, 12, 50) (T,I,J), rep 47
2025-01-21 10:17:37,670 19448 DEBUG Simulating forecast with (40, 12, 50) (T,I,J), rep 20
2025-01-21 10:17:37,678 11004 DEBUG Simulating forecast with (40, 12, 50) (T,I,J), rep 5
2025-01-21 10:17:37,947 18492 DEBUG Simulating forecast with (40, 12, 50) (T,I,J), rep 13
2025-01-21 10:17:37,951 13888 DEBUG Simulating forecast with (40, 12, 50) (T,I,J), rep 24
2025-01-21 10:17:37,965 1136 DEBUG Simulating forecast with (40, 12, 50) (T,I,J), rep 16
2025-01-21 10:17:38,159 19320 DEBUG Simulating forecast with (40, 12, 50) (T,I,J), rep 32
2025-01-21 10:17:38,361 11284 DEBUG Simulating forecast with (40, 12, 50) (T,I,J), rep 40
2025-01-21 10:17:38,804 9952 DEBUG Simulating forecast with (40, 12, 50) (T,I,J), rep 48
2025-01-21 10:17:38,871 19448 DEBUG Simulating forecast with (40, 12, 50) (T,I,J), rep 21
2025-01-21 10:17:38,959 13888 DEBUG Simulating forecast with (40, 12, 50) (T,I,J), rep 25
2025-01-21 10:17:39,040 11004 DEBUG Simulating forecast with (40, 12, 50) (T,I,J), rep 6
2025-01-21 10:17:39,083 1136 DEBUG Simulating forecast with (40, 12, 50) (T,I,J), rep 17
2025-01-21 10:17:39,115 18492 DEBUG Simulating forecast with (40, 12, 50) (T,I,J), rep 14
2025-01-21 10:17:39,510 19320 DEBUG Simulating forecast with (40, 12, 50) (T,I,J), rep 33
2025-01-21 10:17:39,516 11284 DEBUG Simulating forecast with (40, 12, 50) (T,I,J), rep 41
2025-01-21 10:17:39,718 9952 DEBUG Simulating forecast with (40, 12, 50) (T,I,J), rep 49
2025-01-21 10:17:39,964 11004 DEBUG Simulating forecast with (40, 12, 50) (T,I,J), rep 7
2025-01-21 10:17:40,037 19448 DEBUG Simulating forecast with (40, 12, 50) (T,I,J), rep 22
2025-01-21 10:17:40,131 1136 DEBUG Simulating forecast with (40, 12, 50) (T,I,J), rep 18
2025-01-21 10:17:40,160 13888 DEBUG Simulating forecast with (40, 12, 50) (T,I,J), rep 26
2025-01-21 10:17:40,239 18492 DEBUG Simulating forecast with (40, 12, 50) (T,I,J), rep 15
2025-01-21 10:17:40,686 11284 DEBUG Simulating forecast with (40, 12, 50) (T,I,J), rep 42
2025-01-21 10:17:40,709 19320 DEBUG Simulating forecast with (40, 12, 50) (T,I,J), rep 34
2025-01-21 10:17:41,060 1136 DEBUG Simulating forecast with (40, 12, 50) (T,I,J), rep 19
2025-01-21 10:17:41,156 11004 DEBUG Simulating forecast with (40, 12, 50) (T,I,J), rep 8
2025-01-21 10:17:41,266 13888 DEBUG Simulating forecast with (40, 12, 50) (T,I,J), rep 27
2025-01-21 10:17:41,295 19448 DEBUG Simulating forecast with (40, 12, 50) (T,I,J), rep 23
2025-01-21 10:17:41,384 9952 DEBUG Simulating forecast with (40, 12, 50) (T,I,J), rep 0
2025-01-21 10:17:41,523 18492 DEBUG Simulating forecast with (40, 12, 50) (T,I,J), rep 16
2025-01-21 10:17:41,820 11284 DEBUG Simulating forecast with (40, 12, 50) (T,I,J), rep 43
2025-01-21 10:17:42,080 1136 DEBUG Simulating forecast with (40, 12, 50) (T,I,J), rep 20
2025-01-21 10:17:42,128 19320 DEBUG Simulating forecast with (40, 12, 50) (T,I,J), rep 35
2025-01-21 10:17:42,168 11004 DEBUG Simulating forecast with (40, 12, 50) (T,I,J), rep 9
2025-01-21 10:17:42,327 13888 DEBUG Simulating forecast with (40, 12, 50) (T,I,J), rep 28
2025-01-21 10:17:42,620 9952 DEBUG Simulating forecast with (40, 12, 50) (T,I,J), rep 1
2025-01-21 10:17:42,737 19448 DEBUG Simulating forecast with (40, 12, 50) (T,I,J), rep 24
2025-01-21 10:17:43,435 18492 DEBUG Simulating forecast with (40, 12, 50) (T,I,J), rep 17
2025-01-21 10:17:43,676 19320 DEBUG Simulating forecast with (40, 12, 50) (T,I,J), rep 36
2025-01-21 10:17:43,701 11284 DEBUG Simulating forecast with (40, 12, 50) (T,I,J), rep 44
2025-01-21 10:17:43,869 1136 DEBUG Simulating forecast with (40, 12, 50) (T,I,J), rep 21
2025-01-21 10:17:44,041 11004 DEBUG Simulating forecast with (40, 12, 50) (T,I,J), rep 10
2025-01-21 10:17:44,060 13888 DEBUG Simulating forecast with (40, 12, 50) (T,I,J), rep 29
2025-01-21 10:17:44,409 9952 DEBUG Simulating forecast with (40, 12, 50) (T,I,J), rep 2
2025-01-21 10:17:44,450 19448 DEBUG Simulating forecast with (40, 12, 50) (T,I,J), rep 25
2025-01-21 10:17:44,983 19320 DEBUG Simulating forecast with (40, 12, 50) (T,I,J), rep 37
2025-01-21 10:17:45,016 18492 DEBUG Simulating forecast with (40, 12, 50) (T,I,J), rep 18
2025-01-21 10:17:45,043 11284 DEBUG Simulating forecast with (40, 12, 50) (T,I,J), rep 45
2025-01-21 10:17:45,136 1136 DEBUG Simulating forecast with (40, 12, 50) (T,I,J), rep 28
2025-01-21 10:17:45,277 13888 DEBUG Simulating forecast with (40, 12, 50) (T,I,J), rep 36
2025-01-21 10:17:45,416 11004 DEBUG Simulating forecast with (40, 12, 50) (T,I,J), rep 11
2025-01-21 10:17:45,590 9952 DEBUG Simulating forecast with (40, 12, 50) (T,I,J), rep 3
2025-01-21 10:17:45,755 19448 DEBUG Simulating forecast with (40, 12, 50) (T,I,J), rep 26
2025-01-21 10:17:45,912 19320 DEBUG Simulating forecast with (40, 12, 50) (T,I,J), rep 44
2025-01-21 10:17:46,010 18492 DEBUG Simulating forecast with (40, 12, 50) (T,I,J), rep 19
2025-01-21 10:17:46,027 11284 DEBUG Simulating forecast with (40, 12, 50) (T,I,J), rep 2
2025-01-21 10:17:46,178 1136 DEBUG Simulating forecast with (40, 12, 50) (T,I,J), rep 29
2025-01-21 10:17:46,505 13888 DEBUG Simulating forecast with (40, 12, 50) (T,I,J), rep 37
2025-01-21 10:17:46,655 11004 DEBUG Simulating forecast with (40, 12, 50) (T,I,J), rep 10
2025-01-21 10:17:46,951 9952 DEBUG Simulating forecast with (40, 12, 50) (T,I,J), rep 18
2025-01-21 10:17:47,227 19320 DEBUG Simulating forecast with (40, 12, 50) (T,I,J), rep 45
2025-01-21 10:17:47,344 18492 DEBUG Simulating forecast with (40, 12, 50) (T,I,J), rep 26
2025-01-21 10:17:47,637 19448 DEBUG Simulating forecast with (40, 12, 50) (T,I,J), rep 27
2025-01-21 10:17:47,890 11284 DEBUG Simulating forecast with (40, 12, 50) (T,I,J), rep 3
2025-01-21 10:17:47,919 1136 DEBUG Simulating forecast with (40, 12, 50) (T,I,J), rep 30
2025-01-21 10:17:48,172 13888 DEBUG Simulating forecast with (40, 12, 50) (T,I,J), rep 38
2025-01-21 10:17:48,419 19320 DEBUG Simulating forecast with (40, 12, 50) (T,I,J), rep 46
2025-01-21 10:17:48,452 11004 DEBUG Simulating forecast with (40, 12, 50) (T,I,J), rep 11
2025-01-21 10:17:48,527 9952 DEBUG Simulating forecast with (40, 12, 50) (T,I,J), rep 19
2025-01-21 10:17:49,214 19448 DEBUG Simulating forecast with (40, 12, 50) (T,I,J), rep 34
2025-01-21 10:17:49,336 18492 DEBUG Simulating forecast with (40, 12, 50) (T,I,J), rep 27
2025-01-21 10:17:49,383 1136 DEBUG Simulating forecast with (40, 12, 50) (T,I,J), rep 31
2025-01-21 10:17:49,778 11284 DEBUG Simulating forecast with (40, 12, 50) (T,I,J), rep 4
2025-01-21 10:17:49,946 13888 DEBUG Simulating forecast with (40, 12, 50) (T,I,J), rep 39
2025-01-21 10:17:50,197 19320 DEBUG Simulating forecast with (40, 12, 50) (T,I,J), rep 47
2025-01-21 10:17:50,197 11004 DEBUG Simulating forecast with (40, 12, 50) (T,I,J), rep 12
2025-01-21 10:17:50,280 9952 DEBUG Simulating forecast with (40, 12, 50) (T,I,J), rep 20
2025-01-21 10:17:50,657 1136 DEBUG Simulating forecast with (40, 12, 50) (T,I,J), rep 32
2025-01-21 10:17:50,730 19448 DEBUG Simulating forecast with (40, 12, 50) (T,I,J), rep 35
2025-01-21 10:17:51,021 18492 DEBUG Simulating forecast with (40, 12, 50) (T,I,J), rep 28
2025-01-21 10:17:51,221 13888 DEBUG Simulating forecast with (40, 12, 50) (T,I,J), rep 40
2025-01-21 10:17:51,284 19320 DEBUG Simulating forecast with (40, 12, 50) (T,I,J), rep 48
2025-01-21 10:17:51,351 11284 DEBUG Simulating forecast with (40, 12, 50) (T,I,J), rep 5
2025-01-21 10:17:51,428 11004 DEBUG Simulating forecast with (40, 12, 50) (T,I,J), rep 13
2025-01-21 10:17:51,719 9952 DEBUG Simulating forecast with (40, 12, 50) (T,I,J), rep 21
2025-01-21 10:17:51,838 1136 DEBUG Simulating forecast with (40, 12, 50) (T,I,J), rep 33
2025-01-21 10:17:52,129 18492 DEBUG Simulating forecast with (40, 12, 50) (T,I,J), rep 29
2025-01-21 10:17:52,202 13888 DEBUG Simulating forecast with (40, 12, 50) (T,I,J), rep 41
2025-01-21 10:17:52,327 19320 DEBUG Simulating forecast with (40, 12, 50) (T,I,J), rep 49
2025-01-21 10:17:52,504 19448 DEBUG Simulating forecast with (40, 12, 50) (T,I,J), rep 36
2025-01-21 10:17:52,635 11284 DEBUG Simulating forecast with (40, 12, 50) (T,I,J), rep 6
2025-01-21 10:17:52,761 11004 DEBUG Simulating forecast with (40, 12, 50) (T,I,J), rep 14
2025-01-21 10:17:53,117 9952 DEBUG Simulating forecast with (40, 12, 50) (T,I,J), rep 22
2025-01-21 10:17:53,152 1136 DEBUG Simulating forecast with (40, 12, 50) (T,I,J), rep 34
2025-01-21 10:17:53,810 19320 DEBUG Simulating forecast with (40, 12, 50) (T,I,J), rep 0
2025-01-21 10:17:53,913 18492 DEBUG Simulating forecast with (40, 12, 50) (T,I,J), rep 30
2025-01-21 10:17:54,089 13888 DEBUG Simulating forecast with (40, 12, 50) (T,I,J), rep 42
2025-01-21 10:17:54,256 19448 DEBUG Simulating forecast with (40, 12, 50) (T,I,J), rep 37
2025-01-21 10:17:54,283 11284 DEBUG Simulating forecast with (40, 12, 50) (T,I,J), rep 7
2025-01-21 10:17:54,743 11004 DEBUG Simulating forecast with (40, 12, 50) (T,I,J), rep 15
2025-01-21 10:17:54,802 1136 DEBUG Simulating forecast with (40, 12, 50) (T,I,J), rep 35
2025-01-21 10:17:54,989 9952 DEBUG Simulating forecast with (40, 12, 50) (T,I,J), rep 23
2025-01-21 10:17:55,323 18492 DEBUG Simulating forecast with (40, 12, 50) (T,I,J), rep 31
2025-01-21 10:17:55,446 13888 DEBUG Simulating forecast with (40, 12, 50) (T,I,J), rep 43
2025-01-21 10:17:55,659 19320 DEBUG Simulating forecast with (40, 12, 50) (T,I,J), rep 1
2025-01-21 10:17:55,845 11284 DEBUG Simulating forecast with (40, 12, 50) (T,I,J), rep 8
2025-01-21 10:17:55,879 19448 DEBUG Simulating forecast with (40, 12, 50) (T,I,J), rep 38
2025-01-21 10:17:56,211 1136 DEBUG Simulating forecast with (40, 12, 50) (T,I,J), rep 42
2025-01-21 10:17:56,280 11004 DEBUG Simulating forecast with (40, 12, 50) (T,I,J), rep 16
2025-01-21 10:17:56,477 9952 DEBUG Simulating forecast with (40, 12, 50) (T,I,J), rep 24
2025-01-21 10:17:56,624 18492 DEBUG Simulating forecast with (40, 12, 50) (T,I,J), rep 32
2025-01-21 10:17:56,634 13888 DEBUG Simulating forecast with (40, 12, 50) (T,I,J), rep 0
2025-01-21 10:17:56,990 19320 DEBUG Simulating forecast with (40, 12, 50) (T,I,J), rep 8
2025-01-21 10:17:57,051 11284 DEBUG Simulating forecast with (40, 12, 50) (T,I,J), rep 9
2025-01-21 10:17:57,250 19448 DEBUG Simulating forecast with (40, 12, 50) (T,I,J), rep 39
2025-01-21 10:17:57,874 9952 DEBUG Simulating forecast with (40, 12, 50) (T,I,J), rep 25
2025-01-21 10:17:57,926 11004 DEBUG Simulating forecast with (40, 12, 50) (T,I,J), rep 17
2025-01-21 10:17:57,945 1136 DEBUG Simulating forecast with (40, 12, 50) (T,I,J), rep 43
2025-01-21 10:17:57,984 18492 DEBUG Simulating forecast with (40, 12, 50) (T,I,J), rep 33
2025-01-21 10:17:58,512 19320 DEBUG Simulating forecast with (40, 12, 50) (T,I,J), rep 9
2025-01-21 10:17:58,923 19448 DEBUG Simulating forecast with (40, 12, 50) (T,I,J), rep 40
2025-01-21 10:17:58,986 11284 DEBUG Simulating forecast with (40, 12, 50) (T,I,J), rep 16
2025-01-21 10:18:00,019 1136 DEBUG Simulating forecast with (40, 12, 50) (T,I,J), rep 44
2025-01-21 10:18:00,164 18492 DEBUG Simulating forecast with (40, 12, 50) (T,I,J), rep 24
2025-01-21 10:18:00,423 11004 DEBUG Simulating forecast with (40, 12, 50) (T,I,J), rep 32
2025-01-21 10:18:00,914 13888 DEBUG Simulating forecast with (40, 12, 50) (T,I,J), rep 1
2025-01-21 10:18:01,059 9952 DEBUG Simulating forecast with (40, 12, 50) (T,I,J), rep 40
2025-01-21 10:18:01,744 19448 DEBUG Simulating forecast with (40, 12, 50) (T,I,J), rep 41
2025-01-21 10:18:02,105 19320 DEBUG Simulating forecast with (40, 12, 50) (T,I,J), rep 10
2025-01-21 10:18:02,287 1136 DEBUG Simulating forecast with (40, 12, 50) (T,I,J), rep 45
2025-01-21 10:18:02,379 11284 DEBUG Simulating forecast with (40, 12, 50) (T,I,J), rep 17
2025-01-21 10:18:02,862 11004 DEBUG Simulating forecast with (40, 12, 50) (T,I,J), rep 33
2025-01-21 10:18:03,036 18492 DEBUG Simulating forecast with (40, 12, 50) (T,I,J), rep 25
2025-01-21 10:18:03,949 19448 DEBUG Simulating forecast with (40, 12, 50) (T,I,J), rep 48
2025-01-21 10:18:04,499 1136 DEBUG Simulating forecast with (40, 12, 50) (T,I,J), rep 46
2025-01-21 10:18:05,818 13888 DEBUG Simulating forecast with (40, 12, 50) (T,I,J), rep 2
2025-01-21 10:18:05,890 11284 DEBUG Simulating forecast with (40, 12, 50) (T,I,J), rep 18
2025-01-21 10:18:05,963 9952 DEBUG Simulating forecast with (40, 12, 50) (T,I,J), rep 41
2025-01-21 10:18:06,151 19320 DEBUG Simulating forecast with (40, 12, 50) (T,I,J), rep 11
2025-01-21 10:18:06,927 18492 DEBUG Simulating forecast with (40, 12, 50) (T,I,J), rep 26
2025-01-21 10:18:07,014 11004 DEBUG Simulating forecast with (40, 12, 50) (T,I,J), rep 34
2025-01-21 10:18:07,128 1136 DEBUG Simulating forecast with (40, 12, 50) (T,I,J), rep 47
2025-01-21 10:18:09,047 11284 DEBUG Simulating forecast with (40, 12, 50) (T,I,J), rep 19
2025-01-21 10:18:09,304 13888 DEBUG Simulating forecast with (40, 12, 50) (T,I,J), rep 3
2025-01-21 10:18:09,445 19448 DEBUG Simulating forecast with (40, 12, 50) (T,I,J), rep 49
2025-01-21 10:18:09,446 19320 DEBUG Simulating forecast with (40, 12, 50) (T,I,J), rep 12
2025-01-21 10:18:10,283 9952 DEBUG Simulating forecast with (40, 12, 50) (T,I,J), rep 42
2025-01-21 10:18:10,590 11004 DEBUG Simulating forecast with (40, 12, 50) (T,I,J), rep 35
2025-01-21 10:18:10,592 1136 DEBUG Simulating forecast with (40, 12, 50) (T,I,J), rep 48
2025-01-21 10:18:11,001 18492 DEBUG Simulating forecast with (40, 12, 50) (T,I,J), rep 27
2025-01-21 10:18:11,943 19320 DEBUG Simulating forecast with (40, 12, 50) (T,I,J), rep 13
2025-01-21 10:18:12,733 11284 DEBUG Simulating forecast with (40, 12, 50) (T,I,J), rep 20
2025-01-21 10:18:13,816 13888 DEBUG Simulating forecast with (40, 12, 50) (T,I,J), rep 4
2025-01-21 10:18:14,151 1136 DEBUG Simulating forecast with (40, 12, 50) (T,I,J), rep 49
2025-01-21 10:18:15,041 11004 DEBUG Simulating forecast with (40, 12, 50) (T,I,J), rep 36
2025-01-21 10:18:16,322 9952 DEBUG Simulating forecast with (40, 12, 50) (T,I,J), rep 43
2025-01-21 10:18:16,410 18492 DEBUG Simulating forecast with (40, 12, 50) (T,I,J), rep 28
2025-01-21 10:18:16,484 19320 DEBUG Simulating forecast with (40, 12, 50) (T,I,J), rep 14
2025-01-21 10:18:17,233 11284 DEBUG Simulating forecast with (40, 12, 50) (T,I,J), rep 21
2025-01-21 10:18:18,547 11004 DEBUG Simulating forecast with (40, 12, 50) (T,I,J), rep 37
2025-01-21 10:18:18,625 13888 DEBUG Simulating forecast with (40, 12, 50) (T,I,J), rep 5
2025-01-21 10:18:18,854 18492 DEBUG Simulating forecast with (40, 12, 50) (T,I,J), rep 29
2025-01-21 10:18:18,986 19320 DEBUG Simulating forecast with (40, 12, 50) (T,I,J), rep 15
2025-01-21 10:18:19,481 9952 DEBUG Simulating forecast with (40, 12, 50) (T,I,J), rep 44
2025-01-21 10:18:20,021 13888 DEBUG Simulating forecast with (40, 12, 50) (T,I,J), rep 6
2025-01-21 10:18:20,561 11284 DEBUG Simulating forecast with (40, 12, 50) (T,I,J), rep 22
2025-01-21 10:18:20,902 18492 DEBUG Simulating forecast with (40, 12, 50) (T,I,J), rep 30
2025-01-21 10:18:21,049 11004 DEBUG Simulating forecast with (40, 12, 50) (T,I,J), rep 38
2025-01-21 10:18:22,684 18492 DEBUG Simulating forecast with (40, 12, 50) (T,I,J), rep 31
2025-01-21 10:18:23,473 9952 DEBUG Simulating forecast with (40, 12, 50) (T,I,J), rep 45
2025-01-21 10:18:23,479 11004 DEBUG Simulating forecast with (40, 12, 50) (T,I,J), rep 39
2025-01-21 10:18:23,612 11284 DEBUG Simulating forecast with (40, 12, 50) (T,I,J), rep 23
2025-01-21 10:18:23,680 13888 DEBUG Simulating forecast with (40, 12, 50) (T,I,J), rep 7
2025-01-21 10:18:24,877 9952 DEBUG Simulating forecast with (40, 12, 50) (T,I,J), rep 46
2025-01-21 10:18:25,268 9952 DEBUG Simulating forecast with (40, 12, 50) (T,I,J), rep 47
2025-01-21 10:18:26,272 10076 DEBUG The simulation has ended
2025-01-23 13:27:59,021 18860 DEBUG Starting code with parameters {'repetitions': 150, 'range_dict': {'ranges': [{'start': 10, 'stop': 50}, {'start': 10, 'stop': 50}, {'start': 10, 'stop': 50}], 'n_vals': 5}, 'noise_scale': 1, 'dgp': 'package.dgp_classes.base_F_AR_DGP', 'dgp_kwargs': [{'n_factors': 2, 'lags': 0, 'ar_coefficients': [[0.8, 0.5]]}], 'workers': 8}.
2025-01-23 13:27:59,022 18860 DEBUG We have 8 workers available to us.
2025-01-23 13:27:59,022 18860 DEBUG Starting the simulation
2025-01-23 13:28:04,289 18708 DEBUG Simulating with (10, 10, 10), rep 0
2025-01-23 13:28:04,291 8928 DEBUG Simulating with (10, 10, 10), rep 24
2025-01-23 13:28:04,297 15012 DEBUG Simulating with (10, 10, 10), rep 48
2025-01-23 13:28:04,301 3436 DEBUG Simulating with (10, 10, 10), rep 72
2025-01-23 13:28:04,302 15332 DEBUG Simulating with (10, 10, 10), rep 96
2025-01-23 13:28:04,302 4080 DEBUG Simulating with (10, 10, 10), rep 120
2025-01-23 13:28:04,304 3068 DEBUG Simulating with (10, 10, 10), rep 144
2025-01-23 13:28:04,306 6376 DEBUG Simulating with (20, 20, 20), rep 18
2025-01-23 13:28:04,369 3436 DEBUG s[49.02834551 17.27870905], s_hat_ALS [49.02729193487313, 17.276533298282693]
2025-01-23 13:28:04,369 3436 DEBUG Simulating with (10, 10, 10), rep 73
2025-01-23 13:28:04,369 15332 DEBUG s[42.51283105 10.67838009], s_hat_ALS [42.50878257046985, 10.657795345623617]
2025-01-23 13:28:04,369 15332 DEBUG Simulating with (10, 10, 10), rep 97
2025-01-23 13:28:04,373 4080 DEBUG s[28.69311565 15.97503332], s_hat_ALS [28.71732634435814, 15.949375890584426]
2025-01-23 13:28:04,373 4080 DEBUG Simulating with (10, 10, 10), rep 121
2025-01-23 13:28:04,375 15012 DEBUG s[50.56908997 15.9907735 ], s_hat_ALS [50.59406998707584, 15.965879095845835]
2025-01-23 13:28:04,375 15012 DEBUG Simulating with (10, 10, 10), rep 49
2025-01-23 13:28:04,375 18708 DEBUG s[49.85536196 43.55468205], s_hat_ALS [49.91218295717282, 43.553979552322446]
2025-01-23 13:28:04,376 18708 DEBUG Simulating with (10, 10, 10), rep 1
2025-01-23 13:28:04,379 8928 DEBUG s[37.69132153 19.20523942], s_hat_ALS [37.71732817993171, 19.16714913193651]
2025-01-23 13:28:04,379 8928 DEBUG Simulating with (10, 10, 10), rep 25
2025-01-23 13:28:04,380 3436 DEBUG s[68.86320968 32.08297669], s_hat_ALS [68.86308599380591, 32.08272884584029]
2025-01-23 13:28:04,381 3436 DEBUG Simulating with (10, 10, 10), rep 74
2025-01-23 13:28:04,385 4080 DEBUG s[45.04647926 35.92486356], s_hat_ALS [45.048727871589, 35.92689705389433]
2025-01-23 13:28:04,385 4080 DEBUG Simulating with (10, 10, 10), rep 122
2025-01-23 13:28:04,386 15332 DEBUG s[25.72080475 14.66844912], s_hat_ALS [25.721377273839785, 14.667783935206261]
2025-01-23 13:28:04,386 15332 DEBUG Simulating with (10, 10, 10), rep 98
2025-01-23 13:28:04,387 3068 DEBUG s[93.07428743 39.86593852], s_hat_ALS [92.92144476187096, 39.71243712135684]
2025-01-23 13:28:04,387 3068 DEBUG Simulating with (10, 10, 10), rep 145
2025-01-23 13:28:04,389 15012 DEBUG s[47.68557193 16.69065014], s_hat_ALS [47.639093338960606, 16.51456207638752]
2025-01-23 13:28:04,390 15012 DEBUG Simulating with (10, 10, 10), rep 50
2025-01-23 13:28:04,391 18708 DEBUG s[41.89729082 29.3352024 ], s_hat_ALS [41.893171220013556, 29.342402406245014]
2025-01-23 13:28:04,392 18708 DEBUG Simulating with (10, 10, 10), rep 2
2025-01-23 13:28:04,396 6376 DEBUG s[113.89859979  98.69862354], s_hat_ALS [113.89810093263162, 98.69824343324233]
2025-01-23 13:28:04,396 6376 DEBUG Simulating with (20, 20, 20), rep 19
2025-01-23 13:28:04,398 4080 DEBUG s[43.16683822 13.45327535], s_hat_ALS [43.16615253949837, 13.451542477050925]
2025-01-23 13:28:04,398 4080 DEBUG Simulating with (10, 10, 10), rep 123
2025-01-23 13:28:04,403 3068 DEBUG s[44.82476245 32.76498731], s_hat_ALS [44.824628986592344, 32.76443809034898]
2025-01-23 13:28:04,403 3436 DEBUG s[40.48667659 22.3115641 ], s_hat_ALS [40.48885942863471, 22.29704293497337]
2025-01-23 13:28:04,403 3068 DEBUG Simulating with (10, 10, 10), rep 146
2025-01-23 13:28:04,403 3436 DEBUG Simulating with (10, 10, 10), rep 75
2025-01-23 13:28:04,407 15012 DEBUG s[70.02841323 34.45568381], s_hat_ALS [70.02902891958672, 34.454176389713744]
2025-01-23 13:28:04,408 15012 DEBUG Simulating with (10, 10, 10), rep 51
2025-01-23 13:28:04,410 8928 DEBUG s[38.95473046 14.19033107], s_hat_ALS [39.05884689623233, 14.061177365083953]
2025-01-23 13:28:04,410 8928 DEBUG Simulating with (10, 10, 10), rep 26
2025-01-23 13:28:04,414 3068 DEBUG s[45.82430741 36.88735986], s_hat_ALS [45.819201755445576, 36.89861629378592]
2025-01-23 13:28:04,414 3068 DEBUG Simulating with (10, 10, 10), rep 147
2025-01-23 13:28:04,415 4080 DEBUG s[102.42227459  23.78587085], s_hat_ALS [102.42165810227544, 23.762753082848622]
2025-01-23 13:28:04,415 4080 DEBUG Simulating with (10, 10, 10), rep 124
2025-01-23 13:28:04,416 15332 DEBUG s[88.73025537 28.96254852], s_hat_ALS [88.96693607379363, 28.781104248724517]
2025-01-23 13:28:04,416 15332 DEBUG Simulating with (10, 10, 10), rep 99
2025-01-23 13:28:04,419 18708 DEBUG s[60.41745882 33.33567634], s_hat_ALS [60.449867927767734, 33.30425480267607]
2025-01-23 13:28:04,420 18708 DEBUG Simulating with (10, 10, 10), rep 3
2025-01-23 13:28:04,423 3436 DEBUG s[41.30210507 31.23795312], s_hat_ALS [41.27016673413132, 31.181710148765276]
2025-01-23 13:28:04,423 3436 DEBUG Simulating with (10, 10, 10), rep 76
2025-01-23 13:28:04,429 15332 DEBUG s[60.63934431 21.34054101], s_hat_ALS [60.63852352404964, 21.33404805185121]
2025-01-23 13:28:04,429 15332 DEBUG Simulating with (10, 10, 10), rep 100
2025-01-23 13:28:04,430 3068 DEBUG s[44.73462287 24.06785807], s_hat_ALS [44.74251685517937, 24.059489982355853]
2025-01-23 13:28:04,430 3068 DEBUG Simulating with (10, 10, 10), rep 148
2025-01-23 13:28:04,432 4080 DEBUG s[32.00062477 14.99969644], s_hat_ALS [32.01985362814571, 14.987100441090263]
2025-01-23 13:28:04,432 4080 DEBUG Simulating with (10, 10, 10), rep 125
2025-01-23 13:28:04,436 8928 DEBUG s[91.30469767 33.41595732], s_hat_ALS [91.19604231636275, 33.3031465118953]
2025-01-23 13:28:04,436 8928 DEBUG Simulating with (10, 10, 10), rep 27
2025-01-23 13:28:04,437 15012 DEBUG s[93.19257612 28.6712179 ], s_hat_ALS [93.02835083588909, 28.506725184546262]
2025-01-23 13:28:04,437 15012 DEBUG Simulating with (10, 10, 10), rep 52
2025-01-23 13:28:04,440 3068 DEBUG s[92.26395472 21.78720297], s_hat_ALS [92.26347826120819, 21.786891881877512]
2025-01-23 13:28:04,440 3068 DEBUG Simulating with (10, 10, 10), rep 149
2025-01-23 13:28:04,443 18708 DEBUG s[63.36097417 20.62942051], s_hat_ALS [63.40617348128887, 20.583797003815626]
2025-01-23 13:28:04,443 18708 DEBUG Simulating with (10, 10, 10), rep 4
2025-01-23 13:28:04,447 3436 DEBUG s[104.00978347  23.07606301], s_hat_ALS [104.44645767849603, 22.82650056202289]
2025-01-23 13:28:04,448 15332 DEBUG s[30.32677294 12.55502113], s_hat_ALS [30.378602529892525, 12.531519167368412]
2025-01-23 13:28:04,448 3436 DEBUG Simulating with (10, 10, 10), rep 77
2025-01-23 13:28:04,448 15332 DEBUG Simulating with (10, 10, 10), rep 101
2025-01-23 13:28:04,451 15012 DEBUG s[90.96118463 39.0179106 ], s_hat_ALS [90.95798159795578, 39.0142118477817]
2025-01-23 13:28:04,452 15012 DEBUG Simulating with (10, 10, 10), rep 53
2025-01-23 13:28:04,452 4080 DEBUG s[48.80097939 28.62344283], s_hat_ALS [48.78474013626663, 28.60307381414114]
2025-01-23 13:28:04,453 4080 DEBUG Simulating with (10, 10, 10), rep 126
2025-01-23 13:28:04,457 3068 DEBUG s[68.1026859 10.7457807], s_hat_ALS [68.10766283598417, 10.741551717549017]
2025-01-23 13:28:04,457 3068 DEBUG Simulating with (20, 20, 20), rep 0
2025-01-23 13:28:04,460 15332 DEBUG s[42.13573876 37.28088891], s_hat_ALS [42.13445758744711, 37.28030078536923]
2025-01-23 13:28:04,460 15332 DEBUG Simulating with (10, 10, 10), rep 102
2025-01-23 13:28:04,462 6376 DEBUG s[91.82816724 84.88374137], s_hat_ALS [91.83706509132558, 84.88153615468205]
2025-01-23 13:28:04,463 6376 DEBUG Simulating with (20, 20, 20), rep 20
2025-01-23 13:28:04,464 3436 DEBUG s[51.30243889 41.86094923], s_hat_ALS [51.302630697496824, 41.86072777166074]
2025-01-23 13:28:04,464 3436 DEBUG Simulating with (10, 10, 10), rep 78
2025-01-23 13:28:04,465 8928 DEBUG s[74.67329996 30.2200966 ], s_hat_ALS [74.70922458739032, 30.175649836476158]
2025-01-23 13:28:04,465 15012 DEBUG s[86.63160702 16.88996671], s_hat_ALS [86.63296699474006, 16.887385374479933]
2025-01-23 13:28:04,466 8928 DEBUG Simulating with (10, 10, 10), rep 28
2025-01-23 13:28:04,466 15012 DEBUG Simulating with (10, 10, 10), rep 54
2025-01-23 13:28:04,466 18708 DEBUG s[82.82345535 48.84778311], s_hat_ALS [82.83362522742732, 48.83730914151712]
2025-01-23 13:28:04,467 18708 DEBUG Simulating with (10, 10, 10), rep 5
2025-01-23 13:28:04,470 4080 DEBUG s[71.3300637  29.32104592], s_hat_ALS [71.32780101533864, 29.315592514532018]
2025-01-23 13:28:04,470 4080 DEBUG Simulating with (10, 10, 10), rep 127
2025-01-23 13:28:04,478 3436 DEBUG s[49.80646292 36.27220374], s_hat_ALS [49.82103794773564, 36.25628526628371]
2025-01-23 13:28:04,478 3436 DEBUG Simulating with (10, 10, 10), rep 79
2025-01-23 13:28:04,479 18708 DEBUG s[29.76082002 21.42475277], s_hat_ALS [29.75310732342412, 21.4149529367204]
2025-01-23 13:28:04,479 18708 DEBUG Simulating with (10, 10, 10), rep 6
2025-01-23 13:28:04,480 15012 DEBUG s[38.73129848 18.16494063], s_hat_ALS [38.74422873348696, 18.1512513602286]
2025-01-23 13:28:04,480 15012 DEBUG Simulating with (10, 10, 10), rep 55
2025-01-23 13:28:04,481 4080 DEBUG s[28.99061469 23.82115809], s_hat_ALS [28.995779053910233, 23.82845673483381]
2025-01-23 13:28:04,482 4080 DEBUG Simulating with (10, 10, 10), rep 128
2025-01-23 13:28:04,485 15332 DEBUG s[36.28857027 26.92166874], s_hat_ALS [36.30918755937109, 26.89996117456429]
2025-01-23 13:28:04,486 15332 DEBUG Simulating with (10, 10, 10), rep 103
2025-01-23 13:28:04,492 8928 DEBUG s[27.67309927 17.47322617], s_hat_ALS [27.75728278701511, 17.37644938187587]
2025-01-23 13:28:04,493 8928 DEBUG Simulating with (10, 10, 10), rep 29
2025-01-23 13:28:04,493 3436 DEBUG s[64.55746751 31.75842702], s_hat_ALS [64.58826194384964, 31.743941515732303]
2025-01-23 13:28:04,493 3436 DEBUG Simulating with (10, 10, 10), rep 80
2025-01-23 13:28:04,495 18708 DEBUG s[80.80427217 60.33489181], s_hat_ALS [80.78487524327451, 60.31427355866009]
2025-01-23 13:28:04,496 18708 DEBUG Simulating with (10, 10, 10), rep 7
2025-01-23 13:28:04,499 4080 DEBUG s[56.96126872 31.192144  ], s_hat_ALS [56.94426090171427, 31.17650620435659]
2025-01-23 13:28:04,499 4080 DEBUG Simulating with (10, 10, 10), rep 129
2025-01-23 13:28:04,500 15012 DEBUG s[52.56483615 49.37742706], s_hat_ALS [52.5719619265445, 49.37041267166428]
2025-01-23 13:28:04,500 15012 DEBUG Simulating with (10, 10, 10), rep 56
2025-01-23 13:28:04,507 18708 DEBUG s[79.0045097  27.04859747], s_hat_ALS [79.01866714151463, 27.028151911308836]
2025-01-23 13:28:04,508 18708 DEBUG Simulating with (10, 10, 10), rep 8
2025-01-23 13:28:04,508 15332 DEBUG s[65.1290202  60.45030703], s_hat_ALS [65.13939558004009, 60.44229539554022]
2025-01-23 13:28:04,509 15332 DEBUG Simulating with (10, 10, 10), rep 104
2025-01-23 13:28:04,511 3436 DEBUG s[54.67608749 19.28225148], s_hat_ALS [54.6844974627765, 19.27362570224544]
2025-01-23 13:28:04,511 3436 DEBUG Simulating with (10, 10, 10), rep 81
2025-01-23 13:28:04,515 4080 DEBUG s[63.9198064  37.49814108], s_hat_ALS [63.91453680460301, 37.4908045709389]
2025-01-23 13:28:04,515 4080 DEBUG Simulating with (10, 10, 10), rep 130
2025-01-23 13:28:04,518 6376 DEBUG s[151.68670755  94.92308701], s_hat_ALS [151.6699472455385, 94.90616792926647]
2025-01-23 13:28:04,519 6376 DEBUG Simulating with (20, 20, 20), rep 21
2025-01-23 13:28:04,521 15332 DEBUG s[63.28657681 32.06902974], s_hat_ALS [63.28635072207527, 32.06276205905976]
2025-01-23 13:28:04,522 15332 DEBUG Simulating with (10, 10, 10), rep 105
2025-01-23 13:28:04,524 18708 DEBUG s[47.83434192 18.50512297], s_hat_ALS [47.83362918291214, 18.499991682765966]
2025-01-23 13:28:04,524 18708 DEBUG Simulating with (10, 10, 10), rep 9
2025-01-23 13:28:04,524 8928 DEBUG s[21.51446506 17.84280763], s_hat_ALS [21.55414376232489, 17.800210527445753]
2025-01-23 13:28:04,524 8928 DEBUG Simulating with (10, 10, 10), rep 30
2025-01-23 13:28:04,529 3068 DEBUG s[103.29062354  78.79693273], s_hat_ALS [103.26059449795531, 78.75985098649552]
2025-01-23 13:28:04,529 3068 DEBUG Simulating with (20, 20, 20), rep 1
2025-01-23 13:28:04,533 3436 DEBUG s[46.52471952 33.58010866], s_hat_ALS [46.50938569861056, 33.5409347322803]
2025-01-23 13:28:04,533 3436 DEBUG Simulating with (10, 10, 10), rep 82
2025-01-23 13:28:04,534 15332 DEBUG s[35.52200738 32.93517092], s_hat_ALS [35.521945759708615, 32.93516657571232]
2025-01-23 13:28:04,535 15332 DEBUG Simulating with (10, 10, 10), rep 106
2025-01-23 13:28:04,538 8928 DEBUG s[33.94691979 28.01636983], s_hat_ALS [33.95152025123555, 28.01124872724784]
2025-01-23 13:28:04,539 8928 DEBUG Simulating with (10, 10, 10), rep 31
2025-01-23 13:28:04,542 4080 DEBUG s[32.11241116 16.44006169], s_hat_ALS [32.15845542163218, 16.393197648466792]
2025-01-23 13:28:04,542 4080 DEBUG Simulating with (10, 10, 10), rep 131
2025-01-23 13:28:04,542 3436 DEBUG s[24.15550048 13.63393896], s_hat_ALS [24.155556543380058, 13.633941098599976]
2025-01-23 13:28:04,543 3436 DEBUG Simulating with (10, 10, 10), rep 83
2025-01-23 13:28:04,544 15012 DEBUG s[39.66170733 33.2357336 ], s_hat_ALS [39.73778137334873, 33.16617207640386]
2025-01-23 13:28:04,544 15012 DEBUG Simulating with (10, 10, 10), rep 57
2025-01-23 13:28:04,549 8928 DEBUG s[23.42025726 13.82874296], s_hat_ALS [23.420534369286557, 13.828303412996732]
2025-01-23 13:28:04,550 8928 DEBUG Simulating with (10, 10, 10), rep 32
2025-01-23 13:28:04,553 18708 DEBUG s[56.115722   48.32126943], s_hat_ALS [56.138824898297614, 48.29843003873714]
2025-01-23 13:28:04,553 18708 DEBUG Simulating with (10, 10, 10), rep 10
2025-01-23 13:28:04,556 6376 DEBUG s[79.79538886 64.4063093 ], s_hat_ALS [79.79569054764242, 64.40589424690455]
2025-01-23 13:28:04,556 6376 DEBUG Simulating with (20, 20, 20), rep 22
2025-01-23 13:28:04,558 3068 DEBUG s[179.97446845 156.96923456], s_hat_ALS [179.97307268286914, 156.9687625826613]
2025-01-23 13:28:04,559 3068 DEBUG Simulating with (20, 20, 20), rep 2
2025-01-23 13:28:04,562 4080 DEBUG s[58.46916424 41.19397064], s_hat_ALS [58.49401148265399, 41.16900829919351]
2025-01-23 13:28:04,562 4080 DEBUG Simulating with (10, 10, 10), rep 132
2025-01-23 13:28:04,562 18708 DEBUG s[49.12980091 37.63032537], s_hat_ALS [49.12979394723, 37.63031732029737]
2025-01-23 13:28:04,562 15332 DEBUG s[39.14769159 30.6498216 ], s_hat_ALS [38.8435238745947, 29.598899387855504]
2025-01-23 13:28:04,562 18708 DEBUG Simulating with (10, 10, 10), rep 11
2025-01-23 13:28:04,563 15332 DEBUG Simulating with (10, 10, 10), rep 107
2025-01-23 13:28:04,567 8928 DEBUG s[47.11766449 45.8903549 ], s_hat_ALS [47.11849742605609, 45.88933007868142]
2025-01-23 13:28:04,567 8928 DEBUG Simulating with (10, 10, 10), rep 33
2025-01-23 13:28:04,572 3436 DEBUG s[60.8814546  51.14425872], s_hat_ALS [60.941958221833886, 51.082660948484964]
2025-01-23 13:28:04,573 3436 DEBUG Simulating with (10, 10, 10), rep 84
2025-01-23 13:28:04,573 18708 DEBUG s[40.47454061 37.39846504], s_hat_ALS [40.47474938472379, 37.39903538506576]
2025-01-23 13:28:04,573 18708 DEBUG Simulating with (10, 10, 10), rep 12
2025-01-23 13:28:04,577 15332 DEBUG s[38.81356922 15.11134683], s_hat_ALS [38.78327139324833, 15.079207703581815]
2025-01-23 13:28:04,578 15332 DEBUG Simulating with (10, 10, 10), rep 108
2025-01-23 13:28:04,582 18708 DEBUG s[23.49564661 16.17031481], s_hat_ALS [23.50783831062659, 16.176093662799367]
2025-01-23 13:28:04,583 18708 DEBUG Simulating with (10, 10, 10), rep 13
2025-01-23 13:28:04,584 8928 DEBUG s[23.52227833 18.24601906], s_hat_ALS [23.43185247007585, 18.149663788897616]
2025-01-23 13:28:04,584 8928 DEBUG Simulating with (10, 10, 10), rep 34
2025-01-23 13:28:04,587 6376 DEBUG s[158.9409264   73.42149836], s_hat_ALS [158.94178697110527, 73.42074359664007]
2025-01-23 13:28:04,588 6376 DEBUG Simulating with (20, 20, 20), rep 23
2025-01-23 13:28:04,588 3068 DEBUG s[229.0451028   87.87803848], s_hat_ALS [229.0489825349478, 87.8731104853553]
2025-01-23 13:28:04,588 3068 DEBUG Simulating with (20, 20, 20), rep 3
2025-01-23 13:28:04,590 4080 DEBUG s[22.55851041 20.00491778], s_hat_ALS [22.652230189002157, 19.908093220342767]
2025-01-23 13:28:04,590 4080 DEBUG Simulating with (10, 10, 10), rep 133
2025-01-23 13:28:04,592 15332 DEBUG s[52.42468275 11.66469561], s_hat_ALS [52.4459446929989, 11.637167633385529]
2025-01-23 13:28:04,592 15332 DEBUG Simulating with (10, 10, 10), rep 109
2025-01-23 13:28:04,598 18708 DEBUG s[19.58845332 13.78623665], s_hat_ALS [19.570971743707673, 13.768486051997447]
2025-01-23 13:28:04,599 18708 DEBUG Simulating with (10, 10, 10), rep 14
2025-01-23 13:28:04,604 8928 DEBUG s[33.43153158 32.38966669], s_hat_ALS [33.3819569992639, 32.339475326403196]
2025-01-23 13:28:04,605 8928 DEBUG Simulating with (10, 10, 10), rep 35
2025-01-23 13:28:04,605 4080 DEBUG s[58.85148406 35.90385352], s_hat_ALS [58.8564642956408, 35.898378355432456]
2025-01-23 13:28:04,606 4080 DEBUG Simulating with (10, 10, 10), rep 134
2025-01-23 13:28:04,607 15332 DEBUG s[47.91791545 31.37934857], s_hat_ALS [47.94166649160149, 31.36881957389191]
2025-01-23 13:28:04,607 15332 DEBUG Simulating with (10, 10, 10), rep 110
2025-01-23 13:28:04,608 3436 DEBUG s[56.0240417  38.47330074], s_hat_ALS [56.299956993455936, 38.1959877210806]
2025-01-23 13:28:04,608 3436 DEBUG Simulating with (10, 10, 10), rep 85
2025-01-23 13:28:04,611 18708 DEBUG s[45.00284699 30.03367831], s_hat_ALS [45.00206386953767, 30.033479910345353]
2025-01-23 13:28:04,611 18708 DEBUG Simulating with (10, 10, 10), rep 15
2025-01-23 13:28:04,616 8928 DEBUG s[48.10888873 24.88069594], s_hat_ALS [48.1031654011269, 24.879025198519624]
2025-01-23 13:28:04,616 3068 DEBUG s[88.01856389 73.54726435], s_hat_ALS [88.01815693563736, 73.54674007816647]
2025-01-23 13:28:04,616 8928 DEBUG Simulating with (10, 10, 10), rep 36
2025-01-23 13:28:04,616 3068 DEBUG Simulating with (20, 20, 20), rep 4
2025-01-23 13:28:04,617 3436 DEBUG s[50.42840623 16.95062805], s_hat_ALS [50.42820787003829, 16.950478882597157]
2025-01-23 13:28:04,617 3436 DEBUG Simulating with (10, 10, 10), rep 86
2025-01-23 13:28:04,621 4080 DEBUG s[31.63635134 25.03477508], s_hat_ALS [31.63803099087867, 25.033197057142925]
2025-01-23 13:28:04,621 4080 DEBUG Simulating with (10, 10, 10), rep 135
2025-01-23 13:28:04,623 15332 DEBUG s[69.45981995 34.53211118], s_hat_ALS [69.46963149350421, 34.5157269830937]
2025-01-23 13:28:04,624 15332 DEBUG Simulating with (10, 10, 10), rep 111
2025-01-23 13:28:04,624 6376 DEBUG s[159.33535176  97.18959033], s_hat_ALS [159.33841107629792, 97.18692824683127]
2025-01-23 13:28:04,625 6376 DEBUG Simulating with (20, 20, 20), rep 24
2025-01-23 13:28:04,626 15012 DEBUG s[44.70406407 42.57469651], s_hat_ALS [45.42302789951534, 41.85289191435574]
2025-01-23 13:28:04,627 15012 DEBUG Simulating with (10, 10, 10), rep 58
2025-01-23 13:28:04,627 4080 DEBUG s[52.70099663 17.69396617], s_hat_ALS [52.69763308677101, 17.598858173388933]
2025-01-23 13:28:04,627 4080 DEBUG Simulating with (10, 10, 10), rep 136
2025-01-23 13:28:04,636 15332 DEBUG s[22.91844065 18.71168172], s_hat_ALS [22.921091761992024, 18.709336172855867]
2025-01-23 13:28:04,636 15012 DEBUG s[39.60086007 27.86233414], s_hat_ALS [39.601477027981204, 27.86182439867451]
2025-01-23 13:28:04,637 15332 DEBUG Simulating with (10, 10, 10), rep 112
2025-01-23 13:28:04,637 15012 DEBUG Simulating with (10, 10, 10), rep 59
2025-01-23 13:28:04,641 18708 DEBUG s[28.96629889 26.45725462], s_hat_ALS [29.087945636641, 26.320320034533612]
2025-01-23 13:28:04,641 18708 DEBUG Simulating with (10, 10, 10), rep 16
2025-01-23 13:28:04,644 8928 DEBUG s[105.74930481  39.78618982], s_hat_ALS [105.8118075061081, 39.720855848754724]
2025-01-23 13:28:04,644 3436 DEBUG s[52.96832578 25.22481374], s_hat_ALS [53.08808408965515, 25.10439123616104]
2025-01-23 13:28:04,644 8928 DEBUG Simulating with (10, 10, 10), rep 37
2025-01-23 13:28:04,645 3436 DEBUG Simulating with (10, 10, 10), rep 87
2025-01-23 13:28:04,646 4080 DEBUG s[57.09140734 38.31695459], s_hat_ALS [57.11577727848204, 38.29235487075505]
2025-01-23 13:28:04,647 4080 DEBUG Simulating with (10, 10, 10), rep 137
2025-01-23 13:28:04,648 15332 DEBUG s[88.10363939 13.3095141 ], s_hat_ALS [88.10805567797145, 13.306203417212274]
2025-01-23 13:28:04,649 15332 DEBUG Simulating with (10, 10, 10), rep 113
2025-01-23 13:28:04,651 6376 DEBUG s[178.42751845  69.37548869], s_hat_ALS [178.42764284442066, 69.37487401540773]
2025-01-23 13:28:04,651 15012 DEBUG Simulating with (10, 10, 10), rep 60
2025-01-23 13:28:04,651 6376 DEBUG Simulating with (20, 20, 20), rep 25
2025-01-23 13:28:04,657 4080 DEBUG s[29.82538084  8.02747748], s_hat_ALS [29.818415718472156, 8.022121309425364]
2025-01-23 13:28:04,657 3436 DEBUG s[86.53533796 31.64204277], s_hat_ALS [86.486830049336, 31.63549664728291]
2025-01-23 13:28:04,657 4080 DEBUG Simulating with (10, 10, 10), rep 138
2025-01-23 13:28:04,657 3436 DEBUG Simulating with (10, 10, 10), rep 88
2025-01-23 13:28:04,658 15332 DEBUG s[34.44375729 19.47702021], s_hat_ALS [34.443912462618464, 19.4769679670966]
2025-01-23 13:28:04,659 15332 DEBUG Simulating with (10, 10, 10), rep 114
2025-01-23 13:28:04,662 3068 DEBUG s[133.1074329   72.97130815], s_hat_ALS [133.11041822975972, 72.96858956975431]
2025-01-23 13:28:04,662 3068 DEBUG Simulating with (20, 20, 20), rep 5
2025-01-23 13:28:04,667 15332 DEBUG s[47.47565401 39.28333015], s_hat_ALS [46.30770488185047, 38.031055004509014]
2025-01-23 13:28:04,668 4080 DEBUG s[47.45839129 11.17758119], s_hat_ALS [47.464052648332185, 11.171458475673107]
2025-01-23 13:28:04,668 15332 DEBUG Simulating with (10, 10, 10), rep 115
2025-01-23 13:28:04,668 4080 DEBUG Simulating with (10, 10, 10), rep 139
2025-01-23 13:28:04,674 18708 DEBUG s[39.91590956 30.89122922], s_hat_ALS [40.043129396861524, 30.761072674352704]
2025-01-23 13:28:04,675 18708 DEBUG Simulating with (10, 10, 10), rep 17
2025-01-23 13:28:04,676 3436 DEBUG s[69.57375458 40.17090437], s_hat_ALS [69.60156929573108, 40.15298809362368]
2025-01-23 13:28:04,676 3436 DEBUG Simulating with (10, 10, 10), rep 89
2025-01-23 13:28:04,676 8928 DEBUG s[42.68877043 30.22966014], s_hat_ALS [42.79349596116557, 30.12435343578928]
2025-01-23 13:28:04,677 8928 DEBUG Simulating with (10, 10, 10), rep 38
2025-01-23 13:28:04,682 15012 DEBUG s[60.98405291 58.01890519], s_hat_ALS [61.01490346717148, 57.99354049672164]
2025-01-23 13:28:04,682 15012 DEBUG Simulating with (10, 10, 10), rep 61
2025-01-23 13:28:04,683 15332 DEBUG s[18.11598531 17.23025321], s_hat_ALS [18.12817369556817, 17.21377488054143]
2025-01-23 13:28:04,683 15332 DEBUG Simulating with (10, 10, 10), rep 116
2025-01-23 13:28:04,684 18708 DEBUG s[45.60510338 29.20235946], s_hat_ALS [45.605119346867255, 29.202335703213755]
2025-01-23 13:28:04,685 18708 DEBUG Simulating with (10, 10, 10), rep 18
2025-01-23 13:28:04,685 3068 DEBUG s[93.28532477 63.85640439], s_hat_ALS [93.28472040785842, 63.85532919645943]
2025-01-23 13:28:04,686 3068 DEBUG Simulating with (20, 20, 20), rep 6
2025-01-23 13:28:04,689 3436 DEBUG s[34.41246482 33.9030362 ], s_hat_ALS [34.41210354559416, 33.90267400304777]
2025-01-23 13:28:04,690 3436 DEBUG Simulating with (10, 10, 10), rep 90
2025-01-23 13:28:04,693 8928 DEBUG s[43.77721411 22.58208763], s_hat_ALS [43.797945609244415, 22.561406016393594]
2025-01-23 13:28:04,693 8928 DEBUG Simulating with (10, 10, 10), rep 39
2025-01-23 13:28:04,694 18708 DEBUG s[21.29990965 17.4152745 ], s_hat_ALS [21.288224197506114, 17.34721032187215]
2025-01-23 13:28:04,694 18708 DEBUG Simulating with (10, 10, 10), rep 19
2025-01-23 13:28:04,695 15332 DEBUG s[56.74926945 21.90070209], s_hat_ALS [56.75260919667914, 21.896518065355558]
2025-01-23 13:28:04,695 15332 DEBUG Simulating with (10, 10, 10), rep 117
2025-01-23 13:28:04,698 3436 DEBUG s[31.58126203 10.7247973 ], s_hat_ALS [31.58157648871322, 10.724288700790574]
2025-01-23 13:28:04,698 3436 DEBUG Simulating with (10, 10, 10), rep 91
2025-01-23 13:28:04,700 4080 DEBUG s[43.46545908 39.0604657 ], s_hat_ALS [43.32291582921119, 38.918347228794566]
2025-01-23 13:28:04,700 4080 DEBUG Simulating with (10, 10, 10), rep 140
2025-01-23 13:28:04,700 15012 DEBUG s[65.78360083 53.8255965 ], s_hat_ALS [65.78590733919285, 53.82301175338012]
2025-01-23 13:28:04,700 15012 DEBUG Simulating with (10, 10, 10), rep 62
2025-01-23 13:28:04,703 3068 DEBUG s[158.84378256  92.35324323], s_hat_ALS [158.84378735099185, 92.35323257838087]
2025-01-23 13:28:04,704 3068 DEBUG Simulating with (20, 20, 20), rep 7
2025-01-23 13:28:04,705 8928 DEBUG s[60.99329147 21.282556  ], s_hat_ALS [60.99617739736229, 21.279320065649284]
2025-01-23 13:28:04,706 8928 DEBUG Simulating with (10, 10, 10), rep 40
2025-01-23 13:28:04,706 6376 DEBUG s[126.77397592 108.1165528 ], s_hat_ALS [126.71215432427397, 108.05457613455626]
2025-01-23 13:28:04,706 18708 DEBUG s[24.11232972 17.66581505], s_hat_ALS [24.0915911598798, 17.63722302978481]
2025-01-23 13:28:04,707 6376 DEBUG Simulating with (20, 20, 20), rep 26
2025-01-23 13:28:04,707 18708 DEBUG Simulating with (10, 10, 10), rep 20
2025-01-23 13:28:04,710 3436 DEBUG s[55.94862873 29.96457202], s_hat_ALS [55.94622566645953, 29.960432068383145]
2025-01-23 13:28:04,710 3436 DEBUG Simulating with (10, 10, 10), rep 92
2025-01-23 13:28:04,712 15012 DEBUG s[23.33523056 21.14482573], s_hat_ALS [23.335317297849546, 21.144740984229994]
2025-01-23 13:28:04,712 15012 DEBUG Simulating with (10, 10, 10), rep 63
2025-01-23 13:28:04,713 8928 DEBUG s[48.17787619 17.36598089], s_hat_ALS [48.177876346077376, 17.365979085110013]
2025-01-23 13:28:04,713 8928 DEBUG Simulating with (10, 10, 10), rep 41
2025-01-23 13:28:04,718 18708 DEBUG s[56.26965629 33.52450303], s_hat_ALS [56.24397939113448, 33.512032142962276]
2025-01-23 13:28:04,719 18708 DEBUG Simulating with (10, 10, 10), rep 21
2025-01-23 13:28:04,719 15332 DEBUG s[35.44521343 22.13205725], s_hat_ALS [35.55185647816285, 22.013155457299664]
2025-01-23 13:28:04,719 15332 DEBUG Simulating with (10, 10, 10), rep 118
2025-01-23 13:28:04,719 4080 DEBUG s[59.05935126 28.29170985], s_hat_ALS [59.017779908568265, 28.143435824050606]
2025-01-23 13:28:04,719 4080 DEBUG Simulating with (10, 10, 10), rep 141
2025-01-23 13:28:04,727 3436 DEBUG s[66.51876935 58.0452848 ], s_hat_ALS [66.52307560522577, 58.04552798800437]
2025-01-23 13:28:04,727 3436 DEBUG Simulating with (10, 10, 10), rep 93
2025-01-23 13:28:04,729 18708 DEBUG s[48.93380725 19.447851  ], s_hat_ALS [48.892121189085415, 19.42703909279548]
2025-01-23 13:28:04,729 18708 DEBUG Simulating with (10, 10, 10), rep 22
2025-01-23 13:28:04,731 4080 DEBUG s[46.18291695 19.43464017], s_hat_ALS [46.17162023644959, 19.4245424396234]
2025-01-23 13:28:04,731 4080 DEBUG Simulating with (10, 10, 10), rep 142
2025-01-23 13:28:04,732 15012 DEBUG s[55.43128492 39.88349547], s_hat_ALS [55.55181759731067, 39.74830550531439]
2025-01-23 13:28:04,732 15012 DEBUG Simulating with (10, 10, 10), rep 64
2025-01-23 13:28:04,736 3436 DEBUG s[28.60768494 10.0680047 ], s_hat_ALS [28.375049005679646, 9.773162835602553]
2025-01-23 13:28:04,736 3436 DEBUG Simulating with (10, 10, 10), rep 94
2025-01-23 13:28:04,739 18708 DEBUG s[48.33204306 39.88496645], s_hat_ALS [48.33113646834767, 39.88386230227581]
2025-01-23 13:28:04,739 8928 DEBUG Simulating with (10, 10, 10), rep 42
2025-01-23 13:28:04,740 18708 DEBUG Simulating with (10, 10, 10), rep 23
2025-01-23 13:28:04,740 15012 DEBUG s[51.64032947 23.83463048], s_hat_ALS [51.615699339657525, 23.79861117411155]
2025-01-23 13:28:04,740 15012 DEBUG Simulating with (10, 10, 10), rep 65
2025-01-23 13:28:04,745 15332 DEBUG s[45.88555082 22.31102284], s_hat_ALS [46.017935526710964, 22.18183638200105]
2025-01-23 13:28:04,746 15332 DEBUG Simulating with (10, 10, 10), rep 119
2025-01-23 13:28:04,747 3436 DEBUG s[22.7731878  19.87628876], s_hat_ALS [22.68966027863402, 19.732477240535157]
2025-01-23 13:28:04,747 3436 DEBUG Simulating with (10, 10, 10), rep 95
2025-01-23 13:28:04,749 8928 DEBUG s[50.70365935 46.45665045], s_hat_ALS [50.704111327520565, 46.45706067751332]
2025-01-23 13:28:04,750 8928 DEBUG Simulating with (10, 10, 10), rep 43
2025-01-23 13:28:04,753 18708 DEBUG s[36.9113004  31.82669512], s_hat_ALS [36.911546503742976, 31.82382462726348]
2025-01-23 13:28:04,754 18708 DEBUG Simulating with (20, 20, 20), rep 42
2025-01-23 13:28:04,760 15332 DEBUG s[34.38113455 29.52359679], s_hat_ALS [34.38453063626701, 29.518476563751136]
2025-01-23 13:28:04,760 3436 DEBUG s[47.57007288 32.55851284], s_hat_ALS [47.57081496913396, 32.55855110901908]
2025-01-23 13:28:04,761 15332 DEBUG Simulating with (20, 20, 20), rep 66
2025-01-23 13:28:04,762 3436 DEBUG Simulating with (20, 20, 20), rep 90
2025-01-23 13:28:04,763 6376 DEBUG s[87.80229546 82.12566306], s_hat_ALS [87.80925102147687, 82.12094394898146]
2025-01-23 13:28:04,764 6376 DEBUG Simulating with (20, 20, 20), rep 27
2025-01-23 13:28:04,768 15012 DEBUG s[34.43836381 33.73675718], s_hat_ALS [34.407917913979446, 33.70738967274944]
2025-01-23 13:28:04,769 8928 DEBUG Simulating with (10, 10, 10), rep 44

2025-01-23 13:28:04,771 4080 DEBUG s[30.91589488 29.93966033], s_hat_ALS [30.958743701432002, 29.91733534400678]
2025-01-23 13:28:04,771 4080 DEBUG Simulating with (10, 10, 10), rep 143
2025-01-23 13:28:04,781 3436 DEBUG s[179.68103619  81.30126021], s_hat_ALS [179.67966966650914, 81.29993233943223]
2025-01-23 13:28:04,781 3436 DEBUG Simulating with (20, 20, 20), rep 91
2025-01-23 13:28:04,781 6376 DEBUG s[172.77985492  57.45178796], s_hat_ALS [172.7792329331778, 57.45156600511962]
2025-01-23 13:28:04,782 6376 DEBUG Simulating with (20, 20, 20), rep 28
2025-01-23 13:28:04,782 8928 DEBUG s[27.56571996 16.45821399], s_hat_ALS [27.580070262577365, 16.441585618522918]
2025-01-23 13:28:04,782 8928 DEBUG Simulating with (10, 10, 10), rep 45
2025-01-23 13:28:04,782 15012 DEBUG s[53.49751757 30.76534011], s_hat_ALS [53.46655383124046, 30.73379355036553]
2025-01-23 13:28:04,783 15012 DEBUG Simulating with (10, 10, 10), rep 67
2025-01-23 13:28:04,789 4080 DEBUG s[16.08671749 16.04501256], s_hat_ALS [16.085167902748093, 16.043237939815384]
2025-01-23 13:28:04,791 4080 DEBUG Simulating with (20, 20, 20), rep 114
2025-01-23 13:28:04,797 18708 DEBUG s[130.73461859 122.87308018], s_hat_ALS [130.73548682566636, 122.87222014852586]
2025-01-23 13:28:04,798 8928 DEBUG s[30.11293019 19.2611519 ], s_hat_ALS [30.01512931358672, 19.167475951544056]

2025-01-23 13:28:04,798 18708 DEBUG Simulating with (20, 20, 20), rep 43
2025-01-23 13:28:04,798 8928 DEBUG Simulating with (10, 10, 10), rep 46
2025-01-23 13:28:04,798 15012 DEBUG Simulating with (10, 10, 10), rep 68
2025-01-23 13:28:04,805 3068 DEBUG s[236.23660068 130.96541451], s_hat_ALS [236.40799607745822, 130.792134267107]
2025-01-23 13:28:04,806 3068 DEBUG Simulating with (20, 20, 20), rep 8
2025-01-23 13:28:04,808 15012 DEBUG s[27.05119114 19.3247661 ], s_hat_ALS [27.046576182972963, 19.319914938562487]
2025-01-23 13:28:04,808 15012 DEBUG Simulating with (10, 10, 10), rep 69
2025-01-23 13:28:04,809 4080 DEBUG s[128.01407523 104.25153233], s_hat_ALS [128.0138947498972, 104.25149985789356]
2025-01-23 13:28:04,809 3436 DEBUG s[129.69770454  90.50676416], s_hat_ALS [129.6983931878021, 90.50601275056954]
2025-01-23 13:28:04,810 4080 DEBUG Simulating with (20, 20, 20), rep 115
2025-01-23 13:28:04,810 3436 DEBUG Simulating with (20, 20, 20), rep 92
2025-01-23 13:28:04,816 6376 DEBUG s[118.15322568  93.00358229], s_hat_ALS [118.15380580928799, 93.00304831297508]
2025-01-23 13:28:04,816 6376 DEBUG Simulating with (20, 20, 20), rep 29
2025-01-23 13:28:04,817 15332 DEBUG s[130.09432786 105.85668968], s_hat_ALS [130.10439801749223, 105.84663686107852]
2025-01-23 13:28:04,817 15332 DEBUG Simulating with (20, 20, 20), rep 67
2025-01-23 13:28:04,817 15012 DEBUG s[29.78138262 10.51376769], s_hat_ALS [29.70443910066006, 10.432987659657215]
2025-01-23 13:28:04,818 15012 DEBUG Simulating with (10, 10, 10), rep 70
2025-01-23 13:28:04,828 8928 DEBUG s[45.18431885 33.54313592], s_hat_ALS [45.26905998617715, 33.45803220605213]
2025-01-23 13:28:04,828 15012 DEBUG s[33.95125015 26.57455269], s_hat_ALS [33.948535074519626, 26.570042521787297]
2025-01-23 13:28:04,829 8928 DEBUG Simulating with (10, 10, 10), rep 47
2025-01-23 13:28:04,829 15012 DEBUG Simulating with (10, 10, 10), rep 71
2025-01-23 13:28:04,834 6376 DEBUG s[159.78098565 111.30277561], s_hat_ALS [159.7809781895008, 111.30275432995391]
2025-01-23 13:28:04,835 6376 DEBUG Simulating with (20, 20, 20), rep 30
2025-01-23 13:28:04,836 3436 DEBUG s[135.48486725 118.8500678 ], s_hat_ALS [135.48480327231218, 118.84945969326256]
2025-01-23 13:28:04,837 3436 DEBUG Simulating with (20, 20, 20), rep 93
2025-01-23 13:28:04,837 4080 DEBUG s[76.46167166 50.42621412], s_hat_ALS [76.46393606945044, 50.4233650143257]
2025-01-23 13:28:04,837 4080 DEBUG Simulating with (20, 20, 20), rep 116
2025-01-23 13:28:04,844 8928 DEBUG s[57.96669565 22.30442909], s_hat_ALS [57.98772303833031, 22.282023732632492]
2025-01-23 13:28:04,845 18708 DEBUG s[113.96813876  74.70286474], s_hat_ALS [113.98289868386271, 74.68850117168171]
2025-01-23 13:28:04,845 18708 DEBUG Simulating with (20, 20, 20), rep 44
2025-01-23 13:28:04,846 8928 DEBUG Simulating with (20, 20, 20), rep 138
2025-01-23 13:28:04,848 15332 DEBUG s[113.16810771  79.25974166], s_hat_ALS [113.17112372560062, 79.25697952125296]
2025-01-23 13:28:04,848 15332 DEBUG Simulating with (20, 20, 20), rep 68
2025-01-23 13:28:04,849 15012 DEBUG s[91.8364296  26.75771515], s_hat_ALS [91.90197707765665, 26.680316603961252]
2025-01-23 13:28:04,851 15012 DEBUG Simulating with (30, 30, 30), rep 12
2025-01-23 13:28:04,854 3068 DEBUG s[101.67056476  86.41052843], s_hat_ALS [101.6572285500815, 86.39693534703079]
2025-01-23 13:28:04,854 3068 DEBUG Simulating with (20, 20, 20), rep 9
2025-01-23 13:28:04,869 6376 DEBUG s[135.13784261  72.80293527], s_hat_ALS [135.14594638840077, 72.79300466729502]
2025-01-23 13:28:04,870 6376 DEBUG Simulating with (20, 20, 20), rep 31
2025-01-23 13:28:04,871 4080 DEBUG s[130.9882073   78.18905137], s_hat_ALS [130.99195009108843, 78.18527216332828]
2025-01-23 13:28:04,871 4080 DEBUG Simulating with (20, 20, 20), rep 117
2025-01-23 13:28:04,877 18708 DEBUG s[122.41228314  96.04727375], s_hat_ALS [122.41138919503084, 96.04585725619926]
2025-01-23 13:28:04,878 18708 DEBUG Simulating with (20, 20, 20), rep 45
2025-01-23 13:28:04,883 15332 DEBUG s[107.58872368 104.21080497], s_hat_ALS [107.5901683691802, 104.21194400564681]
2025-01-23 13:28:04,883 15332 DEBUG Simulating with (20, 20, 20), rep 69
2025-01-23 13:28:04,884 3068 DEBUG s[124.00245432  60.62382819], s_hat_ALS [124.00661181455709, 60.62043476122044]
2025-01-23 13:28:04,885 3068 DEBUG Simulating with (20, 20, 20), rep 10
2025-01-23 13:28:04,888 3436 DEBUG s[156.01154148  87.78263374], s_hat_ALS [156.02165057133786, 87.75855158465832]
2025-01-23 13:28:04,889 3436 DEBUG Simulating with (20, 20, 20), rep 94
2025-01-23 13:28:04,893 8928 DEBUG s[102.25739657  91.02057775], s_hat_ALS [102.26654744959579, 91.01139792811892]
2025-01-23 13:28:04,893 8928 DEBUG Simulating with (20, 20, 20), rep 139
2025-01-23 13:28:04,899 15012 DEBUG s[164.30752709 130.84092648], s_hat_ALS [164.30770228896472, 130.84107817834024]
2025-01-23 13:28:04,899 15012 DEBUG Simulating with (30, 30, 30), rep 13
2025-01-23 13:28:04,899 18708 DEBUG s[120.77495166  81.79049737], s_hat_ALS [120.77516959730123, 81.79028034154601]
2025-01-23 13:28:04,900 18708 DEBUG Simulating with (20, 20, 20), rep 46
2025-01-23 13:28:04,902 6376 DEBUG s[168.76105781 147.99268105], s_hat_ALS [168.76201835778636, 147.9917539762524]
2025-01-23 13:28:04,902 6376 DEBUG Simulating with (20, 20, 20), rep 32
2025-01-23 13:28:04,910 4080 DEBUG s[191.85907515 115.74309813], s_hat_ALS [191.86156171996964, 115.737724231848]
2025-01-23 13:28:04,911 4080 DEBUG Simulating with (20, 20, 20), rep 118
2025-01-23 13:28:04,911 3436 DEBUG s[159.69802817  93.55483364], s_hat_ALS [159.69781248048355, 93.55462534239685]
2025-01-23 13:28:04,911 3436 DEBUG Simulating with (20, 20, 20), rep 95
2025-01-23 13:28:04,917 15332 DEBUG s[130.31317735  63.93846135], s_hat_ALS [130.30247086478823, 63.927791881382234]
2025-01-23 13:28:04,917 15332 DEBUG Simulating with (20, 20, 20), rep 70
2025-01-23 13:28:04,924 8928 DEBUG s[176.8372839  83.2382578], s_hat_ALS [176.84296732433546, 83.23470826879428]
2025-01-23 13:28:04,925 8928 DEBUG Simulating with (20, 20, 20), rep 140
2025-01-23 13:28:04,927 6376 DEBUG s[132.089469    90.69512994], s_hat_ALS [132.08639528313793, 90.692419277967]
2025-01-23 13:28:04,927 6376 DEBUG Simulating with (20, 20, 20), rep 33
2025-01-23 13:28:04,937 15332 DEBUG s[131.69097334  79.89179632], s_hat_ALS [131.69147411642285, 79.89065741318119]
2025-01-23 13:28:04,937 15332 DEBUG Simulating with (20, 20, 20), rep 71
2025-01-23 13:28:04,940 15012 DEBUG s[356.13321805 118.33091028], s_hat_ALS [356.13303846323953, 118.33058623611078]
2025-01-23 13:28:04,941 15012 DEBUG Simulating with (30, 30, 30), rep 14
2025-01-23 13:28:04,946 4080 DEBUG s[95.91685181 83.95609012], s_hat_ALS [95.92111958269962, 83.95011597961401]
2025-01-23 13:28:04,946 4080 DEBUG Simulating with (20, 20, 20), rep 119
2025-01-23 13:28:04,947 3068 DEBUG s[106.82080145 101.35097522], s_hat_ALS [106.83176872707709, 101.34020696650067]
2025-01-23 13:28:04,947 3068 DEBUG Simulating with (20, 20, 20), rep 11
2025-01-23 13:28:04,949 18708 DEBUG s[155.59876668 122.41417404], s_hat_ALS [155.6173882979691, 122.39555718851695]
2025-01-23 13:28:04,949 18708 DEBUG Simulating with (20, 20, 20), rep 47
2025-01-23 13:28:04,952 3436 DEBUG s[183.58387571  72.56288556], s_hat_ALS [183.56384496154016, 72.54301274473231]
2025-01-23 13:28:04,952 3436 DEBUG Simulating with (20, 20, 20), rep 96
2025-01-23 13:28:04,955 6376 DEBUG s[151.01517489 111.86942571], s_hat_ALS [151.0229014089621, 111.86075237845647]
2025-01-23 13:28:04,956 6376 DEBUG Simulating with (20, 20, 20), rep 34
2025-01-23 13:28:04,965 15332 DEBUG s[166.14481145  62.04264741], s_hat_ALS [166.14212754423133, 62.03907616479616]
2025-01-23 13:28:04,966 15332 DEBUG Simulating with (20, 20, 20), rep 72
2025-01-23 13:28:04,971 18708 DEBUG s[225.02459859  76.47448269], s_hat_ALS [225.0246599164883, 76.47440937323165]
2025-01-23 13:28:04,972 18708 DEBUG Simulating with (20, 20, 20), rep 48
2025-01-23 13:28:04,976 3068 DEBUG s[209.58844785 116.75075971], s_hat_ALS [209.58350102397696, 116.7458849798899]
2025-01-23 13:28:04,976 3068 DEBUG Simulating with (20, 20, 20), rep 12
2025-01-23 13:28:04,976 3436 DEBUG s[188.22051051  75.22085224], s_hat_ALS [188.22088457587432, 75.22040715727753]
2025-01-23 13:28:04,977 3436 DEBUG Simulating with (20, 20, 20), rep 97
2025-01-23 13:28:04,979 4080 DEBUG s[104.84252381  51.12207687], s_hat_ALS [104.81596547991118, 51.09429743508381]
2025-01-23 13:28:04,979 4080 DEBUG Simulating with (20, 20, 20), rep 120
2025-01-23 13:28:04,985 8928 DEBUG s[191.84856313 123.8288111 ], s_hat_ALS [191.88348999431588, 123.79359359736972]
2025-01-23 13:28:04,986 8928 DEBUG Simulating with (20, 20, 20), rep 141
2025-01-23 13:28:04,990 15332 DEBUG s[139.96537202  88.49047373], s_hat_ALS [139.9642730205981, 88.48989621041774]
2025-01-23 13:28:04,990 15332 DEBUG Simulating with (20, 20, 20), rep 73
2025-01-23 13:28:04,992 6376 DEBUG s[211.98182689 117.87038618], s_hat_ALS [211.97293905051714, 117.8612128455117]
2025-01-23 13:28:04,993 6376 DEBUG Simulating with (20, 20, 20), rep 35
2025-01-23 13:28:05,000 3436 DEBUG s[139.69096755 122.48590791], s_hat_ALS [139.6898768451485, 122.4864821033461]
2025-01-23 13:28:05,000 3436 DEBUG Simulating with (20, 20, 20), rep 98
2025-01-23 13:28:05,005 8928 DEBUG s[147.27736453  51.99502004], s_hat_ALS [147.27721635198898, 51.99292289741838]
2025-01-23 13:28:05,006 8928 DEBUG Simulating with (20, 20, 20), rep 142
2025-01-23 13:28:05,008 4080 DEBUG s[175.30228117  94.76633982], s_hat_ALS [175.30215879374768, 94.76525512303868]
2025-01-23 13:28:05,008 4080 DEBUG Simulating with (20, 20, 20), rep 121
2025-01-23 13:28:05,011 15332 DEBUG s[179.4680986  101.44617835], s_hat_ALS [179.46813151622118, 101.44572428603873]
2025-01-23 13:28:05,011 15332 DEBUG Simulating with (20, 20, 20), rep 74
2025-01-23 13:28:05,022 6376 DEBUG s[202.68479497  80.87861356], s_hat_ALS [202.681848877521, 80.8760165804977]
2025-01-23 13:28:05,022 6376 DEBUG Simulating with (20, 20, 20), rep 36
2025-01-23 13:28:05,024 4080 DEBUG s[184.24256625  42.57860792], s_hat_ALS [184.24242852785463, 42.576410069289196]
2025-01-23 13:28:05,025 4080 DEBUG Simulating with (20, 20, 20), rep 122
2025-01-23 13:28:05,029 3436 DEBUG s[159.08671148  76.21859315], s_hat_ALS [159.0865676558454, 76.21793977983734]
2025-01-23 13:28:05,030 3436 DEBUG Simulating with (20, 20, 20), rep 99
2025-01-23 13:28:05,041 8928 DEBUG s[140.44986467 121.31314367], s_hat_ALS [140.45018830386587, 121.31290298132085]
2025-01-23 13:28:05,041 8928 DEBUG Simulating with (20, 20, 20), rep 143
2025-01-23 13:28:05,041 3068 DEBUG s[186.49125986  71.37666482], s_hat_ALS [186.36551914112073, 71.2508696274044]
2025-01-23 13:28:05,042 3068 DEBUG Simulating with (20, 20, 20), rep 13
2025-01-23 13:28:05,042 15012 DEBUG s[315.09955521 190.82263991], s_hat_ALS [315.10897510998103, 190.81323426181044]
2025-01-23 13:28:05,042 15012 DEBUG Simulating with (30, 30, 30), rep 15
2025-01-23 13:28:05,047 6376 DEBUG s[117.23657049 106.06437443], s_hat_ALS [117.23600077618917, 106.06420310084638]
2025-01-23 13:28:05,047 6376 DEBUG Simulating with (20, 20, 20), rep 37
2025-01-23 13:28:05,049 15332 DEBUG s[91.9521777  83.06771134], s_hat_ALS [91.95378818761785, 83.06603624213197]
2025-01-23 13:28:05,049 15332 DEBUG Simulating with (20, 20, 20), rep 75
2025-01-23 13:28:05,059 3436 DEBUG s[182.01256787  70.42913434], s_hat_ALS [182.01778973935308, 70.42532092134437]
2025-01-23 13:28:05,059 3436 DEBUG Simulating with (20, 20, 20), rep 100
2025-01-23 13:28:05,059 4080 DEBUG s[121.41310368  86.92443673], s_hat_ALS [121.41733754100866, 86.92064686891342]
2025-01-23 13:28:05,060 4080 DEBUG Simulating with (20, 20, 20), rep 123
2025-01-23 13:28:05,060 3068 DEBUG s[132.78484627 104.48480047], s_hat_ALS [132.78486259676478, 104.48479956973325]
2025-01-23 13:28:05,060 3068 DEBUG Simulating with (20, 20, 20), rep 14
2025-01-23 13:28:05,062 18708 DEBUG s[163.43143724 139.71812217], s_hat_ALS [163.5100782233465, 139.639339064087]
2025-01-23 13:28:05,063 18708 DEBUG Simulating with (20, 20, 20), rep 49
2025-01-23 13:28:05,071 8928 DEBUG s[229.63716162  85.60171994], s_hat_ALS [229.6379988806055, 85.60083769200455]
2025-01-23 13:28:05,071 8928 DEBUG Simulating with (20, 20, 20), rep 144
2025-01-23 13:28:05,082 4080 DEBUG s[173.97787054 103.72041124], s_hat_ALS [173.97722962838702, 103.72064460808015]
2025-01-23 13:28:05,082 3436 DEBUG Simulating with (20, 20, 20), rep 101
2025-01-23 13:28:05,082 4080 DEBUG Simulating with (20, 20, 20), rep 124
2025-01-23 13:28:05,084 15012 DEBUG s[232.58683668 173.27499382], s_hat_ALS [232.586854492121, 173.2749828767448]
2025-01-23 13:28:05,085 15012 DEBUG Simulating with (30, 30, 30), rep 16
2025-01-23 13:28:05,088 6376 DEBUG s[109.98497712  89.75423768], s_hat_ALS [109.9886120933194, 89.7502906343721]
2025-01-23 13:28:05,088 6376 DEBUG Simulating with (20, 20, 20), rep 38
2025-01-23 13:28:05,090 15332 DEBUG s[111.92619511  83.80995438], s_hat_ALS [111.93092662639019, 83.80520635053769]
2025-01-23 13:28:05,091 15332 DEBUG Simulating with (20, 20, 20), rep 76
2025-01-23 13:28:05,095 3068 DEBUG s[124.86527608 112.57535758], s_hat_ALS [124.86840060762762, 112.57205280474378]
2025-01-23 13:28:05,096 3068 DEBUG Simulating with (20, 20, 20), rep 15
2025-01-23 13:28:05,100 8928 DEBUG s[142.24017167  77.69875649], s_hat_ALS [142.2337929723689, 77.69738757465323]
2025-01-23 13:28:05,100 8928 DEBUG Simulating with (20, 20, 20), rep 145
2025-01-23 13:28:05,100 18708 DEBUG s[143.69667494 118.69754883], s_hat_ALS [143.69789560801055, 118.69147899656292]
2025-01-23 13:28:05,101 18708 DEBUG Simulating with (20, 20, 20), rep 50
2025-01-23 13:28:05,109 3436 DEBUG s[122.08417048  99.28050173], s_hat_ALS [122.0709661951388, 99.26272496385262]
2025-01-23 13:28:05,110 3436 DEBUG Simulating with (20, 20, 20), rep 102
2025-01-23 13:28:05,111 4080 DEBUG s[121.46700738  67.95402411], s_hat_ALS [121.44951505915544, 67.93581700094713]
2025-01-23 13:28:05,111 4080 DEBUG Simulating with (20, 20, 20), rep 125
2025-01-23 13:28:05,114 8928 DEBUG s[111.6940848   80.51678996], s_hat_ALS [111.69403383516646, 80.51501136321747]
2025-01-23 13:28:05,115 8928 DEBUG Simulating with (20, 20, 20), rep 146
2025-01-23 13:28:05,123 15332 DEBUG s[225.38667846  81.56131677], s_hat_ALS [225.38165011123075, 81.55603497457884]
2025-01-23 13:28:05,124 15332 DEBUG Simulating with (20, 20, 20), rep 77
2025-01-23 13:28:05,126 6376 DEBUG s[156.50243694  83.1845535 ], s_hat_ALS [156.5081527839054, 83.17718951555331]

2025-01-23 13:28:05,127 3068 DEBUG Simulating with (20, 20, 20), rep 16
2025-01-23 13:28:05,127 6376 DEBUG Simulating with (20, 20, 20), rep 39
2025-01-23 13:28:05,127 18708 DEBUG s[103.66199819  87.39175457], s_hat_ALS [103.66228779723173, 87.39188852268009]
2025-01-23 13:28:05,128 18708 DEBUG Simulating with (20, 20, 20), rep 51
2025-01-23 13:28:05,145 15012 DEBUG s[291.59326157 219.00820128], s_hat_ALS [291.59364099743095, 219.00785280561774]
2025-01-23 13:28:05,146 15012 DEBUG Simulating with (30, 30, 30), rep 17
2025-01-23 13:28:05,152 8928 DEBUG s[218.164072  141.9015487], s_hat_ALS [218.2027462859303, 141.83939971956977]
2025-01-23 13:28:05,153 8928 DEBUG Simulating with (20, 20, 20), rep 147
2025-01-23 13:28:05,154 15332 DEBUG s[130.61009847  72.69678852], s_hat_ALS [130.60420482386778, 72.69059676922788]
2025-01-23 13:28:05,154 15332 DEBUG Simulating with (20, 20, 20), rep 78
2025-01-23 13:28:05,156 4080 DEBUG s[180.81928476  62.72979829], s_hat_ALS [180.84298254370535, 62.70510621842666]
2025-01-23 13:28:05,156 4080 DEBUG Simulating with (20, 20, 20), rep 126
2025-01-23 13:28:05,156 3068 DEBUG s[225.05059408  48.06139811], s_hat_ALS [225.0580413837883, 48.05497397723847]
2025-01-23 13:28:05,157 3068 DEBUG Simulating with (20, 20, 20), rep 17
2025-01-23 13:28:05,161 18708 DEBUG s[155.60198603  73.43554075], s_hat_ALS [155.60550790993165, 73.43096705404963]
2025-01-23 13:28:05,161 6376 DEBUG Simulating with (20, 20, 20), rep 40
2025-01-23 13:28:05,161 18708 DEBUG Simulating with (20, 20, 20), rep 52
2025-01-23 13:28:05,166 3436 DEBUG s[148.77057796 136.32060018], s_hat_ALS [148.78721490082947, 136.3032281680104]
2025-01-23 13:28:05,167 3436 DEBUG Simulating with (20, 20, 20), rep 103
2025-01-23 13:28:05,180 4080 DEBUG s[125.90142976  52.84891656], s_hat_ALS [125.9018445177267, 52.8484607730997]
2025-01-23 13:28:05,180 4080 DEBUG Simulating with (20, 20, 20), rep 127
2025-01-23 13:28:05,183 15332 DEBUG s[78.32358869 58.78424879], s_hat_ALS [78.32675666091816, 58.781801286092055]
2025-01-23 13:28:05,183 15332 DEBUG Simulating with (20, 20, 20), rep 79
2025-01-23 13:28:05,188 8928 DEBUG s[105.34442631  92.09022664], s_hat_ALS [105.3271127308512, 92.07554232653658]
2025-01-23 13:28:05,189 8928 DEBUG Simulating with (20, 20, 20), rep 148
2025-01-23 13:28:05,193 18708 DEBUG s[127.7977088  100.72757922], s_hat_ALS [127.80007459470451, 100.72498131489226]
2025-01-23 13:28:05,193 18708 DEBUG Simulating with (20, 20, 20), rep 53
2025-01-23 13:28:05,196 3436 DEBUG s[428.9428509   97.28316533], s_hat_ALS [428.9305830111991, 97.27046552074647]
2025-01-23 13:28:05,196 3436 DEBUG Simulating with (20, 20, 20), rep 104
2025-01-23 13:28:05,201 15012 DEBUG s[267.66187103 186.27958083], s_hat_ALS [267.662193596001, 186.2793065294008]
2025-01-23 13:28:05,202 15012 DEBUG Simulating with (30, 30, 30), rep 18
2025-01-23 13:28:05,207 3068 DEBUG s[208.58068612  71.95740145], s_hat_ALS [208.52148499565902, 71.89840143275599]
2025-01-23 13:28:05,209 3068 DEBUG Simulating with (30, 30, 30), rep 36
2025-01-23 13:28:05,210 6376 DEBUG s[175.67464629 111.85744345], s_hat_ALS [175.6871925487128, 111.84481350525786]
2025-01-23 13:28:05,210 6376 DEBUG Simulating with (20, 20, 20), rep 41
2025-01-23 13:28:05,216 15332 DEBUG s[99.33462252 96.52122033], s_hat_ALS [99.33596230205848, 96.51946580275718]
2025-01-23 13:28:05,217 15332 DEBUG Simulating with (20, 20, 20), rep 80
2025-01-23 13:28:05,225 18708 DEBUG s[80.6168227 52.3522311], s_hat_ALS [80.61645848864467, 52.35159505420362]
2025-01-23 13:28:05,225 18708 DEBUG Simulating with (20, 20, 20), rep 54
2025-01-23 13:28:05,231 8928 DEBUG s[143.19053368 109.34844996], s_hat_ALS [143.19572161932584, 109.34363039844263]
2025-01-23 13:28:05,231 8928 DEBUG Simulating with (20, 20, 20), rep 149
2025-01-23 13:28:05,242 15332 DEBUG s[111.82677518  77.36590864], s_hat_ALS [111.8255594224694, 77.36484485848854]
2025-01-23 13:28:05,243 15332 DEBUG Simulating with (20, 20, 20), rep 81
2025-01-23 13:28:05,243 4080 DEBUG s[129.56071149 114.85766023], s_hat_ALS [129.59156213370804, 114.85759494244745]
2025-01-23 13:28:05,243 4080 DEBUG Simulating with (20, 20, 20), rep 128
2025-01-23 13:28:05,244 3436 DEBUG s[178.8356186  104.80747997], s_hat_ALS [178.83943702596605, 104.79739747078403]
2025-01-23 13:28:05,245 3436 DEBUG Simulating with (20, 20, 20), rep 105
2025-01-23 13:28:05,253 8928 DEBUG s[137.20888298  80.61534818], s_hat_ALS [137.20902335539984, 80.61510662561992]
2025-01-23 13:28:05,253 8928 DEBUG Simulating with (30, 30, 30), rep 0
2025-01-23 13:28:05,257 6376 DEBUG s[124.78842552  88.08716158], s_hat_ALS [124.79903915603647, 88.07620053005274]
2025-01-23 13:28:05,259 6376 DEBUG Simulating with (30, 30, 30), rep 60
2025-01-23 13:28:05,260 3068 DEBUG s[383.88934731 178.21612025], s_hat_ALS [383.88937361150215, 178.21609291809028]
2025-01-23 13:28:05,261 3068 DEBUG Simulating with (30, 30, 30), rep 37
2025-01-23 13:28:05,274 15332 DEBUG s[216.3809653   47.51827418], s_hat_ALS [216.38274154523145, 47.51588372460528]
2025-01-23 13:28:05,274 15332 DEBUG Simulating with (20, 20, 20), rep 82
2025-01-23 13:28:05,281 3436 DEBUG s[142.8837854   58.83435307], s_hat_ALS [142.88659787719718, 58.83154178927894]
2025-01-23 13:28:05,282 3436 DEBUG Simulating with (20, 20, 20), rep 106
2025-01-23 13:28:05,303 15012 DEBUG s[228.84030847 217.74587782], s_hat_ALS [228.8434434731969, 217.7428844543755]
2025-01-23 13:28:05,303 15012 DEBUG Simulating with (30, 30, 30), rep 19
2025-01-23 13:28:05,304 4080 DEBUG s[239.37422095 153.378485  ], s_hat_ALS [239.38459245390777, 153.2921652522756]
2025-01-23 13:28:05,304 4080 DEBUG Simulating with (20, 20, 20), rep 129
2025-01-23 13:28:05,311 18708 DEBUG s[85.11764483 77.49404454], s_hat_ALS [85.14470163558003, 77.47141566957696]
2025-01-23 13:28:05,312 15332 DEBUG s[133.84273057  78.96919244], s_hat_ALS [133.8456926796029, 78.96645487625588]
2025-01-23 13:28:05,312 18708 DEBUG Simulating with (20, 20, 20), rep 55
2025-01-23 13:28:05,312 15332 DEBUG Simulating with (20, 20, 20), rep 83
2025-01-23 13:28:05,339 4080 DEBUG s[162.46466131  76.27308818], s_hat_ALS [162.46422404276015, 76.27303602559824]
2025-01-23 13:28:05,341 3068 DEBUG s[308.93053913 237.11169672], s_hat_ALS [308.9316195555344, 237.11119099963688]
2025-01-23 13:28:05,342 4080 DEBUG Simulating with (20, 20, 20), rep 130
2025-01-23 13:28:05,342 3068 DEBUG Simulating with (30, 30, 30), rep 38
2025-01-23 13:28:05,349 8928 DEBUG s[226.19323121 134.56267725], s_hat_ALS [226.19714342783016, 134.56015685070133]
2025-01-23 13:28:05,350 8928 DEBUG Simulating with (30, 30, 30), rep 1
2025-01-23 13:28:05,364 15332 DEBUG s[192.9604951 106.3629767], s_hat_ALS [192.94719232258493, 106.34956691916052]
2025-01-23 13:28:05,365 15332 DEBUG Simulating with (20, 20, 20), rep 84
2025-01-23 13:28:05,372 4080 DEBUG s[173.15973505  86.63837408], s_hat_ALS [173.1608678560344, 86.63727148100953]
2025-01-23 13:28:05,373 18708 DEBUG s[93.66870089 80.58597361], s_hat_ALS [93.67424858584064, 80.58026764710337]
2025-01-23 13:28:05,373 4080 DEBUG Simulating with (20, 20, 20), rep 131
2025-01-23 13:28:05,373 18708 DEBUG Simulating with (20, 20, 20), rep 56
2025-01-23 13:28:05,380 15012 DEBUG s[204.85796056 135.37875381], s_hat_ALS [204.8566428675101, 135.37797897369094]
2025-01-23 13:28:05,381 15012 DEBUG Simulating with (30, 30, 30), rep 20
2025-01-23 13:28:05,387 6376 DEBUG s[244.94473956 124.9206614 ], s_hat_ALS [244.97238054488872, 124.89307920243488]
2025-01-23 13:28:05,388 6376 DEBUG Simulating with (30, 30, 30), rep 61
2025-01-23 13:28:05,406 4080 DEBUG s[89.28620604 72.49462171], s_hat_ALS [89.28621021392377, 72.49459303651712]
2025-01-23 13:28:05,406 4080 DEBUG Simulating with (20, 20, 20), rep 132
2025-01-23 13:28:05,411 15332 DEBUG s[109.51865577  59.1883426 ], s_hat_ALS [109.52193149847297, 59.18479340238947]
2025-01-23 13:28:05,411 15332 DEBUG Simulating with (20, 20, 20), rep 85
2025-01-23 13:28:05,414 3436 DEBUG s[154.57952842 149.76439863], s_hat_ALS [154.64661365013876, 149.69594968389924]
2025-01-23 13:28:05,414 3436 DEBUG Simulating with (20, 20, 20), rep 107
2025-01-23 13:28:05,425 18708 DEBUG s[136.51861305 112.01831543], s_hat_ALS [136.5213268538641, 112.01551154122211]
2025-01-23 13:28:05,425 18708 DEBUG Simulating with (20, 20, 20), rep 57
2025-01-23 13:28:05,426 8928 DEBUG s[223.17008453 172.3374443 ], s_hat_ALS [223.17033533874076, 172.3374918389749]
2025-01-23 13:28:05,426 8928 DEBUG Simulating with (30, 30, 30), rep 2
2025-01-23 13:28:05,432 3068 DEBUG s[193.94532271 136.44916384], s_hat_ALS [193.95587208162152, 136.43753161999518]
2025-01-23 13:28:05,432 3068 DEBUG Simulating with (30, 30, 30), rep 39
2025-01-23 13:28:05,445 4080 DEBUG s[172.53358539 112.95266102], s_hat_ALS [172.53011326195968, 112.94912046432385]
2025-01-23 13:28:05,446 4080 DEBUG Simulating with (20, 20, 20), rep 133
2025-01-23 13:28:05,458 18708 DEBUG s[98.0537595  82.04059722], s_hat_ALS [98.05120452257673, 82.03924180903017]
2025-01-23 13:28:05,459 18708 DEBUG Simulating with (20, 20, 20), rep 58
2025-01-23 13:28:05,470 6376 DEBUG s[216.79054458 184.19282272], s_hat_ALS [216.790127936942, 184.1922898969831]
2025-01-23 13:28:05,470 6376 DEBUG Simulating with (30, 30, 30), rep 62
2025-01-23 13:28:05,473 15332 DEBUG s[217.59529354  81.97709703], s_hat_ALS [217.58770843156947, 81.9581499151895]
2025-01-23 13:28:05,473 3436 DEBUG s[128.07677403  93.06893699], s_hat_ALS [128.08301418800377, 93.06198033605446]
2025-01-23 13:28:05,473 15332 DEBUG Simulating with (20, 20, 20), rep 86
2025-01-23 13:28:05,473 3436 DEBUG Simulating with (20, 20, 20), rep 108
2025-01-23 13:28:05,480 15012 DEBUG s[204.699233   163.61558985], s_hat_ALS [204.69566750940953, 163.61196018162582]
2025-01-23 13:28:05,480 15012 DEBUG Simulating with (30, 30, 30), rep 21
2025-01-23 13:28:05,482 4080 DEBUG s[173.27564158  63.15699004], s_hat_ALS [173.27553608570315, 63.15551618209938]
2025-01-23 13:28:05,482 4080 DEBUG Simulating with (20, 20, 20), rep 134
2025-01-23 13:28:05,496 15332 DEBUG s[109.2248083   53.55625049], s_hat_ALS [109.2242402610847, 53.556040608347836]
2025-01-23 13:28:05,497 15332 DEBUG Simulating with (20, 20, 20), rep 87
2025-01-23 13:28:05,507 3436 DEBUG s[89.41216426 67.86189387], s_hat_ALS [89.41219494582472, 67.8612235628173]
2025-01-23 13:28:05,507 3436 DEBUG Simulating with (20, 20, 20), rep 109
2025-01-23 13:28:05,509 18708 DEBUG s[88.32635069 68.30650021], s_hat_ALS [88.32724828507168, 68.3055589728687]
2025-01-23 13:28:05,509 18708 DEBUG Simulating with (20, 20, 20), rep 59
2025-01-23 13:28:05,525 3068 DEBUG s[167.55644034 162.52569485], s_hat_ALS [167.5555331029952, 162.52481901850962]
2025-01-23 13:28:05,526 3068 DEBUG Simulating with (30, 30, 30), rep 40
2025-01-23 13:28:05,528 4080 DEBUG s[114.81845808  94.32925556], s_hat_ALS [114.81999522392265, 94.32650964758744]
2025-01-23 13:28:05,528 4080 DEBUG Simulating with (20, 20, 20), rep 135
2025-01-23 13:28:05,531 3436 DEBUG s[314.28610291  99.56243625], s_hat_ALS [314.28605179773587, 99.56237276427325]
2025-01-23 13:28:05,532 3436 DEBUG Simulating with (20, 20, 20), rep 110
2025-01-23 13:28:05,537 15012 DEBUG s[391.05538316 147.18362155], s_hat_ALS [391.0553926043791, 147.18361491095985]
2025-01-23 13:28:05,537 15012 DEBUG Simulating with (30, 30, 30), rep 22
2025-01-23 13:28:05,538 8928 DEBUG s[146.20142124 144.65094061], s_hat_ALS [146.18776431661112, 144.63662064491456]
2025-01-23 13:28:05,539 8928 DEBUG Simulating with (30, 30, 30), rep 3
2025-01-23 13:28:05,542 15332 DEBUG s[254.0406715   91.86984848], s_hat_ALS [254.0519903570762, 91.8550525003719]
2025-01-23 13:28:05,542 15332 DEBUG Simulating with (20, 20, 20), rep 88
2025-01-23 13:28:05,551 18708 DEBUG s[139.15129594  57.59210014], s_hat_ALS [139.15368620017816, 57.589689359341925]
2025-01-23 13:28:05,551 18708 DEBUG Simulating with (20, 20, 20), rep 60
2025-01-23 13:28:05,568 6376 DEBUG s[268.72344312 140.48295358], s_hat_ALS [268.72558735398735, 140.48063393690447]
2025-01-23 13:28:05,568 6376 DEBUG Simulating with (30, 30, 30), rep 63
2025-01-23 13:28:05,568 15332 DEBUG s[168.72779297  82.26196182], s_hat_ALS [168.7349302670563, 82.25193000566838]
2025-01-23 13:28:05,569 15332 DEBUG Simulating with (20, 20, 20), rep 89
2025-01-23 13:28:05,585 4080 DEBUG s[286.41610642 118.08747276], s_hat_ALS [286.40451537552843, 118.0758751499778]
2025-01-23 13:28:05,586 4080 DEBUG Simulating with (20, 20, 20), rep 136
2025-01-23 13:28:05,587 18708 DEBUG s[85.72484135 48.39657555], s_hat_ALS [85.72459376553772, 48.396479794818895]
2025-01-23 13:28:05,587 3436 DEBUG s[250.90798418  84.21294507], s_hat_ALS [250.91126951122624, 84.20585140773187]
2025-01-23 13:28:05,587 18708 DEBUG Simulating with (20, 20, 20), rep 61
2025-01-23 13:28:05,588 3436 DEBUG Simulating with (20, 20, 20), rep 111
2025-01-23 13:28:05,609 3068 DEBUG s[185.00087463 142.73261044], s_hat_ALS [185.0017504195366, 142.7318275820705]
2025-01-23 13:28:05,609 3068 DEBUG Simulating with (30, 30, 30), rep 41
2025-01-23 13:28:05,610 15012 DEBUG s[189.01528149 116.18581166], s_hat_ALS [189.01257183040104, 116.1856991056389]
2025-01-23 13:28:05,610 15012 DEBUG Simulating with (30, 30, 30), rep 23
2025-01-23 13:28:05,628 15332 DEBUG s[55.54246986 50.42905352], s_hat_ALS [55.546617258201124, 50.42490294120688]
2025-01-23 13:28:05,630 15332 DEBUG Simulating with (30, 30, 30), rep 84
2025-01-23 13:28:05,639 8928 DEBUG s[163.33319553 155.71677602], s_hat_ALS [163.33324288187617, 155.7167251392532]
2025-01-23 13:28:05,640 8928 DEBUG Simulating with (30, 30, 30), rep 4
2025-01-23 13:28:05,644 3436 DEBUG s[46.56132649 43.97681424], s_hat_ALS [46.563728676006626, 43.97406040947787]
2025-01-23 13:28:05,644 3436 DEBUG Simulating with (20, 20, 20), rep 112
2025-01-23 13:28:05,654 4080 DEBUG s[180.22977142  75.91899493], s_hat_ALS [180.21035572458885, 75.89009510680262]
2025-01-23 13:28:05,654 4080 DEBUG Simulating with (20, 20, 20), rep 137
2025-01-23 13:28:05,660 3068 DEBUG s[530.56976733 176.37205384], s_hat_ALS [530.5733494723194, 176.3688253860611]
2025-01-23 13:28:05,661 3068 DEBUG Simulating with (30, 30, 30), rep 42
2025-01-23 13:28:05,677 6376 DEBUG s[351.62592793 198.40580004], s_hat_ALS [351.61724112535853, 198.39763459678957]
2025-01-23 13:28:05,678 6376 DEBUG Simulating with (30, 30, 30), rep 64
2025-01-23 13:28:05,682 4080 DEBUG s[123.45144134 112.29354291], s_hat_ALS [123.45186940923197, 112.29288182022508]
2025-01-23 13:28:05,685 4080 DEBUG Simulating with (30, 30, 30), rep 108
2025-01-23 13:28:05,689 18708 DEBUG s[143.08947397  85.18497215], s_hat_ALS [143.1846494457427, 85.0893863994488]
2025-01-23 13:28:05,689 18708 DEBUG Simulating with (20, 20, 20), rep 62
2025-01-23 13:28:05,693 8928 DEBUG s[191.99959297 127.61570116], s_hat_ALS [191.99959584298807, 127.6156834053349]
2025-01-23 13:28:05,693 8928 DEBUG Simulating with (30, 30, 30), rep 5
2025-01-23 13:28:05,704 15332 DEBUG s[213.01390955 156.44976014], s_hat_ALS [213.0127891657786, 156.44960651137632]
2025-01-23 13:28:05,704 15332 DEBUG Simulating with (30, 30, 30), rep 85
2025-01-23 13:28:05,718 3436 DEBUG s[207.79149677  81.33939671], s_hat_ALS [207.75261078432547, 81.28395795771256]
2025-01-23 13:28:05,718 3436 DEBUG Simulating with (20, 20, 20), rep 113
2025-01-23 13:28:05,725 18708 DEBUG s[180.89220112  54.69790888], s_hat_ALS [180.8921077807658, 54.6977976236779]
2025-01-23 13:28:05,725 18708 DEBUG Simulating with (20, 20, 20), rep 63
2025-01-23 13:28:05,730 15012 DEBUG s[205.82300137 173.65484922], s_hat_ALS [205.82577137221247, 173.65589145256607]
2025-01-23 13:28:05,730 15012 DEBUG Simulating with (30, 30, 30), rep 24
2025-01-23 13:28:05,743 3068 DEBUG s[144.39091211 140.9539126 ], s_hat_ALS [144.39076572809623, 140.95349978857476]
2025-01-23 13:28:05,743 3068 DEBUG Simulating with (30, 30, 30), rep 43
2025-01-23 13:28:05,750 6376 DEBUG s[248.95120217 176.79316235], s_hat_ALS [248.94729167319232, 176.79442998809847]
2025-01-23 13:28:05,751 6376 DEBUG Simulating with (30, 30, 30), rep 65
2025-01-23 13:28:05,757 4080 DEBUG s[306.01038168 172.23123361], s_hat_ALS [306.01039939213143, 172.23121007916146]
2025-01-23 13:28:05,757 4080 DEBUG Simulating with (30, 30, 30), rep 109
2025-01-23 13:28:05,760 15332 DEBUG s[206.69412145 168.49393963], s_hat_ALS [206.69412703849866, 168.49393388011026]
2025-01-23 13:28:05,760 15332 DEBUG Simulating with (30, 30, 30), rep 86
2025-01-23 13:28:05,764 8928 DEBUG s[194.50718422 141.96318036], s_hat_ALS [194.50583481371123, 141.96298891762416]
2025-01-23 13:28:05,764 8928 DEBUG Simulating with (30, 30, 30), rep 6
2025-01-23 13:28:05,793 3436 DEBUG s[109.68058349 104.22920196], s_hat_ALS [109.65144867633285, 104.19954638987548]
2025-01-23 13:28:05,794 18708 DEBUG s[176.57932118  91.81457658], s_hat_ALS [176.55505428202187, 91.78849416677377]
2025-01-23 13:28:05,794 18708 DEBUG Simulating with (20, 20, 20), rep 64
2025-01-23 13:28:05,795 3436 DEBUG Simulating with (30, 30, 30), rep 132
2025-01-23 13:28:05,812 15012 DEBUG s[218.61402624 101.6002804 ], s_hat_ALS [218.61320681904175, 101.60027268662134]
2025-01-23 13:28:05,812 15012 DEBUG Simulating with (30, 30, 30), rep 25
2025-01-23 13:28:05,828 18708 DEBUG s[156.16234843 117.95378208], s_hat_ALS [156.16218643842976, 117.95355525468167]
2025-01-23 13:28:05,828 18708 DEBUG Simulating with (20, 20, 20), rep 65
2025-01-23 13:28:05,843 8928 DEBUG s[427.77501226 157.94563333], s_hat_ALS [427.77519810067173, 157.94543369352684]
2025-01-23 13:28:05,844 8928 DEBUG Simulating with (30, 30, 30), rep 7
2025-01-23 13:28:05,870 18708 DEBUG s[130.67268661  97.05503044], s_hat_ALS [130.67250824997691, 97.05501121626236]
2025-01-23 13:28:05,872 18708 DEBUG Simulating with (40, 40, 40), rep 6
2025-01-23 13:28:05,872 3068 DEBUG s[187.66939531 155.1874604 ], s_hat_ALS [187.673197729597, 155.18382986281955]
2025-01-23 13:28:05,873 3068 DEBUG Simulating with (30, 30, 30), rep 44
2025-01-23 13:28:05,874 6376 DEBUG s[274.47593307 248.5564322 ], s_hat_ALS [274.48661790961256, 248.55381409839217]
2025-01-23 13:28:05,874 6376 DEBUG Simulating with (30, 30, 30), rep 66
2025-01-23 13:28:05,879 3436 DEBUG s[258.33311468 176.23402505], s_hat_ALS [258.33136782480494, 176.23316639323733]
2025-01-23 13:28:05,880 3436 DEBUG Simulating with (30, 30, 30), rep 133
2025-01-23 13:28:05,893 4080 DEBUG s[213.73536833 181.4691074 ], s_hat_ALS [213.73888665512484, 181.46549304656912]
2025-01-23 13:28:05,894 4080 DEBUG Simulating with (30, 30, 30), rep 110
2025-01-23 13:28:05,910 15012 DEBUG s[232.79783087 149.62444531], s_hat_ALS [232.7982314492066, 149.6240523175988]
2025-01-23 13:28:05,910 15012 DEBUG Simulating with (30, 30, 30), rep 26
2025-01-23 13:28:05,910 15332 DEBUG s[300.31642034 135.84157691], s_hat_ALS [300.3398567713874, 135.81792693438103]
2025-01-23 13:28:05,911 15332 DEBUG Simulating with (30, 30, 30), rep 87
2025-01-23 13:28:05,951 3068 DEBUG s[257.31886841 182.29047882], s_hat_ALS [257.3191577997358, 182.2902685332599]
2025-01-23 13:28:05,951 3068 DEBUG Simulating with (30, 30, 30), rep 45
2025-01-23 13:28:05,972 3436 DEBUG s[147.04690825 128.00907249], s_hat_ALS [147.04747200699416, 128.00827382996465]
2025-01-23 13:28:05,973 3436 DEBUG Simulating with (30, 30, 30), rep 134
2025-01-23 13:28:05,978 8928 DEBUG s[180.9757238  128.37348672], s_hat_ALS [180.98177059304254, 128.36783236153758]
2025-01-23 13:28:05,979 8928 DEBUG Simulating with (30, 30, 30), rep 8
2025-01-23 13:28:05,985 6376 DEBUG s[453.10397285 214.88543501], s_hat_ALS [453.1037834950796, 214.88473225544902]
2025-01-23 13:28:05,985 6376 DEBUG Simulating with (30, 30, 30), rep 67
2025-01-23 13:28:05,987 4080 DEBUG s[256.42930751 164.03204081], s_hat_ALS [256.42894923135265, 164.0321254315573]
2025-01-23 13:28:05,988 4080 DEBUG Simulating with (30, 30, 30), rep 111
2025-01-23 13:28:05,999 15012 DEBUG s[277.65927357 195.83193152], s_hat_ALS [277.6594118677318, 195.83179828603028]
2025-01-23 13:28:05,999 15012 DEBUG Simulating with (30, 30, 30), rep 27
2025-01-23 13:28:06,002 15332 DEBUG s[376.38209266 189.20830743], s_hat_ALS [376.38171266993555, 189.20745421824822]
2025-01-23 13:28:06,003 15332 DEBUG Simulating with (30, 30, 30), rep 88
2025-01-23 13:28:06,059 3068 DEBUG s[250.03795811 199.53100596], s_hat_ALS [250.03550007473365, 199.52502547269114]
2025-01-23 13:28:06,060 3068 DEBUG Simulating with (30, 30, 30), rep 46
2025-01-23 13:28:06,080 8928 DEBUG s[434.09146141 151.95791896], s_hat_ALS [434.0937308167063, 151.95582694058766]
2025-01-23 13:28:06,080 8928 DEBUG Simulating with (30, 30, 30), rep 9
2025-01-23 13:28:06,085 18708 DEBUG s[487.58307542 282.07693967], s_hat_ALS [487.57581809540443, 282.06851822300496]
2025-01-23 13:28:06,085 18708 DEBUG Simulating with (40, 40, 40), rep 7
2025-01-23 13:28:06,087 3436 DEBUG s[347.54993225 154.68739568], s_hat_ALS [347.54850859485344, 154.68411273638029]
2025-01-23 13:28:06,088 3436 DEBUG Simulating with (30, 30, 30), rep 135
2025-01-23 13:28:06,096 4080 DEBUG s[291.71991081 267.14901671], s_hat_ALS [291.7203846801407, 267.1487434369413]
2025-01-23 13:28:06,096 4080 DEBUG Simulating with (30, 30, 30), rep 112
2025-01-23 13:28:06,099 15012 DEBUG s[243.673866   180.02753593], s_hat_ALS [243.67572127834185, 180.0254517473668]
2025-01-23 13:28:06,099 15012 DEBUG Simulating with (30, 30, 30), rep 28
2025-01-23 13:28:06,154 15332 DEBUG s[297.23256003 212.31206265], s_hat_ALS [297.2376238131467, 212.30692529617144]
2025-01-23 13:28:06,155 15332 DEBUG Simulating with (30, 30, 30), rep 89
2025-01-23 13:28:06,158 8928 DEBUG s[180.69063984 108.83251969], s_hat_ALS [180.69061133547558, 108.8325081747356]
2025-01-23 13:28:06,159 8928 DEBUG Simulating with (30, 30, 30), rep 10
2025-01-23 13:28:06,174 3436 DEBUG s[242.53478175 230.48855689], s_hat_ALS [242.53481397483506, 230.48852010051925]
2025-01-23 13:28:06,175 3436 DEBUG Simulating with (30, 30, 30), rep 136
2025-01-23 13:28:06,176 15012 DEBUG s[169.36392758 125.43641616], s_hat_ALS [169.36380045682742, 125.43630733497444]
2025-01-23 13:28:06,177 15012 DEBUG Simulating with (30, 30, 30), rep 29
2025-01-23 13:28:06,187 3068 DEBUG s[413.54424639 214.23372982], s_hat_ALS [413.5464344164254, 214.23152182558923]
2025-01-23 13:28:06,188 3068 DEBUG Simulating with (30, 30, 30), rep 47
2025-01-23 13:28:06,210 6376 DEBUG s[258.83453629 236.4879218 ], s_hat_ALS [258.79250676003886, 236.44166753546725]
2025-01-23 13:28:06,211 6376 DEBUG Simulating with (30, 30, 30), rep 68
2025-01-23 13:28:06,220 4080 DEBUG s[386.98096281 162.97237808], s_hat_ALS [386.9798123662002, 162.96698212241165]
2025-01-23 13:28:06,220 4080 DEBUG Simulating with (30, 30, 30), rep 113
2025-01-23 13:28:06,246 15332 DEBUG s[249.98202758 139.54323513], s_hat_ALS [249.98320901925433, 139.5415311221421]
2025-01-23 13:28:06,247 15332 DEBUG Simulating with (30, 30, 30), rep 90
2025-01-23 13:28:06,257 3068 DEBUG s[165.66495993 122.15533624], s_hat_ALS [165.66533436671767, 122.15371607611614]
2025-01-23 13:28:06,258 3068 DEBUG Simulating with (30, 30, 30), rep 48
2025-01-23 13:28:06,262 15012 DEBUG s[369.85116371 146.77790125], s_hat_ALS [369.85113332063895, 146.7774698972355]
2025-01-23 13:28:06,263 15012 DEBUG Simulating with (30, 30, 30), rep 30
2025-01-23 13:28:06,268 3436 DEBUG s[339.91242799 164.81846127], s_hat_ALS [339.91181317440675, 164.81736466318117]
2025-01-23 13:28:06,269 3436 DEBUG Simulating with (30, 30, 30), rep 137
2025-01-23 13:28:06,277 8928 DEBUG s[224.96616814  99.59697043], s_hat_ALS [224.9708497350366, 99.59189125703986]
2025-01-23 13:28:06,278 8928 DEBUG Simulating with (30, 30, 30), rep 11
2025-01-23 13:28:06,290 6376 DEBUG s[307.83591323 152.51064229], s_hat_ALS [307.83602500152193, 152.51054271278343]
2025-01-23 13:28:06,291 6376 DEBUG Simulating with (30, 30, 30), rep 69
2025-01-23 13:28:06,305 15332 DEBUG s[250.79250002  83.52059265], s_hat_ALS [250.79247695902538, 83.52051182402205]
2025-01-23 13:28:06,305 15332 DEBUG Simulating with (30, 30, 30), rep 91
2025-01-23 13:28:06,315 18708 DEBUG s[510.78733412 371.83877496], s_hat_ALS [510.78360567886284, 371.8344880035289]
2025-01-23 13:28:06,316 18708 DEBUG Simulating with (40, 40, 40), rep 8
2025-01-23 13:28:06,319 3068 DEBUG s[339.94928164 161.13941843], s_hat_ALS [339.94940483664396, 161.13935799052604]
2025-01-23 13:28:06,319 3068 DEBUG Simulating with (30, 30, 30), rep 49
2025-01-23 13:28:06,350 4080 DEBUG s[223.47256712 119.87317686], s_hat_ALS [223.48792437872265, 119.85921615917336]
2025-01-23 13:28:06,351 4080 DEBUG Simulating with (30, 30, 30), rep 114
2025-01-23 13:28:06,365 6376 DEBUG s[182.18463251 136.83851386], s_hat_ALS [182.18455166507437, 136.83837608579077]
2025-01-23 13:28:06,365 6376 DEBUG Simulating with (30, 30, 30), rep 70
2025-01-23 13:28:06,369 15012 DEBUG s[302.82622793 205.9644707 ], s_hat_ALS [302.83020865090106, 205.95916671151093]
2025-01-23 13:28:06,370 15012 DEBUG Simulating with (30, 30, 30), rep 31
2025-01-23 13:28:06,373 3436 DEBUG s[320.51338391 200.15197708], s_hat_ALS [320.52116923684247, 200.14402616886383]
2025-01-23 13:28:06,374 3436 DEBUG Simulating with (30, 30, 30), rep 138
2025-01-23 13:28:06,376 8928 DEBUG s[172.57095551 145.89159874], s_hat_ALS [172.5708080751215, 145.8913855253395]
2025-01-23 13:28:06,378 8928 DEBUG Simulating with (40, 40, 40), rep 30
2025-01-23 13:28:06,431 3068 DEBUG s[298.92045527 201.13826078], s_hat_ALS [298.92436428962986, 201.13439770722007]
2025-01-23 13:28:06,431 3068 DEBUG Simulating with (30, 30, 30), rep 50
2025-01-23 13:28:06,457 4080 DEBUG s[305.38818206 210.05384897], s_hat_ALS [305.38860927893944, 210.05342642636214]
2025-01-23 13:28:06,457 4080 DEBUG Simulating with (30, 30, 30), rep 115
2025-01-23 13:28:06,458 6376 DEBUG s[377.91664447 226.71883572], s_hat_ALS [377.90043548792056, 226.70204839572722]
2025-01-23 13:28:06,459 6376 DEBUG Simulating with (30, 30, 30), rep 71
2025-01-23 13:28:06,478 15012 DEBUG s[203.57393916 160.90419322], s_hat_ALS [203.58972660517307, 160.9177478136496]
2025-01-23 13:28:06,479 15012 DEBUG Simulating with (30, 30, 30), rep 32
2025-01-23 13:28:06,480 3436 DEBUG s[292.72671636 199.16166991], s_hat_ALS [292.7270530140496, 199.16133951895299]
2025-01-23 13:28:06,480 3436 DEBUG Simulating with (30, 30, 30), rep 139
2025-01-23 13:28:06,489 18708 DEBUG s[377.30891504 332.89124197], s_hat_ALS [377.3084551274826, 332.8907917561224]
2025-01-23 13:28:06,489 18708 DEBUG Simulating with (40, 40, 40), rep 9
2025-01-23 13:28:06,500 6376 DEBUG s[253.00736973 152.06591165], s_hat_ALS [253.0073697350333, 152.06591164689684]
2025-01-23 13:28:06,500 6376 DEBUG Simulating with (30, 30, 30), rep 72
2025-01-23 13:28:06,530 8928 DEBUG s[421.43921997 247.82556775], s_hat_ALS [421.4355602394784, 247.8265677081504]
2025-01-23 13:28:06,530 8928 DEBUG Simulating with (40, 40, 40), rep 31
2025-01-23 13:28:06,533 15332 DEBUG s[186.8090517  180.35674574], s_hat_ALS [186.8272164530447, 180.33848589617878]
2025-01-23 13:28:06,534 15332 DEBUG Simulating with (30, 30, 30), rep 92
2025-01-23 13:28:06,540 4080 DEBUG s[167.90784417 112.79605393], s_hat_ALS [167.90713359917942, 112.79557186040792]
2025-01-23 13:28:06,540 4080 DEBUG Simulating with (30, 30, 30), rep 116
2025-01-23 13:28:06,553 3436 DEBUG s[187.57207314 153.2120876 ], s_hat_ALS [187.5721896768738, 153.2119401159374]
2025-01-23 13:28:06,554 3436 DEBUG Simulating with (30, 30, 30), rep 140
2025-01-23 13:28:06,594 3068 DEBUG s[254.2289067  171.98463303], s_hat_ALS [254.23464851527325, 171.9788110503226]
2025-01-23 13:28:06,595 3068 DEBUG Simulating with (30, 30, 30), rep 51
2025-01-23 13:28:06,617 15012 DEBUG s[226.4643681  198.30521363], s_hat_ALS [226.46272379998672, 198.30315166033557]
2025-01-23 13:28:06,618 15012 DEBUG Simulating with (30, 30, 30), rep 33
2025-01-23 13:28:06,623 15332 DEBUG s[214.93139256 207.01186221], s_hat_ALS [214.93138643571913, 207.01173330294526]
2025-01-23 13:28:06,623 15332 DEBUG Simulating with (30, 30, 30), rep 93
2025-01-23 13:28:06,640 8928 DEBUG s[304.87838443 243.31527395], s_hat_ALS [304.87837523102894, 243.31527164609392]
2025-01-23 13:28:06,640 8928 DEBUG Simulating with (40, 40, 40), rep 32
2025-01-23 13:28:06,641 4080 DEBUG s[333.53731293 186.91040263], s_hat_ALS [333.5375559727036, 186.9100991393042]
2025-01-23 13:28:06,642 4080 DEBUG Simulating with (30, 30, 30), rep 117
2025-01-23 13:28:06,644 3436 DEBUG s[283.74776383 131.81119421], s_hat_ALS [283.7472048240168, 131.81143578966308]
2025-01-23 13:28:06,644 3436 DEBUG Simulating with (30, 30, 30), rep 141
2025-01-23 13:28:06,646 6376 DEBUG s[276.28556699 199.92294801], s_hat_ALS [276.2799394774597, 199.9076332423794]
2025-01-23 13:28:06,646 6376 DEBUG Simulating with (30, 30, 30), rep 73
2025-01-23 13:28:06,707 18708 DEBUG s[566.51834567 292.43926207], s_hat_ALS [566.5196314109975, 292.43813136598015]
2025-01-23 13:28:06,708 18708 DEBUG Simulating with (40, 40, 40), rep 10
2025-01-23 13:28:06,730 15012 DEBUG s[285.3096686  205.87483251], s_hat_ALS [285.3098025941232, 205.8746792815161]
2025-01-23 13:28:06,731 15012 DEBUG Simulating with (30, 30, 30), rep 34
2025-01-23 13:28:06,760 6376 DEBUG s[316.7264569  169.70953591], s_hat_ALS [316.7270740708449, 169.70905033042027]
2025-01-23 13:28:06,760 6376 DEBUG Simulating with (30, 30, 30), rep 74
2025-01-23 13:28:06,760 4080 DEBUG s[202.34887794 158.7456582 ], s_hat_ALS [202.3493052456582, 158.7452623065419]
2025-01-23 13:28:06,761 4080 DEBUG Simulating with (30, 30, 30), rep 118
2025-01-23 13:28:06,761 3436 DEBUG s[184.94804016 154.3307901 ], s_hat_ALS [184.9499404654452, 154.3316095030958]
2025-01-23 13:28:06,761 3436 DEBUG Simulating with (30, 30, 30), rep 142
2025-01-23 13:28:06,797 15332 DEBUG s[212.83983967 179.71717714], s_hat_ALS [212.848688939328, 179.70906298185415]
2025-01-23 13:28:06,798 15332 DEBUG Simulating with (30, 30, 30), rep 94
2025-01-23 13:28:06,804 3068 DEBUG s[293.82848251 234.81121427], s_hat_ALS [293.8381154377951, 234.80094009442374]
2025-01-23 13:28:06,805 3068 DEBUG Simulating with (30, 30, 30), rep 52
2025-01-23 13:28:06,807 15012 DEBUG s[263.45701347 161.82560625], s_hat_ALS [263.45701137200393, 161.82559090562154]
2025-01-23 13:28:06,807 15012 DEBUG Simulating with (30, 30, 30), rep 35
2025-01-23 13:28:06,822 3436 DEBUG s[397.66798974 145.0316167 ], s_hat_ALS [397.66799292118736, 145.0316132523967]
2025-01-23 13:28:06,822 3436 DEBUG Simulating with (30, 30, 30), rep 143
2025-01-23 13:28:06,824 8928 DEBUG s[448.5144427  314.01737615], s_hat_ALS [448.5151438555252, 314.0164568153875]
2025-01-23 13:28:06,825 8928 DEBUG Simulating with (40, 40, 40), rep 33
2025-01-23 13:28:06,862 18708 DEBUG s[317.62326831 262.80133467], s_hat_ALS [317.62326892283033, 262.8013289461059]
2025-01-23 13:28:06,863 18708 DEBUG Simulating with (40, 40, 40), rep 11
2025-01-23 13:28:06,883 6376 DEBUG s[151.68968175 136.34791797], s_hat_ALS [151.6920902336429, 136.34660884218098]
2025-01-23 13:28:06,884 6376 DEBUG Simulating with (30, 30, 30), rep 75
2025-01-23 13:28:06,893 3436 DEBUG s[282.76198318 160.2318288 ], s_hat_ALS [282.7620278655631, 160.2317514970803]
2025-01-23 13:28:06,893 4080 DEBUG s[251.56936458 196.50529047], s_hat_ALS [251.57060273606194, 196.5040731454325]
2025-01-23 13:28:06,893 3436 DEBUG Simulating with (30, 30, 30), rep 144
2025-01-23 13:28:06,893 4080 DEBUG Simulating with (30, 30, 30), rep 119
2025-01-23 13:28:06,893 15332 DEBUG s[458.99809941 140.22030307], s_hat_ALS [458.9990679725184, 140.21942056305372]
2025-01-23 13:28:06,894 15332 DEBUG Simulating with (30, 30, 30), rep 95
2025-01-23 13:28:06,934 15012 DEBUG s[326.47273033 138.06824646], s_hat_ALS [326.4660234791981, 138.06186166139506]
2025-01-23 13:28:06,936 15012 DEBUG Simulating with (40, 40, 40), rep 54
2025-01-23 13:28:06,960 3068 DEBUG s[413.83745475 143.95321086], s_hat_ALS [413.8464213585439, 143.94417315461877]
2025-01-23 13:28:06,961 3068 DEBUG Simulating with (30, 30, 30), rep 53
2025-01-23 13:28:06,998 6376 DEBUG s[264.8739319  117.96224983], s_hat_ALS [264.8721754333916, 117.96018616881332]
2025-01-23 13:28:06,998 6376 DEBUG Simulating with (30, 30, 30), rep 76
2025-01-23 13:28:07,041 8928 DEBUG s[385.34284939 348.79139946], s_hat_ALS [385.3431462093922, 348.7910588880836]
2025-01-23 13:28:07,042 8928 DEBUG Simulating with (40, 40, 40), rep 34
2025-01-23 13:28:07,051 3436 DEBUG s[179.51079826 139.91023698], s_hat_ALS [179.51958545516248, 139.90165153893705]
2025-01-23 13:28:07,052 3436 DEBUG Simulating with (30, 30, 30), rep 145
2025-01-23 13:28:07,076 15332 DEBUG s[364.34652838 217.29858618], s_hat_ALS [364.35536446811705, 217.2917764250186]
2025-01-23 13:28:07,076 15332 DEBUG Simulating with (30, 30, 30), rep 96
2025-01-23 13:28:07,084 3068 DEBUG s[189.86169403 158.06753161], s_hat_ALS [189.86251563560612, 158.0667968135057]
2025-01-23 13:28:07,085 3068 DEBUG Simulating with (30, 30, 30), rep 54
2025-01-23 13:28:07,087 4080 DEBUG s[183.16382992 167.65953419], s_hat_ALS [183.17112148885104, 167.6519289364392]
2025-01-23 13:28:07,087 4080 DEBUG Simulating with (30, 30, 30), rep 120
2025-01-23 13:28:07,089 15012 DEBUG s[281.12183293 215.61409121], s_hat_ALS [281.12182250081486, 215.61408836986578]
2025-01-23 13:28:07,089 15012 DEBUG Simulating with (40, 40, 40), rep 55
2025-01-23 13:28:07,154 18708 DEBUG s[269.17506417 219.31518084], s_hat_ALS [269.1758405321445, 219.31436754347493]
2025-01-23 13:28:07,155 18708 DEBUG Simulating with (40, 40, 40), rep 12
2025-01-23 13:28:07,156 6376 DEBUG s[319.1364816  125.61596798], s_hat_ALS [319.13715401682697, 125.60585641281435]
2025-01-23 13:28:07,156 6376 DEBUG Simulating with (30, 30, 30), rep 77
2025-01-23 13:28:07,168 4080 DEBUG s[305.82391725 150.8938752 ], s_hat_ALS [305.8230048575233, 150.8925852739628]
2025-01-23 13:28:07,169 4080 DEBUG Simulating with (30, 30, 30), rep 121
2025-01-23 13:28:07,199 15332 DEBUG s[246.57455497 179.9685625 ], s_hat_ALS [246.5736131783914, 179.96767531473378]
2025-01-23 13:28:07,200 15332 DEBUG Simulating with (30, 30, 30), rep 97
2025-01-23 13:28:07,210 3436 DEBUG s[282.09571137 133.84621533], s_hat_ALS [282.1009825205479, 133.84116457267814]
2025-01-23 13:28:07,211 3436 DEBUG Simulating with (30, 30, 30), rep 146
2025-01-23 13:28:07,243 3068 DEBUG s[172.0100313  150.84133522], s_hat_ALS [172.00555795395772, 150.83725402077303]
2025-01-23 13:28:07,244 3068 DEBUG Simulating with (30, 30, 30), rep 55
2025-01-23 13:28:07,270 8928 DEBUG s[643.036295   354.19523282], s_hat_ALS [643.0383687560147, 354.1911904015598]
2025-01-23 13:28:07,270 8928 DEBUG Simulating with (40, 40, 40), rep 35
2025-01-23 13:28:07,322 15332 DEBUG s[351.05700676 208.58174714], s_hat_ALS [351.05719708804213, 208.5815426360406]
2025-01-23 13:28:07,323 15332 DEBUG Simulating with (30, 30, 30), rep 98
2025-01-23 13:28:07,333 6376 DEBUG s[242.6997573  131.90349207], s_hat_ALS [242.7040798542012, 131.89917534403108]
2025-01-23 13:28:07,333 6376 DEBUG Simulating with (30, 30, 30), rep 78
2025-01-23 13:28:07,344 18708 DEBUG s[507.79621543 248.27037905], s_hat_ALS [507.7965039690603, 248.26989808948812]
2025-01-23 13:28:07,344 18708 DEBUG Simulating with (40, 40, 40), rep 13
2025-01-23 13:28:07,405 4080 DEBUG s[202.382826   199.69051662], s_hat_ALS [202.38467085812803, 199.68870175914765]
2025-01-23 13:28:07,405 4080 DEBUG Simulating with (30, 30, 30), rep 122
2025-01-23 13:28:07,432 3068 DEBUG s[220.64655677  96.33023654], s_hat_ALS [220.6577525898447, 96.31976771394933]
2025-01-23 13:28:07,433 3068 DEBUG Simulating with (30, 30, 30), rep 56
2025-01-23 13:28:07,441 6376 DEBUG s[153.86715546 121.2473482 ], s_hat_ALS [153.8672581080306, 121.24724700645775]
2025-01-23 13:28:07,441 6376 DEBUG Simulating with (30, 30, 30), rep 79
2025-01-23 13:28:07,445 3436 DEBUG s[218.36320366 213.05261877], s_hat_ALS [218.35670257765162, 213.04607651225322]
2025-01-23 13:28:07,446 3436 DEBUG Simulating with (30, 30, 30), rep 147
2025-01-23 13:28:07,494 15332 DEBUG s[337.39921198 274.80909029], s_hat_ALS [337.3957358759998, 274.805126187857]
2025-01-23 13:28:07,495 15332 DEBUG Simulating with (30, 30, 30), rep 99
2025-01-23 13:28:07,512 15012 DEBUG s[387.27879716 371.50130322], s_hat_ALS [387.28603219885133, 371.49381478056546]
2025-01-23 13:28:07,513 15012 DEBUG Simulating with (40, 40, 40), rep 56
2025-01-23 13:28:07,563 8928 DEBUG s[383.55097337 376.48586893], s_hat_ALS [383.5465102289977, 376.480608614046]
2025-01-23 13:28:07,564 8928 DEBUG Simulating with (40, 40, 40), rep 36
2025-01-23 13:28:07,575 3068 DEBUG s[263.74105159 216.3347162 ], s_hat_ALS [263.7433949903872, 216.3322977703717]
2025-01-23 13:28:07,576 3068 DEBUG Simulating with (30, 30, 30), rep 57
2025-01-23 13:28:07,582 18708 DEBUG s[289.1584737 279.8139309], s_hat_ALS [289.15839896385654, 279.8137515782313]
2025-01-23 13:28:07,583 18708 DEBUG Simulating with (40, 40, 40), rep 14
2025-01-23 13:28:07,599 6376 DEBUG s[275.07224582 173.79457993], s_hat_ALS [275.07289988853614, 173.7938379337038]
2025-01-23 13:28:07,599 6376 DEBUG Simulating with (30, 30, 30), rep 80
2025-01-23 13:28:07,633 15332 DEBUG s[284.62817086 194.6840075 ], s_hat_ALS [284.62854537116215, 194.68353350472404]
2025-01-23 13:28:07,633 15332 DEBUG Simulating with (30, 30, 30), rep 100
2025-01-23 13:28:07,640 3436 DEBUG s[240.40248235 135.33989947], s_hat_ALS [240.40654792259195, 135.33502342876233]
2025-01-23 13:28:07,641 3436 DEBUG Simulating with (30, 30, 30), rep 148
2025-01-23 13:28:07,661 4080 DEBUG s[270.66415689 138.90942722], s_hat_ALS [270.68491825619, 138.8977626248907]
2025-01-23 13:28:07,662 4080 DEBUG Simulating with (30, 30, 30), rep 123
2025-01-23 13:28:07,709 6376 DEBUG s[153.8905186  149.20843634], s_hat_ALS [153.89051280423678, 149.20843034811804]
2025-01-23 13:28:07,710 6376 DEBUG Simulating with (30, 30, 30), rep 81
2025-01-23 13:28:07,728 8928 DEBUG s[595.7575279  223.65236342], s_hat_ALS [595.7545382891203, 223.64574497092752]
2025-01-23 13:28:07,728 15012 DEBUG s[454.26951839 260.48713029], s_hat_ALS [454.26958572021897, 260.48702333351764]
2025-01-23 13:28:07,728 8928 DEBUG Simulating with (40, 40, 40), rep 37
2025-01-23 13:28:07,728 15012 DEBUG Simulating with (40, 40, 40), rep 57
2025-01-23 13:28:07,746 4080 DEBUG s[210.53623061 123.28324169], s_hat_ALS [210.53613258409445, 123.28326620171478]
2025-01-23 13:28:07,747 4080 DEBUG Simulating with (30, 30, 30), rep 124
2025-01-23 13:28:07,778 3436 DEBUG s[279.54866291 112.6056023 ], s_hat_ALS [279.54601555931083, 112.60196008091398]
2025-01-23 13:28:07,779 6376 DEBUG Simulating with (30, 30, 30), rep 82

2025-01-23 13:28:07,782 18708 DEBUG s[392.27251298 294.36822394], s_hat_ALS [392.2718855574329, 294.36624947452685]
2025-01-23 13:28:07,783 18708 DEBUG Simulating with (40, 40, 40), rep 15
2025-01-23 13:28:07,793 15332 DEBUG s[154.26648874 144.5901856 ], s_hat_ALS [154.265856282405, 144.58980164262778]
2025-01-23 13:28:07,794 15332 DEBUG Simulating with (30, 30, 30), rep 101
2025-01-23 13:28:07,874 4080 DEBUG s[183.92538566 143.7031869 ], s_hat_ALS [183.92403428751075, 143.70202432361285]
2025-01-23 13:28:07,875 4080 DEBUG Simulating with (30, 30, 30), rep 125
2025-01-23 13:28:07,879 3068 DEBUG s[196.55101208 179.16559773], s_hat_ALS [196.57006059939206, 179.14653123970422]
2025-01-23 13:28:07,880 3068 DEBUG Simulating with (30, 30, 30), rep 58
2025-01-23 13:28:07,889 3436 DEBUG s[254.08794883 136.55162376], s_hat_ALS [254.08866875601538, 136.55102503404]
2025-01-23 13:28:07,889 3436 DEBUG Simulating with (40, 40, 40), rep 0
2025-01-23 13:28:07,891 6376 DEBUG s[306.91554827 102.31421384], s_hat_ALS [306.91486046155404, 102.31413403246322]
2025-01-23 13:28:07,891 6376 DEBUG Simulating with (30, 30, 30), rep 83
2025-01-23 13:28:07,914 15332 DEBUG s[359.96628914 158.87577747], s_hat_ALS [359.9616044889664, 158.8779267606379]
2025-01-23 13:28:07,915 15332 DEBUG Simulating with (30, 30, 30), rep 102
2025-01-23 13:28:07,944 15012 DEBUG s[412.98634616 376.81910538], s_hat_ALS [412.98662746609335, 376.8188473367268]
2025-01-23 13:28:07,945 15012 DEBUG Simulating with (40, 40, 40), rep 58
2025-01-23 13:28:07,955 4080 DEBUG s[154.87230079  96.65745246], s_hat_ALS [154.8722759439593, 96.65727029002234]
2025-01-23 13:28:07,956 4080 DEBUG Simulating with (30, 30, 30), rep 126
2025-01-23 13:28:07,981 8928 DEBUG s[364.96376698 283.76723092], s_hat_ALS [364.96621867721774, 283.76441497896064]
2025-01-23 13:28:07,981 8928 DEBUG Simulating with (40, 40, 40), rep 38
2025-01-23 13:28:08,037 18708 DEBUG s[332.52811249 248.19523186], s_hat_ALS [332.5321275160661, 248.19167791533988]
2025-01-23 13:28:08,038 18708 DEBUG Simulating with (40, 40, 40), rep 16
2025-01-23 13:28:08,080 3068 DEBUG s[341.04948762 177.77980462], s_hat_ALS [341.036047767013, 177.76753620967153]
2025-01-23 13:28:08,080 3068 DEBUG Simulating with (30, 30, 30), rep 59
2025-01-23 13:28:08,081 4080 DEBUG s[267.50458844 176.38215313], s_hat_ALS [267.5016145510036, 176.37919338937854]
2025-01-23 13:28:08,081 4080 DEBUG Simulating with (30, 30, 30), rep 127
2025-01-23 13:28:08,081 3436 DEBUG s[345.76272511 265.28929905], s_hat_ALS [345.7602651571945, 265.2923996071602]
2025-01-23 13:28:08,082 3436 DEBUG Simulating with (40, 40, 40), rep 1
2025-01-23 13:28:08,153 15012 DEBUG s[477.17015918 232.89982182], s_hat_ALS [477.1682656385736, 232.8973555563577]
2025-01-23 13:28:08,153 15012 DEBUG Simulating with (40, 40, 40), rep 59
2025-01-23 13:28:08,169 8928 DEBUG s[381.17925736 347.12098706], s_hat_ALS [381.1792731610821, 347.12096844005]
2025-01-23 13:28:08,169 8928 DEBUG Simulating with (40, 40, 40), rep 39
2025-01-23 13:28:08,177 6376 DEBUG s[301.79115621 282.57413921], s_hat_ALS [301.7998596274461, 282.56510027603406]
2025-01-23 13:28:08,179 6376 DEBUG Simulating with (40, 40, 40), rep 78
2025-01-23 13:28:08,193 15332 DEBUG s[348.27222604 212.01214633], s_hat_ALS [348.29577346907485, 211.9883753341577]
2025-01-23 13:28:08,194 15332 DEBUG Simulating with (30, 30, 30), rep 103
2025-01-23 13:28:08,261 3436 DEBUG s[488.12926234 397.39492379], s_hat_ALS [488.12912783827596, 397.3947759550478]
2025-01-23 13:28:08,261 3436 DEBUG Simulating with (40, 40, 40), rep 2
2025-01-23 13:28:08,289 4080 DEBUG s[257.53826648 144.46449073], s_hat_ALS [257.5426750485361, 144.4602163754407]
2025-01-23 13:28:08,289 4080 DEBUG Simulating with (30, 30, 30), rep 128
2025-01-23 13:28:08,291 18708 DEBUG s[359.94449041 354.72734969], s_hat_ALS [359.9444361014304, 354.72728795198867]
2025-01-23 13:28:08,291 18708 DEBUG Simulating with (40, 40, 40), rep 17
2025-01-23 13:28:08,292 15012 DEBUG s[635.82580546 264.0943525 ], s_hat_ALS [635.8257998358293, 264.094315408692]
2025-01-23 13:28:08,292 15012 DEBUG Simulating with (40, 40, 40), rep 60
2025-01-23 13:28:08,335 3068 DEBUG s[234.37283926 228.88321436], s_hat_ALS [234.36562408445414, 228.87678134597815]
2025-01-23 13:28:08,337 3068 DEBUG Simulating with (40, 40, 40), rep 102
2025-01-23 13:28:08,362 8928 DEBUG s[317.84416499 246.21819515], s_hat_ALS [317.8438769143706, 246.21685052099104]
2025-01-23 13:28:08,363 8928 DEBUG Simulating with (40, 40, 40), rep 40
2025-01-23 13:28:08,398 6376 DEBUG s[443.59327742 217.07751852], s_hat_ALS [443.5940466967055, 217.07683496965495]
2025-01-23 13:28:08,399 6376 DEBUG Simulating with (40, 40, 40), rep 79
2025-01-23 13:28:08,493 15332 DEBUG s[246.08042065 228.96254545], s_hat_ALS [246.0664641533365, 228.94857907791487]
2025-01-23 13:28:08,494 15332 DEBUG Simulating with (30, 30, 30), rep 104
2025-01-23 13:28:08,502 3436 DEBUG s[404.7737229  276.35135377], s_hat_ALS [404.7731187503922, 276.3500355720982]
2025-01-23 13:28:08,503 3436 DEBUG Simulating with (40, 40, 40), rep 3
2025-01-23 13:28:08,514 18708 DEBUG s[292.89479376 208.11230546], s_hat_ALS [292.8953471716052, 208.11133607792337]
2025-01-23 13:28:08,514 18708 DEBUG Simulating with (40, 40, 40), rep 18
2025-01-23 13:28:08,516 3068 DEBUG s[426.79082108 305.27349488], s_hat_ALS [426.7901025828123, 305.27253676538817]
2025-01-23 13:28:08,517 3068 DEBUG Simulating with (40, 40, 40), rep 103
2025-01-23 13:28:08,547 15012 DEBUG s[699.32767841 158.62262814], s_hat_ALS [699.3283925119514, 158.61944341241852]
2025-01-23 13:28:08,548 15012 DEBUG Simulating with (40, 40, 40), rep 61
2025-01-23 13:28:08,552 8928 DEBUG s[381.33821262 257.20673491], s_hat_ALS [381.3376420561201, 257.2061147225344]
2025-01-23 13:28:08,552 8928 DEBUG Simulating with (40, 40, 40), rep 41
2025-01-23 13:28:08,672 3068 DEBUG s[336.10268207 269.67802854], s_hat_ALS [336.10241562720506, 269.6745116199975]
2025-01-23 13:28:08,672 3068 DEBUG Simulating with (40, 40, 40), rep 104
2025-01-23 13:28:08,682 6376 DEBUG s[395.10388576 246.8401346 ], s_hat_ALS [395.1045905476583, 246.83948792752128]
2025-01-23 13:28:08,682 6376 DEBUG Simulating with (40, 40, 40), rep 80
2025-01-23 13:28:08,709 4080 DEBUG s[182.46670776 179.03760674], s_hat_ALS [182.47013753103383, 179.0341141089923]
2025-01-23 13:28:08,710 4080 DEBUG Simulating with (30, 30, 30), rep 129
2025-01-23 13:28:08,739 8928 DEBUG s[315.76684916 183.70678412], s_hat_ALS [315.7664300686825, 183.7063405832785]
2025-01-23 13:28:08,740 8928 DEBUG Simulating with (40, 40, 40), rep 42
2025-01-23 13:28:08,786 3436 DEBUG s[273.75623925 208.78188693], s_hat_ALS [273.7631619570019, 208.76412708517728]
2025-01-23 13:28:08,786 3436 DEBUG Simulating with (40, 40, 40), rep 4
2025-01-23 13:28:08,826 3068 DEBUG s[532.79627507 319.82549902], s_hat_ALS [532.7951212838475, 319.8239295014373]
2025-01-23 13:28:08,827 3068 DEBUG Simulating with (40, 40, 40), rep 105
2025-01-23 13:28:08,846 18708 DEBUG s[411.89717414 369.49803206], s_hat_ALS [411.89775538725064, 369.4974103418476]
2025-01-23 13:28:08,846 18708 DEBUG Simulating with (40, 40, 40), rep 19
2025-01-23 13:28:08,908 4080 DEBUG s[268.00362636 194.86776265], s_hat_ALS [267.9989386089171, 194.86851842513082]
2025-01-23 13:28:08,908 4080 DEBUG Simulating with (30, 30, 30), rep 130
2025-01-23 13:28:08,926 15332 DEBUG s[217.50949034 216.2560399 ], s_hat_ALS [217.51249918887316, 216.2534024670968]
2025-01-23 13:28:08,927 15332 DEBUG Simulating with (30, 30, 30), rep 105
2025-01-23 13:28:08,936 8928 DEBUG s[370.69174565 282.78066074], s_hat_ALS [370.69186678447596, 282.780588112222]
2025-01-23 13:28:08,937 8928 DEBUG Simulating with (40, 40, 40), rep 43
2025-01-23 13:28:08,976 3436 DEBUG s[412.94297556 347.89285357], s_hat_ALS [412.94297031563576, 347.8928517774666]
2025-01-23 13:28:08,976 3436 DEBUG Simulating with (40, 40, 40), rep 5
2025-01-23 13:28:08,985 6376 DEBUG s[381.15212383 308.65349133], s_hat_ALS [381.15585290291926, 308.64910543621994]
2025-01-23 13:28:08,985 6376 DEBUG Simulating with (40, 40, 40), rep 81
2025-01-23 13:28:08,999 15012 DEBUG s[325.1135362  295.21625019], s_hat_ALS [325.1221038304447, 295.2065857796615]
2025-01-23 13:28:08,999 15012 DEBUG Simulating with (40, 40, 40), rep 62
2025-01-23 13:28:09,032 3068 DEBUG s[316.35181417 233.17682134], s_hat_ALS [316.35190730167307, 233.17699633665893]
2025-01-23 13:28:09,034 3068 DEBUG Simulating with (40, 40, 40), rep 106
2025-01-23 13:28:09,058 4080 DEBUG s[228.80452796 156.65555977], s_hat_ALS [228.8046249856987, 156.6554966712475]
2025-01-23 13:28:09,058 4080 DEBUG Simulating with (30, 30, 30), rep 131
2025-01-23 13:28:09,063 15332 DEBUG s[308.91460783 220.38505817], s_hat_ALS [308.9148804538704, 220.38287945857365]
2025-01-23 13:28:09,063 15332 DEBUG Simulating with (30, 30, 30), rep 106
2025-01-23 13:28:09,075 18708 DEBUG s[268.03635487 242.55254405], s_hat_ALS [268.0365278951528, 242.5523919311463]
2025-01-23 13:28:09,076 18708 DEBUG Simulating with (40, 40, 40), rep 20
2025-01-23 13:28:09,177 6376 DEBUG s[406.12738353 204.63235649], s_hat_ALS [406.1281519752305, 204.6317697586455]
2025-01-23 13:28:09,177 6376 DEBUG Simulating with (40, 40, 40), rep 82
2025-01-23 13:28:09,179 15012 DEBUG s[401.29665223 233.81922505], s_hat_ALS [401.29663481251407, 233.81922199636904]
2025-01-23 13:28:09,179 15012 DEBUG Simulating with (40, 40, 40), rep 63
2025-01-23 13:28:09,180 8928 DEBUG s[417.23075439 232.89619469], s_hat_ALS [417.23085074020315, 232.89560138751511]
2025-01-23 13:28:09,181 8928 DEBUG Simulating with (40, 40, 40), rep 44
2025-01-23 13:28:09,181 3436 DEBUG s[426.13835578 313.77314967], s_hat_ALS [426.1381839240689, 313.7729998297856]
2025-01-23 13:28:09,182 3436 DEBUG Simulating with (40, 40, 40), rep 126
2025-01-23 13:28:09,235 4080 DEBUG s[298.2815884  120.19494027], s_hat_ALS [298.2813794827982, 120.19457889324771]
2025-01-23 13:28:09,236 4080 DEBUG Simulating with (50, 50, 50), rep 0
2025-01-23 13:28:09,238 15332 DEBUG s[443.21882052 181.45725588], s_hat_ALS [443.21862795748484, 181.45717650871237]
2025-01-23 13:28:09,238 15332 DEBUG Simulating with (30, 30, 30), rep 107
2025-01-23 13:28:09,288 3068 DEBUG s[487.05592338 295.98440095], s_hat_ALS [487.05623590165186, 295.9840930342427]
2025-01-23 13:28:09,289 3068 DEBUG Simulating with (40, 40, 40), rep 107
2025-01-23 13:28:09,304 18708 DEBUG s[450.34121487 249.16227058], s_hat_ALS [450.3411429791449, 249.16219674138566]
2025-01-23 13:28:09,304 18708 DEBUG Simulating with (40, 40, 40), rep 21
2025-01-23 13:28:09,410 8928 DEBUG s[674.32741872 373.05216741], s_hat_ALS [674.3273914685094, 373.0521592922063]
2025-01-23 13:28:09,410 8928 DEBUG Simulating with (40, 40, 40), rep 45
2025-01-23 13:28:09,487 15332 DEBUG s[326.98999612 193.69750456], s_hat_ALS [326.98526559045746, 193.68869352577343]
2025-01-23 13:28:09,489 15332 DEBUG Simulating with (50, 50, 50), rep 24
2025-01-23 13:28:09,489 3068 DEBUG s[390.21439498 252.6882743 ], s_hat_ALS [390.21595616152234, 252.68889796450864]
2025-01-23 13:28:09,489 3068 DEBUG Simulating with (40, 40, 40), rep 108
2025-01-23 13:28:09,513 6376 DEBUG s[325.97346805 174.05968069], s_hat_ALS [325.9747717495784, 174.05675465601323]
2025-01-23 13:28:09,513 6376 DEBUG Simulating with (40, 40, 40), rep 83
2025-01-23 13:28:09,541 3436 DEBUG s[660.56854386 285.7305325 ], s_hat_ALS [660.5614896898138, 285.72281951354285]
2025-01-23 13:28:09,542 3436 DEBUG Simulating with (40, 40, 40), rep 127
2025-01-23 13:28:09,648 15012 DEBUG s[307.30759933 259.25667167], s_hat_ALS [307.31337651415487, 259.25076023182044]
2025-01-23 13:28:09,649 15012 DEBUG Simulating with (40, 40, 40), rep 64
2025-01-23 13:28:09,661 18708 DEBUG s[576.0196564  459.68418811], s_hat_ALS [576.0200848915788, 459.6837359319896]
2025-01-23 13:28:09,662 18708 DEBUG Simulating with (40, 40, 40), rep 22
2025-01-23 13:28:09,727 4080 DEBUG s[461.12171827 411.44987242], s_hat_ALS [461.12175822247536, 411.4498183854654]
2025-01-23 13:28:09,728 4080 DEBUG Simulating with (50, 50, 50), rep 1
2025-01-23 13:28:09,779 6376 DEBUG s[300.11948589 267.16291769], s_hat_ALS [300.11925697127566, 267.1627671891544]
2025-01-23 13:28:09,779 6376 DEBUG Simulating with (40, 40, 40), rep 84
2025-01-23 13:28:09,805 8928 DEBUG s[276.11826987 273.36658081], s_hat_ALS [276.1174258043013, 273.3659819233209]
2025-01-23 13:28:09,805 8928 DEBUG Simulating with (40, 40, 40), rep 46
2025-01-23 13:28:09,820 3068 DEBUG s[376.83695493 317.93340234], s_hat_ALS [376.83801708842094, 317.9322415353993]
2025-01-23 13:28:09,821 3068 DEBUG Simulating with (40, 40, 40), rep 109
2025-01-23 13:28:09,849 3436 DEBUG s[293.51231528 228.59854583], s_hat_ALS [293.51231640208954, 228.5984977773551]
2025-01-23 13:28:09,850 3436 DEBUG Simulating with (40, 40, 40), rep 128
2025-01-23 13:28:09,884 15332 DEBUG s[533.56037045 414.02173116], s_hat_ALS [533.5602226031858, 414.0218035652358]
2025-01-23 13:28:09,885 15332 DEBUG Simulating with (50, 50, 50), rep 25
2025-01-23 13:28:09,923 15012 DEBUG s[343.76307358 277.97203844], s_hat_ALS [343.7632370176097, 277.97180389601994]
2025-01-23 13:28:09,923 18708 DEBUG Simulating with (40, 40, 40), rep 23
2025-01-23 13:28:09,923 15012 DEBUG Simulating with (40, 40, 40), rep 65
2025-01-23 13:28:10,101 6376 DEBUG s[453.35583234 272.69750328], s_hat_ALS [453.3592635578347, 272.6944725404575]
2025-01-23 13:28:10,101 6376 DEBUG Simulating with (40, 40, 40), rep 85
2025-01-23 13:28:10,110 3068 DEBUG s[354.49287556 308.91968976], s_hat_ALS [354.49349153272624, 308.9191589039655]
2025-01-23 13:28:10,111 3068 DEBUG Simulating with (40, 40, 40), rep 110
2025-01-23 13:28:10,123 15012 DEBUG s[482.21588367 136.28682915], s_hat_ALS [482.21600030994534, 136.2865998243507]
2025-01-23 13:28:10,124 15012 DEBUG Simulating with (40, 40, 40), rep 66
2025-01-23 13:28:10,162 4080 DEBUG s[729.76383057 417.49228582], s_hat_ALS [729.7644832201889, 417.4916503671468]
2025-01-23 13:28:10,162 4080 DEBUG Simulating with (50, 50, 50), rep 2
2025-01-23 13:28:10,205 8928 DEBUG s[362.00091221 273.56383705], s_hat_ALS [361.99790074227997, 273.5607642133879]
2025-01-23 13:28:10,205 8928 DEBUG Simulating with (40, 40, 40), rep 47
2025-01-23 13:28:10,226 18708 DEBUG s[331.62707874 279.47293253], s_hat_ALS [331.6272715587034, 279.47231328254395]
2025-01-23 13:28:10,226 18708 DEBUG Simulating with (40, 40, 40), rep 24
2025-01-23 13:28:10,254 3436 DEBUG s[413.43957906 327.70351284], s_hat_ALS [413.4403929800286, 327.70270411774305]
2025-01-23 13:28:10,255 3436 DEBUG Simulating with (40, 40, 40), rep 129
2025-01-23 13:28:10,348 15332 DEBUG s[524.30133361 285.72771333], s_hat_ALS [524.3020582475029, 285.72694134595054]
2025-01-23 13:28:10,348 15332 DEBUG Simulating with (50, 50, 50), rep 26
2025-01-23 13:28:10,407 3068 DEBUG s[334.62233572 242.69935307], s_hat_ALS [334.62112326729, 242.69824866503407]
2025-01-23 13:28:10,407 3068 DEBUG Simulating with (40, 40, 40), rep 111
2025-01-23 13:28:10,414 15012 DEBUG s[372.81365521 340.50387102], s_hat_ALS [372.8137501046846, 340.5037817236116]
2025-01-23 13:28:10,415 15012 DEBUG Simulating with (40, 40, 40), rep 67
2025-01-23 13:28:10,594 6376 DEBUG s[413.3046334  409.66027403], s_hat_ALS [413.30479244712626, 409.6601179295977]
2025-01-23 13:28:10,595 6376 DEBUG Simulating with (40, 40, 40), rep 86
2025-01-23 13:28:10,642 18708 DEBUG s[292.90283644 273.56186993], s_hat_ALS [292.90343108686966, 273.5615331391755]
2025-01-23 13:28:10,642 18708 DEBUG Simulating with (40, 40, 40), rep 25
2025-01-23 13:28:10,668 8928 DEBUG s[304.05128884 243.73129035], s_hat_ALS [304.05619289904337, 243.72649914598824]
2025-01-23 13:28:10,668 8928 DEBUG Simulating with (40, 40, 40), rep 48
2025-01-23 13:28:10,689 15012 DEBUG s[358.10392083 240.61314285], s_hat_ALS [358.10387468592324, 240.6130756541679]
2025-01-23 13:28:10,690 15012 DEBUG Simulating with (40, 40, 40), rep 68
2025-01-23 13:28:10,700 3436 DEBUG s[309.11855121 304.27916521], s_hat_ALS [309.11852672065066, 304.27917100269985]
2025-01-23 13:28:10,700 3436 DEBUG Simulating with (40, 40, 40), rep 130
2025-01-23 13:28:10,723 4080 DEBUG s[849.52422741 513.04476448], s_hat_ALS [849.5252067556638, 513.0419034849532]
2025-01-23 13:28:10,723 4080 DEBUG Simulating with (50, 50, 50), rep 3
2025-01-23 13:28:10,750 3068 DEBUG s[516.33075722 250.73504175], s_hat_ALS [516.3321074850473, 250.73362453259983]
2025-01-23 13:28:10,750 3068 DEBUG Simulating with (40, 40, 40), rep 112
2025-01-23 13:28:10,813 8928 DEBUG s[427.28189987 243.59292247], s_hat_ALS [427.2833846146179, 243.5895544930111]
2025-01-23 13:28:10,813 8928 DEBUG Simulating with (40, 40, 40), rep 49
2025-01-23 13:28:10,897 15332 DEBUG s[421.75563316 366.50453745], s_hat_ALS [421.75677377945397, 366.5033261714164]
2025-01-23 13:28:10,898 15332 DEBUG Simulating with (50, 50, 50), rep 27
2025-01-23 13:28:10,931 15012 DEBUG s[402.30659581 279.38825155], s_hat_ALS [402.3065847270229, 279.3882568908378]
2025-01-23 13:28:10,931 15012 DEBUG Simulating with (40, 40, 40), rep 69
2025-01-23 13:28:10,945 6376 DEBUG s[447.67355063 335.12409709], s_hat_ALS [447.67295742916906, 335.1236305660713]
2025-01-23 13:28:10,945 6376 DEBUG Simulating with (40, 40, 40), rep 87
2025-01-23 13:28:10,984 3436 DEBUG s[417.0833847  310.07682303], s_hat_ALS [417.0832699207983, 310.07679868379046]
2025-01-23 13:28:10,985 3436 DEBUG Simulating with (40, 40, 40), rep 131
2025-01-23 13:28:11,107 18708 DEBUG s[430.3969158  311.12518438], s_hat_ALS [430.40652328504865, 311.1152434318738]
2025-01-23 13:28:11,108 18708 DEBUG Simulating with (40, 40, 40), rep 26
2025-01-23 13:28:11,143 4080 DEBUG s[630.14529796 468.32469903], s_hat_ALS [630.1452502246221, 468.3247131163352]
2025-01-23 13:28:11,144 4080 DEBUG Simulating with (50, 50, 50), rep 4
2025-01-23 13:28:11,161 3068 DEBUG s[273.55352295 262.64707125], s_hat_ALS [273.5540746632953, 262.6465446614221]
2025-01-23 13:28:11,161 3068 DEBUG Simulating with (40, 40, 40), rep 113
2025-01-23 13:28:11,176 15012 DEBUG s[332.984652   257.29101299], s_hat_ALS [332.98464249310274, 257.29101475799087]
2025-01-23 13:28:11,177 15012 DEBUG Simulating with (40, 40, 40), rep 70
2025-01-23 13:28:11,211 3436 DEBUG s[645.39543006 367.8271037 ], s_hat_ALS [645.3954800435171, 367.8270578440048]
2025-01-23 13:28:11,211 3436 DEBUG Simulating with (40, 40, 40), rep 132
2025-01-23 13:28:11,213 8928 DEBUG s[366.50154197 319.47441733], s_hat_ALS [366.5022210183084, 319.474437501608]
2025-01-23 13:28:11,214 8928 DEBUG Simulating with (40, 40, 40), rep 50
2025-01-23 13:28:11,450 3068 DEBUG s[445.76974215 383.65916205], s_hat_ALS [445.7694554315329, 383.65881835887905]
2025-01-23 13:28:11,450 3068 DEBUG Simulating with (40, 40, 40), rep 114
2025-01-23 13:28:11,458 15332 DEBUG s[495.01112702 487.55239825], s_hat_ALS [495.0111253013906, 487.5523649776878]
2025-01-23 13:28:11,458 15332 DEBUG Simulating with (50, 50, 50), rep 28
2025-01-23 13:28:11,487 3436 DEBUG s[235.8617527  170.47863957], s_hat_ALS [235.86102565489873, 170.47842991875902]
2025-01-23 13:28:11,488 3436 DEBUG Simulating with (40, 40, 40), rep 133
2025-01-23 13:28:11,504 18708 DEBUG s[421.92337246 257.39915783], s_hat_ALS [421.9275711987251, 257.39494368703606]
2025-01-23 13:28:11,505 18708 DEBUG Simulating with (40, 40, 40), rep 27
2025-01-23 13:28:11,527 4080 DEBUG s[439.4845963 325.0712757], s_hat_ALS [439.4845665887036, 325.07119583281235]
2025-01-23 13:28:11,527 6376 DEBUG s[274.37216138 252.43057627], s_hat_ALS [274.3780748000427, 252.4246618255333]
2025-01-23 13:28:11,527 4080 DEBUG Simulating with (50, 50, 50), rep 5
2025-01-23 13:28:11,528 6376 DEBUG Simulating with (40, 40, 40), rep 88
2025-01-23 13:28:11,543 8928 DEBUG s[343.6927094 339.336453 ], s_hat_ALS [343.69297277997066, 339.33657782773065]
2025-01-23 13:28:11,543 8928 DEBUG Simulating with (40, 40, 40), rep 51
2025-01-23 13:28:11,579 15012 DEBUG s[314.71994637 270.84051834], s_hat_ALS [314.7211221303656, 270.83929318907565]
2025-01-23 13:28:11,580 15012 DEBUG Simulating with (40, 40, 40), rep 71
2025-01-23 13:28:11,770 8928 DEBUG s[554.02225849 243.39904893], s_hat_ALS [554.0199211500615, 243.39768542615374]
2025-01-23 13:28:11,770 8928 DEBUG Simulating with (40, 40, 40), rep 52
2025-01-23 13:28:11,794 6376 DEBUG s[339.08020445 254.42783653], s_hat_ALS [339.07923450177526, 254.42774536197763]
2025-01-23 13:28:11,794 6376 DEBUG Simulating with (40, 40, 40), rep 89
2025-01-23 13:28:11,835 3436 DEBUG s[271.28391054 258.47102541], s_hat_ALS [271.28075416683026, 258.46765165926683]
2025-01-23 13:28:11,836 3436 DEBUG Simulating with (40, 40, 40), rep 134
2025-01-23 13:28:11,895 15012 DEBUG s[302.30490986 256.94660198], s_hat_ALS [302.305790727638, 256.9459091710166]
2025-01-23 13:28:11,896 15012 DEBUG Simulating with (40, 40, 40), rep 72
2025-01-23 13:28:11,898 3068 DEBUG s[333.48049124 329.21259185], s_hat_ALS [333.47519122482623, 329.2082165995129]
2025-01-23 13:28:11,898 3068 DEBUG Simulating with (40, 40, 40), rep 115
2025-01-23 13:28:11,967 18708 DEBUG s[228.69452403 219.67244472], s_hat_ALS [228.69531135251205, 219.67166035239364]
2025-01-23 13:28:11,968 18708 DEBUG Simulating with (40, 40, 40), rep 28
2025-01-23 13:28:12,077 15332 DEBUG s[621.61530346 511.76181512], s_hat_ALS [621.6110570695856, 511.75751274080653]
2025-01-23 13:28:12,078 15332 DEBUG Simulating with (50, 50, 50), rep 29
2025-01-23 13:28:12,111 6376 DEBUG s[396.21046943 251.79256518], s_hat_ALS [396.21007118971636, 251.79236556849813]
2025-01-23 13:28:12,111 6376 DEBUG Simulating with (40, 40, 40), rep 90
2025-01-23 13:28:12,131 3068 DEBUG s[368.3238715  242.25342825], s_hat_ALS [368.3245437527094, 242.25325561286564]
2025-01-23 13:28:12,131 3068 DEBUG Simulating with (40, 40, 40), rep 116
2025-01-23 13:28:12,146 4080 DEBUG s[538.14152643 468.90840057], s_hat_ALS [538.1426647888362, 468.9071846205926]
2025-01-23 13:28:12,147 4080 DEBUG Simulating with (50, 50, 50), rep 6
2025-01-23 13:28:12,152 15012 DEBUG s[370.65866982 168.42312004], s_hat_ALS [370.66015398284156, 168.4211535937634]
2025-01-23 13:28:12,152 15012 DEBUG Simulating with (40, 40, 40), rep 73
2025-01-23 13:28:12,171 3436 DEBUG s[296.32776688 258.6817073 ], s_hat_ALS [296.327179770604, 258.68113344907715]
2025-01-23 13:28:12,172 3436 DEBUG Simulating with (40, 40, 40), rep 135
2025-01-23 13:28:12,300 18708 DEBUG s[359.17934502 253.01102523], s_hat_ALS [359.1780477713842, 253.01074545985168]
2025-01-23 13:28:12,300 18708 DEBUG Simulating with (40, 40, 40), rep 29
2025-01-23 13:28:12,343 6376 DEBUG s[382.94123227 282.38735641], s_hat_ALS [382.94184812453267, 282.38703980010627]
2025-01-23 13:28:12,345 6376 DEBUG Simulating with (40, 40, 40), rep 91
2025-01-23 13:28:12,410 8928 DEBUG s[345.21021925 342.48547545], s_hat_ALS [345.21588328229547, 342.48045755640925]
2025-01-23 13:28:12,411 8928 DEBUG Simulating with (40, 40, 40), rep 53
2025-01-23 13:28:12,463 3068 DEBUG s[485.41830954 226.91449314], s_hat_ALS [485.41550993084735, 226.9115829534138]
2025-01-23 13:28:12,464 3068 DEBUG Simulating with (40, 40, 40), rep 117
2025-01-23 13:28:12,483 15332 DEBUG s[503.14227509 390.76636182], s_hat_ALS [503.1422664148097, 390.766363633479]
2025-01-23 13:28:12,484 15332 DEBUG Simulating with (50, 50, 50), rep 30
2025-01-23 13:28:12,496 15012 DEBUG s[523.37470925 348.35271558], s_hat_ALS [523.3764025507105, 348.3515666030872]
2025-01-23 13:28:12,496 15012 DEBUG Simulating with (40, 40, 40), rep 74
2025-01-23 13:28:12,565 3436 DEBUG s[452.72238107 251.42474879], s_hat_ALS [452.72371172066255, 251.42367954460858]
2025-01-23 13:28:12,566 3436 DEBUG Simulating with (40, 40, 40), rep 136
2025-01-23 13:28:12,575 4080 DEBUG s[381.10590447 323.28331633], s_hat_ALS [381.10588957149696, 323.28331794802637]
2025-01-23 13:28:12,575 4080 DEBUG Simulating with (50, 50, 50), rep 7
2025-01-23 13:28:12,600 6376 DEBUG s[299.75221447 249.72997853], s_hat_ALS [299.75148404075077, 249.72947619747404]
2025-01-23 13:28:12,601 6376 DEBUG Simulating with (40, 40, 40), rep 92
2025-01-23 13:28:12,622 8928 DEBUG s[348.05006766 291.33037771], s_hat_ALS [348.05015257189046, 291.33031564236995]
2025-01-23 13:28:12,624 8928 DEBUG Simulating with (50, 50, 50), rep 48
2025-01-23 13:28:12,711 18708 DEBUG s[496.16029352 295.42208394], s_hat_ALS [496.1655691801682, 295.41570172104304]
2025-01-23 13:28:12,713 18708 DEBUG Simulating with (50, 50, 50), rep 72
2025-01-23 13:28:12,779 3436 DEBUG s[475.55322298 321.02603326], s_hat_ALS [475.5532878091039, 321.0259959858892]
2025-01-23 13:28:12,779 3436 DEBUG Simulating with (40, 40, 40), rep 137
2025-01-23 13:28:12,808 3068 DEBUG s[384.46739446 204.21511201], s_hat_ALS [384.47065357573626, 204.21175669303838]
2025-01-23 13:28:12,809 3068 DEBUG Simulating with (40, 40, 40), rep 118
2025-01-23 13:28:12,810 15012 DEBUG s[424.27600466 236.14835777], s_hat_ALS [424.27365591937297, 236.14595604094072]
2025-01-23 13:28:12,810 15012 DEBUG Simulating with (40, 40, 40), rep 75
2025-01-23 13:28:12,880 6376 DEBUG s[277.92779089 256.61535268], s_hat_ALS [277.9277938604815, 256.61520327426587]
2025-01-23 13:28:12,881 6376 DEBUG Simulating with (40, 40, 40), rep 93
2025-01-23 13:28:13,066 15332 DEBUG s[479.5039028  298.71729249], s_hat_ALS [479.50773044333573, 298.71216232543554]
2025-01-23 13:28:13,067 15332 DEBUG Simulating with (50, 50, 50), rep 31
2025-01-23 13:28:13,068 3068 DEBUG s[451.47608933 297.13338936], s_hat_ALS [451.4760226253952, 297.1332734424085]
2025-01-23 13:28:13,068 3068 DEBUG Simulating with (40, 40, 40), rep 119
2025-01-23 13:28:13,070 4080 DEBUG s[500.68116563 462.40579743], s_hat_ALS [500.68124803037955, 462.4055153465558]
2025-01-23 13:28:13,070 4080 DEBUG Simulating with (50, 50, 50), rep 8
2025-01-23 13:28:13,096 6376 DEBUG s[298.47404244 216.97565737], s_hat_ALS [298.47367891319857, 216.97540051465745]
2025-01-23 13:28:13,097 6376 DEBUG Simulating with (40, 40, 40), rep 94
2025-01-23 13:28:13,121 15012 DEBUG s[394.69210066 290.3439269 ], s_hat_ALS [394.6919891044011, 290.3439417193456]
2025-01-23 13:28:13,121 15012 DEBUG Simulating with (40, 40, 40), rep 76
2025-01-23 13:28:13,149 3436 DEBUG s[494.95585501 232.17750983], s_hat_ALS [494.95843610623996, 232.17401580987593]
2025-01-23 13:28:13,149 3436 DEBUG Simulating with (40, 40, 40), rep 138
2025-01-23 13:28:13,282 18708 DEBUG s[664.96765069 245.58503572], s_hat_ALS [664.9634801006325, 245.58221800209648]
2025-01-23 13:28:13,282 18708 DEBUG Simulating with (50, 50, 50), rep 73
2025-01-23 13:28:13,369 3068 DEBUG s[343.10751537 175.56442034], s_hat_ALS [343.1082908706554, 175.56358501953017]
2025-01-23 13:28:13,369 3068 DEBUG Simulating with (40, 40, 40), rep 120
2025-01-23 13:28:13,428 6376 DEBUG s[417.45202263 389.83997184], s_hat_ALS [417.4520453347015, 389.83994928309636]
2025-01-23 13:28:13,428 6376 DEBUG Simulating with (40, 40, 40), rep 95
2025-01-23 13:28:13,463 15012 DEBUG s[302.64601121 255.42247958], s_hat_ALS [302.6462197807294, 255.42218221242584]
2025-01-23 13:28:13,463 15012 DEBUG Simulating with (40, 40, 40), rep 77
2025-01-23 13:28:13,659 3436 DEBUG s[337.33537494 261.21392648], s_hat_ALS [337.336899100092, 261.2123182566675]
2025-01-23 13:28:13,659 3436 DEBUG Simulating with (40, 40, 40), rep 139
2025-01-23 13:28:13,664 3068 DEBUG s[375.13815283 278.12596121], s_hat_ALS [375.1378201824092, 278.1259442304333]
2025-01-23 13:28:13,664 3068 DEBUG Simulating with (40, 40, 40), rep 121
2025-01-23 13:28:13,676 18708 DEBUG s[461.47686145 297.98196554], s_hat_ALS [461.4761312352322, 297.980928683324]
2025-01-23 13:28:13,676 18708 DEBUG Simulating with (50, 50, 50), rep 74
2025-01-23 13:28:13,682 15332 DEBUG s[449.55397348 352.85719151], s_hat_ALS [449.5551745547154, 352.85572938784173]
2025-01-23 13:28:13,682 15332 DEBUG Simulating with (50, 50, 50), rep 32
2025-01-23 13:28:13,712 6376 DEBUG s[366.51364237 320.03561042], s_hat_ALS [366.5139248010184, 320.035850437578]
2025-01-23 13:28:13,712 6376 DEBUG Simulating with (40, 40, 40), rep 96
2025-01-23 13:28:13,732 8928 DEBUG s[436.66623746 428.54011638], s_hat_ALS [436.67425276238373, 428.5342461849757]
2025-01-23 13:28:13,732 8928 DEBUG Simulating with (50, 50, 50), rep 49
2025-01-23 13:28:13,819 15012 DEBUG s[283.02075169 263.03929233], s_hat_ALS [283.02089075785995, 263.03915789917784]
2025-01-23 13:28:13,821 15012 DEBUG Simulating with (50, 50, 50), rep 96
2025-01-23 13:28:13,977 3068 DEBUG s[392.3785328  358.76778244], s_hat_ALS [392.37832932408895, 358.7676257085426]
2025-01-23 13:28:13,977 3068 DEBUG Simulating with (40, 40, 40), rep 122
2025-01-23 13:28:13,979 6376 DEBUG s[292.85573377 220.13121557], s_hat_ALS [292.85534526238223, 220.1307912783443]
2025-01-23 13:28:13,980 6376 DEBUG Simulating with (40, 40, 40), rep 97
2025-01-23 13:28:14,017 3436 DEBUG s[316.53070314 265.33954912], s_hat_ALS [316.5285261451851, 265.33748495880985]
2025-01-23 13:28:14,018 3436 DEBUG Simulating with (40, 40, 40), rep 140
2025-01-23 13:28:14,146 4080 DEBUG s[633.62334686 541.73687869], s_hat_ALS [633.6336918019317, 541.7265264437683]
2025-01-23 13:28:14,146 4080 DEBUG Simulating with (50, 50, 50), rep 9
2025-01-23 13:28:14,198 15332 DEBUG s[546.36777882 346.14712325], s_hat_ALS [546.3669337694388, 346.14636859013814]
2025-01-23 13:28:14,198 15332 DEBUG Simulating with (50, 50, 50), rep 33
2025-01-23 13:28:14,211 8928 DEBUG s[639.6413006  421.15919558], s_hat_ALS [639.6413168947855, 421.1591659550595]
2025-01-23 13:28:14,212 8928 DEBUG Simulating with (50, 50, 50), rep 50
2025-01-23 13:28:14,258 3068 DEBUG s[406.3906183  252.80806671], s_hat_ALS [406.39043883688976, 252.80805471307227]
2025-01-23 13:28:14,258 3068 DEBUG Simulating with (40, 40, 40), rep 123
2025-01-23 13:28:14,321 18708 DEBUG s[653.07628648 440.13209186], s_hat_ALS [653.0789724335278, 440.1297836465392]
2025-01-23 13:28:14,321 18708 DEBUG Simulating with (50, 50, 50), rep 75
2025-01-23 13:28:14,405 6376 DEBUG s[396.545954   328.32528142], s_hat_ALS [396.5444862089103, 328.3237549442414]
2025-01-23 13:28:14,406 6376 DEBUG Simulating with (40, 40, 40), rep 98
2025-01-23 13:28:14,546 15012 DEBUG s[439.69816419 390.5448613 ], s_hat_ALS [439.6992410711564, 390.5441491444312]
2025-01-23 13:28:14,547 15012 DEBUG Simulating with (50, 50, 50), rep 97
2025-01-23 13:28:14,574 3068 DEBUG s[233.50972232 206.98401627], s_hat_ALS [233.5095320833758, 206.983917168438]
2025-01-23 13:28:14,575 3068 DEBUG Simulating with (40, 40, 40), rep 124
2025-01-23 13:28:14,607 3436 DEBUG s[367.92280535 274.68833924], s_hat_ALS [367.9286485683588, 274.68258052559725]
2025-01-23 13:28:14,607 3436 DEBUG Simulating with (40, 40, 40), rep 141
2025-01-23 13:28:14,686 4080 DEBUG s[376.35095848 304.67048826], s_hat_ALS [376.3510337585712, 304.6703913196494]
2025-01-23 13:28:14,687 4080 DEBUG Simulating with (50, 50, 50), rep 10
2025-01-23 13:28:14,698 8928 DEBUG s[467.79612871 300.95167971], s_hat_ALS [467.7958785666843, 300.95167469838344]
2025-01-23 13:28:14,699 8928 DEBUG Simulating with (50, 50, 50), rep 51
2025-01-23 13:28:14,725 15332 DEBUG s[403.19437653 366.6357777 ], s_hat_ALS [403.1946633419072, 366.63553319315037]
2025-01-23 13:28:14,725 15332 DEBUG Simulating with (50, 50, 50), rep 34
2025-01-23 13:28:14,860 3068 DEBUG s[404.65009175 263.09481387], s_hat_ALS [404.6481769371204, 263.0925877585396]
2025-01-23 13:28:14,860 3068 DEBUG Simulating with (40, 40, 40), rep 125
2025-01-23 13:28:14,967 18708 DEBUG s[601.85279632 452.29355798], s_hat_ALS [601.8530831903221, 452.29344550089144]
2025-01-23 13:28:14,967 18708 DEBUG Simulating with (50, 50, 50), rep 76
2025-01-23 13:28:14,968 6376 DEBUG s[322.26376336 306.25562705], s_hat_ALS [322.26444750771975, 306.25489130081485]
2025-01-23 13:28:14,969 6376 DEBUG Simulating with (40, 40, 40), rep 99
2025-01-23 13:28:15,027 15012 DEBUG s[759.44118142 304.95800573], s_hat_ALS [759.4410180406749, 304.9580542660856]
2025-01-23 13:28:15,027 15012 DEBUG Simulating with (50, 50, 50), rep 98
2025-01-23 13:28:15,189 4080 DEBUG s[577.17894585 279.27734544], s_hat_ALS [577.1788692159909, 279.2772640321437]
2025-01-23 13:28:15,190 4080 DEBUG Simulating with (50, 50, 50), rep 11
2025-01-23 13:28:15,257 6376 DEBUG s[553.79127078 256.58218816], s_hat_ALS [553.7910948081308, 256.5820528821246]
2025-01-23 13:28:15,257 6376 DEBUG Simulating with (40, 40, 40), rep 100
2025-01-23 13:28:15,290 3068 DEBUG s[581.88139544 280.59696872], s_hat_ALS [581.8835102150545, 280.5945124652083]
2025-01-23 13:28:15,292 3068 DEBUG Simulating with (50, 50, 50), rep 120
2025-01-23 13:28:15,319 15332 DEBUG s[359.2721734  325.81270533], s_hat_ALS [359.2718405948857, 325.81242889351853]
2025-01-23 13:28:15,320 15332 DEBUG Simulating with (50, 50, 50), rep 35
2025-01-23 13:28:15,321 3436 DEBUG s[398.61517303 397.96106013], s_hat_ALS [398.61522624947503, 397.9610096403752]
2025-01-23 13:28:15,321 8928 DEBUG s[845.83989514 427.57512297], s_hat_ALS [845.8390779751562, 427.5743051343544]
2025-01-23 13:28:15,321 3436 DEBUG Simulating with (40, 40, 40), rep 142
2025-01-23 13:28:15,321 8928 DEBUG Simulating with (50, 50, 50), rep 52
2025-01-23 13:28:15,647 15012 DEBUG s[477.98725817 343.08304525], s_hat_ALS [477.9872624987243, 343.0830231815297]
2025-01-23 13:28:15,648 15012 DEBUG Simulating with (50, 50, 50), rep 99
2025-01-23 13:28:15,852 6376 DEBUG s[408.39251093 297.65980693], s_hat_ALS [408.393873079482, 297.6583743358585]
2025-01-23 13:28:15,853 6376 DEBUG Simulating with (40, 40, 40), rep 101
2025-01-23 13:28:15,889 8928 DEBUG s[472.40679279 393.11573907], s_hat_ALS [472.4072053943714, 393.11615491137655]
2025-01-23 13:28:15,890 8928 DEBUG Simulating with (50, 50, 50), rep 53
2025-01-23 13:28:15,988 4080 DEBUG s[457.19678406 384.30830641], s_hat_ALS [457.1997988669587, 384.3051451549552]
2025-01-23 13:28:15,988 4080 DEBUG Simulating with (50, 50, 50), rep 12
2025-01-23 13:28:16,007 18708 DEBUG s[465.35950864 454.93288419], s_hat_ALS [465.3601699139176, 454.93220481996326]
2025-01-23 13:28:16,007 18708 DEBUG Simulating with (50, 50, 50), rep 77
2025-01-23 13:28:16,044 3436 DEBUG s[306.42113705 292.42220027], s_hat_ALS [306.4234310548656, 292.419901626432]
2025-01-23 13:28:16,045 3436 DEBUG Simulating with (40, 40, 40), rep 143
2025-01-23 13:28:16,052 15332 DEBUG s[463.48112816 452.71601495], s_hat_ALS [463.4812052872046, 452.71593302836516]
2025-01-23 13:28:16,053 15332 DEBUG Simulating with (50, 50, 50), rep 36
2025-01-23 13:28:16,064 3068 DEBUG s[632.06823231 545.45593884], s_hat_ALS [632.0691681170963, 545.4549316968765]
2025-01-23 13:28:16,064 3068 DEBUG Simulating with (50, 50, 50), rep 121
2025-01-23 13:28:16,127 6376 DEBUG s[381.04886858 309.76096027], s_hat_ALS [381.04876613596497, 309.7608882038264]
2025-01-23 13:28:16,130 6376 DEBUG Simulating with (50, 50, 50), rep 144
2025-01-23 13:28:16,287 15012 DEBUG s[586.4921724  543.11660224], s_hat_ALS [586.4922724060954, 543.1164995413993]
2025-01-23 13:28:16,288 15012 DEBUG Simulating with (50, 50, 50), rep 100
2025-01-23 13:28:16,346 8928 DEBUG s[301.42680612 290.89545261], s_hat_ALS [301.42682320698316, 290.8954585776814]
2025-01-23 13:28:16,347 8928 DEBUG Simulating with (50, 50, 50), rep 54
2025-01-23 13:28:16,470 4080 DEBUG s[449.77768283 365.33621487], s_hat_ALS [449.7776350518453, 365.3361421498308]
2025-01-23 13:28:16,470 4080 DEBUG Simulating with (50, 50, 50), rep 13
2025-01-23 13:28:16,495 3436 DEBUG s[532.98229831 345.12489431], s_hat_ALS [532.9795976259128, 345.121508163581]
2025-01-23 13:28:16,496 3436 DEBUG Simulating with (40, 40, 40), rep 144
2025-01-23 13:28:16,564 3068 DEBUG s[516.56659727 473.62311055], s_hat_ALS [516.5666394136623, 473.62306162030285]
2025-01-23 13:28:16,564 3068 DEBUG Simulating with (50, 50, 50), rep 122
2025-01-23 13:28:16,672 15332 DEBUG s[585.50530735 512.92855119], s_hat_ALS [585.5055495588907, 512.9283297435541]
2025-01-23 13:28:16,672 15332 DEBUG Simulating with (50, 50, 50), rep 37
2025-01-23 13:28:16,874 4080 DEBUG s[485.99584362 287.02442188], s_hat_ALS [485.99580156529, 287.02442549873433]
2025-01-23 13:28:16,875 4080 DEBUG Simulating with (50, 50, 50), rep 14
2025-01-23 13:28:16,894 6376 DEBUG s[421.64980073 351.49298643], s_hat_ALS [421.6508947896465, 351.4916026468245]
2025-01-23 13:28:16,895 6376 DEBUG Simulating with (50, 50, 50), rep 145
2025-01-23 13:28:16,926 8928 DEBUG s[512.54688717 401.23354701], s_hat_ALS [512.547105798925, 401.23323296658646]
2025-01-23 13:28:16,927 8928 DEBUG Simulating with (50, 50, 50), rep 55
2025-01-23 13:28:17,037 15332 DEBUG s[686.30752331 509.32026948], s_hat_ALS [686.3072930568867, 509.3200141601576]
2025-01-23 13:28:17,037 15332 DEBUG Simulating with (50, 50, 50), rep 38
2025-01-23 13:28:17,131 3068 DEBUG s[511.45868935 493.44154297], s_hat_ALS [511.46006383750006, 493.4430028953495]
2025-01-23 13:28:17,132 3068 DEBUG Simulating with (50, 50, 50), rep 123
2025-01-23 13:28:17,243 3436 DEBUG s[510.20533532 286.37755796], s_hat_ALS [510.21299220216054, 286.3698828001952]
2025-01-23 13:28:17,244 3436 DEBUG Simulating with (40, 40, 40), rep 145
2025-01-23 13:28:17,331 18708 DEBUG s[613.05840184 418.21438961], s_hat_ALS [613.090512540431, 418.18110888991424]
2025-01-23 13:28:17,332 18708 DEBUG Simulating with (50, 50, 50), rep 78
2025-01-23 13:28:17,378 15012 DEBUG s[397.46906278 388.90039265], s_hat_ALS [397.47036090261696, 388.8990903938602]
2025-01-23 13:28:17,379 15012 DEBUG Simulating with (50, 50, 50), rep 101
2025-01-23 13:28:17,388 6376 DEBUG s[476.62298286 316.58085479], s_hat_ALS [476.623093337547, 316.5807211904572]
2025-01-23 13:28:17,388 6376 DEBUG Simulating with (50, 50, 50), rep 146
2025-01-23 13:28:17,391 8928 DEBUG s[673.03505599 328.4435849 ], s_hat_ALS [673.0350990030669, 328.4435457559604]
2025-01-23 13:28:17,392 8928 DEBUG Simulating with (50, 50, 50), rep 56
2025-01-23 13:28:17,459 4080 DEBUG s[681.28181438 434.18547738], s_hat_ALS [681.282842712863, 434.18440325288867]
2025-01-23 13:28:17,459 4080 DEBUG Simulating with (50, 50, 50), rep 15
2025-01-23 13:28:17,489 3436 DEBUG s[476.77227449 361.9983412 ], s_hat_ALS [476.77186418235686, 361.99811920844417]
2025-01-23 13:28:17,489 3436 DEBUG Simulating with (40, 40, 40), rep 146
2025-01-23 13:28:17,749 3068 DEBUG s[519.48233585 409.99513477], s_hat_ALS [519.4835056457568, 409.99583970571643]
2025-01-23 13:28:17,749 3068 DEBUG Simulating with (50, 50, 50), rep 124
2025-01-23 13:28:17,807 15332 DEBUG s[440.99936181 358.36301264], s_hat_ALS [440.99777635971014, 358.3606547784841]
2025-01-23 13:28:17,808 15332 DEBUG Simulating with (50, 50, 50), rep 39
2025-01-23 13:28:17,858 18708 DEBUG s[438.82084151 352.21104372], s_hat_ALS [438.82153886781975, 352.2101652283627]
2025-01-23 13:28:17,859 18708 DEBUG Simulating with (50, 50, 50), rep 79
2025-01-23 13:28:17,867 3436 DEBUG s[585.13763722 292.62063728], s_hat_ALS [585.1376086169752, 292.6206220989021]
2025-01-23 13:28:17,868 3436 DEBUG Simulating with (40, 40, 40), rep 147
2025-01-23 13:28:17,932 15012 DEBUG s[594.97177916 574.36915313], s_hat_ALS [594.9717943665455, 574.3691346392936]
2025-01-23 13:28:17,933 15012 DEBUG Simulating with (50, 50, 50), rep 102
2025-01-23 13:28:17,950 4080 DEBUG s[581.88855485 303.42664031], s_hat_ALS [581.8885239829549, 303.4266241974128]
2025-01-23 13:28:17,950 4080 DEBUG Simulating with (50, 50, 50), rep 16
2025-01-23 13:28:17,969 6376 DEBUG s[536.68838685 320.99631029], s_hat_ALS [536.6872253540139, 320.99690295609633]
2025-01-23 13:28:17,970 6376 DEBUG Simulating with (50, 50, 50), rep 147
2025-01-23 13:28:18,003 8928 DEBUG s[524.32136067 513.79069527], s_hat_ALS [524.3210696920584, 513.7902107748477]
2025-01-23 13:28:18,003 8928 DEBUG Simulating with (50, 50, 50), rep 57
2025-01-23 13:28:18,111 15332 DEBUG s[528.87945187 446.92800483], s_hat_ALS [528.8794554930803, 446.9280071140535]
2025-01-23 13:28:18,112 15332 DEBUG Simulating with (50, 50, 50), rep 40
2025-01-23 13:28:18,139 3436 DEBUG s[526.07880214 302.56657029], s_hat_ALS [526.0778301661255, 302.56588412432006]
2025-01-23 13:28:18,140 3436 DEBUG Simulating with (40, 40, 40), rep 148
2025-01-23 13:28:18,425 3068 DEBUG s[521.42861906 503.58807098], s_hat_ALS [521.427543819196, 503.5870434674555]
2025-01-23 13:28:18,426 3068 DEBUG Simulating with (50, 50, 50), rep 125
2025-01-23 13:28:18,431 4080 DEBUG s[594.05423385 347.75290644], s_hat_ALS [594.0540798408916, 347.7527618576138]
2025-01-23 13:28:18,431 4080 DEBUG Simulating with (50, 50, 50), rep 17
2025-01-23 13:28:18,451 15012 DEBUG s[683.25767905 477.9150616 ], s_hat_ALS [683.2578156242445, 477.9147623380329]
2025-01-23 13:28:18,452 15012 DEBUG Simulating with (50, 50, 50), rep 103
2025-01-23 13:28:18,481 3436 DEBUG s[271.61078876 217.79493192], s_hat_ALS [271.61189670361466, 217.79436071018324]
2025-01-23 13:28:18,481 3436 DEBUG Simulating with (40, 40, 40), rep 149
2025-01-23 13:28:18,513 18708 DEBUG s[622.04717751 499.19070365], s_hat_ALS [622.047572955108, 499.19029857763604]
2025-01-23 13:28:18,513 18708 DEBUG Simulating with (50, 50, 50), rep 80
2025-01-23 13:28:18,515 8928 DEBUG s[400.2492503  302.90682066], s_hat_ALS [400.24903784232225, 302.90647728943173]
2025-01-23 13:28:18,516 8928 DEBUG Simulating with (50, 50, 50), rep 58
2025-01-23 13:28:18,645 3436 DEBUG s[453.52953056 352.22303812], s_hat_ALS [453.5295328360442, 352.22303816958095]
2025-01-23 13:28:18,788 6376 DEBUG s[460.90658015 347.84701104], s_hat_ALS [460.91203266228234, 347.84151522671465]
2025-01-23 13:28:18,789 6376 DEBUG Simulating with (50, 50, 50), rep 148
2025-01-23 13:28:18,841 15332 DEBUG s[545.81510267 538.54212295], s_hat_ALS [545.8154684342705, 538.5423769489972]
2025-01-23 13:28:18,842 15332 DEBUG Simulating with (50, 50, 50), rep 41
2025-01-23 13:28:18,852 4080 DEBUG s[506.28309616 272.22941448], s_hat_ALS [506.28336694686897, 272.22932349622243]
2025-01-23 13:28:18,853 4080 DEBUG Simulating with (50, 50, 50), rep 18
2025-01-23 13:28:18,964 3068 DEBUG s[1007.41729376  378.74463008], s_hat_ALS [1007.4173804856234, 378.7445226236874]
2025-01-23 13:28:18,964 3068 DEBUG Simulating with (50, 50, 50), rep 126
2025-01-23 13:28:18,999 15012 DEBUG s[687.80058298 427.7495694 ], s_hat_ALS [687.8009152427242, 427.74923857524414]
2025-01-23 13:28:19,000 15012 DEBUG Simulating with (50, 50, 50), rep 104
2025-01-23 13:28:19,078 8928 DEBUG s[429.43237462 372.32854584], s_hat_ALS [429.43261130534466, 372.32828922240816]
2025-01-23 13:28:19,079 8928 DEBUG Simulating with (50, 50, 50), rep 59
2025-01-23 13:28:19,300 18708 DEBUG s[528.36775522 516.53037282], s_hat_ALS [528.370296317395, 516.5282019904605]
2025-01-23 13:28:19,301 18708 DEBUG Simulating with (50, 50, 50), rep 81
2025-01-23 13:28:19,359 6376 DEBUG s[666.91051814 411.00542828], s_hat_ALS [666.9110098403426, 411.0049398432645]
2025-01-23 13:28:19,360 6376 DEBUG Simulating with (50, 50, 50), rep 149
2025-01-23 13:28:19,463 4080 DEBUG s[509.67456521 402.4608895 ], s_hat_ALS [509.6778131284911, 402.45542502546556]
2025-01-23 13:28:19,463 4080 DEBUG Simulating with (50, 50, 50), rep 19
2025-01-23 13:28:19,487 15012 DEBUG s[338.13891539 315.88113303], s_hat_ALS [338.13926696967053, 315.8814980134401]
2025-01-23 13:28:19,488 15012 DEBUG Simulating with (50, 50, 50), rep 105
2025-01-23 13:28:19,701 8928 DEBUG s[422.00333634 388.70441517], s_hat_ALS [422.00359211013205, 388.70410802616266]
2025-01-23 13:28:19,702 8928 DEBUG Simulating with (50, 50, 50), rep 60
2025-01-23 13:28:19,728 15332 DEBUG s[623.52664742 462.39421925], s_hat_ALS [623.511517354942, 462.3791570790879]
2025-01-23 13:28:19,728 15332 DEBUG Simulating with (50, 50, 50), rep 42
2025-01-23 13:28:19,736 18708 DEBUG s[662.0438562  231.08663266], s_hat_ALS [662.0441391023277, 231.08635726033722]
2025-01-23 13:28:19,736 18708 DEBUG Simulating with (50, 50, 50), rep 82
2025-01-23 13:28:19,756 6376 DEBUG s[627.10370759 294.99875665], s_hat_ALS [627.1038702860944, 294.99860385404156]
2025-01-23 13:28:19,802 3068 DEBUG s[400.10507279 399.97700932], s_hat_ALS [400.1050917838423, 399.9769932352297]
2025-01-23 13:28:19,803 3068 DEBUG Simulating with (50, 50, 50), rep 127
2025-01-23 13:28:19,844 4080 DEBUG s[676.01856497 468.29543102], s_hat_ALS [676.0186256028032, 468.29534864549873]
2025-01-23 13:28:19,844 4080 DEBUG Simulating with (50, 50, 50), rep 20
2025-01-23 13:28:20,115 15332 DEBUG s[539.28548536 331.47937753], s_hat_ALS [539.2849917757729, 331.4792595248089]
2025-01-23 13:28:20,116 15332 DEBUG Simulating with (50, 50, 50), rep 43
2025-01-23 13:28:20,134 15012 DEBUG s[602.77924882 498.36113627], s_hat_ALS [602.7809465997365, 498.3594662076195]
2025-01-23 13:28:20,134 15012 DEBUG Simulating with (50, 50, 50), rep 106
2025-01-23 13:28:20,296 8928 DEBUG s[462.21705183 420.66024516], s_hat_ALS [462.2175290522524, 420.6603157342955]
2025-01-23 13:28:20,297 8928 DEBUG Simulating with (50, 50, 50), rep 61
2025-01-23 13:28:20,547 3068 DEBUG s[528.84070747 527.58287789], s_hat_ALS [528.8397426752825, 527.5820552622847]
2025-01-23 13:28:20,547 3068 DEBUG Simulating with (50, 50, 50), rep 128
2025-01-23 13:28:20,573 18708 DEBUG s[522.44693395 501.06746713], s_hat_ALS [522.4488856920544, 501.06674633476285]
2025-01-23 13:28:20,573 18708 DEBUG Simulating with (50, 50, 50), rep 83
2025-01-23 13:28:20,646 4080 DEBUG s[345.45295292 334.69957741], s_hat_ALS [345.45585591599007, 334.69708552742435]
2025-01-23 13:28:20,647 4080 DEBUG Simulating with (50, 50, 50), rep 21
2025-01-23 13:28:20,689 15012 DEBUG s[441.02503032 360.55414265], s_hat_ALS [441.02596929519956, 360.55305458074463]
2025-01-23 13:28:20,690 15012 DEBUG Simulating with (50, 50, 50), rep 107
2025-01-23 13:28:20,719 8928 DEBUG s[636.04831082 394.24411168], s_hat_ALS [636.0476864961904, 394.2432259905915]
2025-01-23 13:28:20,720 8928 DEBUG Simulating with (50, 50, 50), rep 62
2025-01-23 13:28:20,801 15332 DEBUG s[527.51807762 434.6176147 ], s_hat_ALS [527.5212465948914, 434.6145215582715]
2025-01-23 13:28:20,801 15332 DEBUG Simulating with (50, 50, 50), rep 44
2025-01-23 13:28:21,006 18708 DEBUG s[460.34250617 395.27402557], s_hat_ALS [460.34358472803507, 395.27345360597656]
2025-01-23 13:28:21,006 18708 DEBUG Simulating with (50, 50, 50), rep 84
2025-01-23 13:28:21,008 3068 DEBUG s[687.11352886 429.37341479], s_hat_ALS [687.1162685566505, 429.37109578503697]
2025-01-23 13:28:21,009 3068 DEBUG Simulating with (50, 50, 50), rep 129
2025-01-23 13:28:21,232 4080 DEBUG s[480.44515509 351.59470418], s_hat_ALS [480.4476792371276, 351.59251431858536]
2025-01-23 13:28:21,233 4080 DEBUG Simulating with (50, 50, 50), rep 22
2025-01-23 13:28:21,275 15332 DEBUG s[602.50048889 364.83960267], s_hat_ALS [602.5005592330042, 364.83905706458404]
2025-01-23 13:28:21,276 15332 DEBUG Simulating with (50, 50, 50), rep 45
2025-01-23 13:28:21,303 15012 DEBUG s[535.16231378 468.86472869], s_hat_ALS [535.1630734808787, 468.8639062119423]
2025-01-23 13:28:21,304 15012 DEBUG Simulating with (50, 50, 50), rep 108
2025-01-23 13:28:21,457 18708 DEBUG s[731.77017786 318.58766974], s_hat_ALS [731.7705751981364, 318.587427634615]
2025-01-23 13:28:21,458 18708 DEBUG Simulating with (50, 50, 50), rep 85
2025-01-23 13:28:21,538 8928 DEBUG s[525.16160607 500.74083817], s_hat_ALS [525.1665157548302, 500.7358492434962]
2025-01-23 13:28:21,539 8928 DEBUG Simulating with (50, 50, 50), rep 63
2025-01-23 13:28:21,542 15012 DEBUG s[653.95621511 338.6543975 ], s_hat_ALS [653.9562152457996, 338.6543971571331]
2025-01-23 13:28:21,543 15012 DEBUG Simulating with (50, 50, 50), rep 109
2025-01-23 13:28:21,593 3068 DEBUG s[468.04675208 416.32388903], s_hat_ALS [468.04716272874674, 416.3234748231513]
2025-01-23 13:28:21,594 3068 DEBUG Simulating with (50, 50, 50), rep 130
2025-01-23 13:28:21,635 15332 DEBUG s[545.56347704 263.8498739 ], s_hat_ALS [545.5637397054983, 263.8494333745562]
2025-01-23 13:28:21,635 15332 DEBUG Simulating with (50, 50, 50), rep 46
2025-01-23 13:28:21,684 4080 DEBUG s[475.67299946 304.89326584], s_hat_ALS [475.67507989647027, 304.8910252977761]
2025-01-23 13:28:21,685 4080 DEBUG Simulating with (50, 50, 50), rep 23
2025-01-23 13:28:21,738 18708 DEBUG s[575.17722403 420.83852146], s_hat_ALS [575.177246045693, 420.83849864024324]
2025-01-23 13:28:21,738 18708 DEBUG Simulating with (50, 50, 50), rep 86
2025-01-23 13:28:21,828 8928 DEBUG s[523.66211549 336.59009024], s_hat_ALS [523.6621056776128, 336.5900801766717]
2025-01-23 13:28:21,829 8928 DEBUG Simulating with (50, 50, 50), rep 64
2025-01-23 13:28:21,883 15332 DEBUG s[472.1226886 404.7657273], s_hat_ALS [472.12268777589736, 404.76572341834]
2025-01-23 13:28:21,884 15332 DEBUG Simulating with (50, 50, 50), rep 47
2025-01-23 13:28:21,934 15012 DEBUG s[432.88575223 327.32220778], s_hat_ALS [432.8855444808906, 327.3218470131352]
2025-01-23 13:28:21,935 15012 DEBUG Simulating with (50, 50, 50), rep 110
2025-01-23 13:28:22,121 18708 DEBUG s[701.71280324 276.40461439], s_hat_ALS [701.7120178152376, 276.4042586728469]
2025-01-23 13:28:22,121 18708 DEBUG Simulating with (50, 50, 50), rep 87
2025-01-23 13:28:22,161 4080 DEBUG s[676.40220034 453.48367007], s_hat_ALS [676.4035144088524, 453.4822470126421]
2025-01-23 13:28:22,184 15332 DEBUG s[614.52326705 332.64349095], s_hat_ALS [614.5232612892399, 332.6434799226347]
2025-01-23 13:28:22,248 8928 DEBUG s[583.28049277 326.23174184], s_hat_ALS [583.2819894231676, 326.230548968685]
2025-01-23 13:28:22,250 8928 DEBUG Simulating with (50, 50, 50), rep 65
2025-01-23 13:28:22,287 3068 DEBUG s[651.83753499 632.8699539 ], s_hat_ALS [651.8414513909265, 632.8686182163477]
2025-01-23 13:28:22,287 3068 DEBUG Simulating with (50, 50, 50), rep 131
2025-01-23 13:28:22,433 15012 DEBUG s[421.05328173 410.30505018], s_hat_ALS [421.0533668685554, 410.3049620237404]
2025-01-23 13:28:22,434 15012 DEBUG Simulating with (50, 50, 50), rep 111
2025-01-23 13:28:22,495 3068 DEBUG s[516.16409066 355.93405829], s_hat_ALS [516.1632528552127, 355.9337510764884]
2025-01-23 13:28:22,496 3068 DEBUG Simulating with (50, 50, 50), rep 132
2025-01-23 13:28:22,502 8928 DEBUG s[429.79133524 391.7454997 ], s_hat_ALS [429.79053473621514, 391.74503460381095]
2025-01-23 13:28:22,503 8928 DEBUG Simulating with (50, 50, 50), rep 66
2025-01-23 13:28:22,514 18708 DEBUG s[584.63679587 395.8905823 ], s_hat_ALS [584.638766164423, 395.8883819759456]
2025-01-23 13:28:22,514 18708 DEBUG Simulating with (50, 50, 50), rep 88
2025-01-23 13:28:22,663 3068 DEBUG s[955.04463586 363.440794  ], s_hat_ALS [955.0464688489689, 363.4388401349733]
2025-01-23 13:28:22,664 3068 DEBUG Simulating with (50, 50, 50), rep 133
2025-01-23 13:28:22,812 15012 DEBUG s[482.91042076 374.21694112], s_hat_ALS [482.91065417774877, 374.21665920263257]
2025-01-23 13:28:22,813 15012 DEBUG Simulating with (50, 50, 50), rep 112
2025-01-23 13:28:22,857 8928 DEBUG s[580.64777201 461.17556403], s_hat_ALS [580.6478334792037, 461.17493081035195]
2025-01-23 13:28:22,858 8928 DEBUG Simulating with (50, 50, 50), rep 67
2025-01-23 13:28:22,873 18708 DEBUG s[687.43101297 422.96175732], s_hat_ALS [687.4295526131183, 422.9606983352121]
2025-01-23 13:28:22,874 18708 DEBUG Simulating with (50, 50, 50), rep 89
2025-01-23 13:28:22,916 3068 DEBUG s[453.66317055 354.21981807], s_hat_ALS [453.66322081385147, 354.21993044070825]
2025-01-23 13:28:22,916 3068 DEBUG Simulating with (50, 50, 50), rep 134
2025-01-23 13:28:23,056 15012 DEBUG s[565.97116093 460.28572431], s_hat_ALS [565.9694248925053, 460.28580944230504]
2025-01-23 13:28:23,057 15012 DEBUG Simulating with (50, 50, 50), rep 113
2025-01-23 13:28:23,161 18708 DEBUG s[369.14422517 315.07584851], s_hat_ALS [369.14519578021185, 315.07491645461454]
2025-01-23 13:28:23,162 18708 DEBUG Simulating with (50, 50, 50), rep 90
2025-01-23 13:28:23,253 3068 DEBUG s[371.86438693 305.93571001], s_hat_ALS [371.8658588483844, 305.9343860108142]
2025-01-23 13:28:23,253 3068 DEBUG Simulating with (50, 50, 50), rep 135
2025-01-23 13:28:23,286 8928 DEBUG s[648.34285778 420.9955415 ], s_hat_ALS [648.3481149589161, 420.9901669933394]
2025-01-23 13:28:23,287 8928 DEBUG Simulating with (50, 50, 50), rep 68
2025-01-23 13:28:23,344 15012 DEBUG s[450.6989312  348.94232412], s_hat_ALS [450.69970735658285, 348.9413789096488]
2025-01-23 13:28:23,345 15012 DEBUG Simulating with (50, 50, 50), rep 114
2025-01-23 13:28:23,403 18708 DEBUG s[958.87877072 383.58834172], s_hat_ALS [958.878440446868, 383.5878998173544]
2025-01-23 13:28:23,403 18708 DEBUG Simulating with (50, 50, 50), rep 91
2025-01-23 13:28:23,466 3068 DEBUG s[788.21101681 376.40295279], s_hat_ALS [788.2107304026296, 376.4030088476107]
2025-01-23 13:28:23,467 3068 DEBUG Simulating with (50, 50, 50), rep 136
2025-01-23 13:28:23,546 8928 DEBUG s[446.38978547 364.01207299], s_hat_ALS [446.38875814024874, 364.01092058798474]
2025-01-23 13:28:23,548 8928 DEBUG Simulating with (50, 50, 50), rep 69
2025-01-23 13:28:23,579 18708 DEBUG s[662.5999747 312.0917721], s_hat_ALS [662.5999971121825, 312.09151683284546]
2025-01-23 13:28:23,579 15012 DEBUG s[471.24252316 333.88036245], s_hat_ALS [471.2427202775759, 333.88020759316754]
2025-01-23 13:28:23,579 18708 DEBUG Simulating with (50, 50, 50), rep 92
2025-01-23 13:28:23,580 15012 DEBUG Simulating with (50, 50, 50), rep 115
2025-01-23 13:28:23,754 8928 DEBUG s[552.39176989 304.14970336], s_hat_ALS [552.3918055969663, 304.14967066437714]
2025-01-23 13:28:23,755 8928 DEBUG Simulating with (50, 50, 50), rep 70
2025-01-23 13:28:23,836 15012 DEBUG s[589.71487946 432.67116151], s_hat_ALS [589.7142938791768, 432.6704261330061]
2025-01-23 13:28:23,837 15012 DEBUG Simulating with (50, 50, 50), rep 116
2025-01-23 13:28:23,856 18708 DEBUG s[479.15659528 418.11013225], s_hat_ALS [479.15592075463974, 418.1094688789815]
2025-01-23 13:28:23,856 18708 DEBUG Simulating with (50, 50, 50), rep 93
2025-01-23 13:28:23,920 3068 DEBUG s[365.17598709 348.74984525], s_hat_ALS [365.1773560890501, 348.7484452354957]
2025-01-23 13:28:23,920 3068 DEBUG Simulating with (50, 50, 50), rep 137
2025-01-23 13:28:23,967 18708 DEBUG s[531.06546712 422.51426639], s_hat_ALS [531.0654670187869, 422.51426596728396]
2025-01-23 13:28:23,967 18708 DEBUG Simulating with (50, 50, 50), rep 94
2025-01-23 13:28:24,085 15012 DEBUG s[587.16542801 421.7723259 ], s_hat_ALS [587.1654918175058, 421.77225300200774]
2025-01-23 13:28:24,086 15012 DEBUG Simulating with (50, 50, 50), rep 117
2025-01-23 13:28:24,100 3068 DEBUG s[494.98841763 357.45335699], s_hat_ALS [494.9882999262885, 357.4531828706656]
2025-01-23 13:28:24,100 3068 DEBUG Simulating with (50, 50, 50), rep 138
2025-01-23 13:28:24,163 8928 DEBUG s[429.48574522 382.69735397], s_hat_ALS [429.4867618299618, 382.69632388375754]
2025-01-23 13:28:24,164 8928 DEBUG Simulating with (50, 50, 50), rep 71
2025-01-23 13:28:24,204 18708 DEBUG s[484.65888763 374.37924336], s_hat_ALS [484.6598538767229, 374.378572295235]
2025-01-23 13:28:24,204 18708 DEBUG Simulating with (50, 50, 50), rep 95
2025-01-23 13:28:24,263 15012 DEBUG s[438.53396291 356.00128772], s_hat_ALS [438.53395833606027, 356.00124064154113]
2025-01-23 13:28:24,264 15012 DEBUG Simulating with (50, 50, 50), rep 118
2025-01-23 13:28:24,324 3068 DEBUG s[749.04138206 352.75352797], s_hat_ALS [749.0423562045517, 352.7525520604176]
2025-01-23 13:28:24,325 3068 DEBUG Simulating with (50, 50, 50), rep 139
2025-01-23 13:28:24,526 18708 DEBUG s[478.16466012 397.50324946], s_hat_ALS [478.1649649626047, 397.50288526316535]
2025-01-23 13:28:24,625 15012 DEBUG s[796.9141549  541.79016645], s_hat_ALS [796.9158679627319, 541.7884203444894]
2025-01-23 13:28:24,625 15012 DEBUG Simulating with (50, 50, 50), rep 119
2025-01-23 13:28:24,626 8928 DEBUG s[532.32867383 392.08945001], s_hat_ALS [532.334826409787, 392.08332287391323]
2025-01-23 13:28:24,634 3068 DEBUG s[488.98335152 227.7809455 ], s_hat_ALS [488.9825343704627, 227.77709428509115]
2025-01-23 13:28:24,635 3068 DEBUG Simulating with (50, 50, 50), rep 140
2025-01-23 13:28:24,787 15012 DEBUG s[388.15653736 351.20267594], s_hat_ALS [388.1566389607384, 351.20271525513175]
2025-01-23 13:28:24,787 3068 DEBUG s[457.55149451 338.44819857], s_hat_ALS [457.5516855196117, 338.44800018740517]
2025-01-23 13:28:24,788 3068 DEBUG Simulating with (50, 50, 50), rep 141
2025-01-23 13:28:24,901 3068 DEBUG s[643.70963915 266.73815594], s_hat_ALS [643.7097770831244, 266.7378689207796]
2025-01-23 13:28:24,902 3068 DEBUG Simulating with (50, 50, 50), rep 142
2025-01-23 13:28:25,016 3068 DEBUG s[783.30024106 381.66400869], s_hat_ALS [783.3002832044046, 381.663986532251]
2025-01-23 13:28:25,017 3068 DEBUG Simulating with (50, 50, 50), rep 143
2025-01-23 13:28:25,129 3068 DEBUG s[861.319261   405.10035731], s_hat_ALS [861.3184729097237, 405.0996659883596]
2025-01-23 13:28:25,185 18860 DEBUG The simulation has ended
2025-01-24 10:03:03,398 17152 DEBUG Starting code with parameters {'repetitions': 150, 'range_dict': {'ranges': [{'start': 3, 'stop': 50}, {'start': 3, 'stop': 25}, {'start': 3, 'stop': 25}], 'n_vals': 10}, 'noise_scale': 1, 'dgp': 'package.dgp_classes.base_F_AR_DGP', 'dgp_kwargs': [{'n_factors': 2, 'lags': 0, 'ar_coefficients': [[0.95, 0.95]]}], 'workers': 8}.
2025-01-24 10:03:03,399 17152 DEBUG We have 8 workers available to us.
2025-01-24 10:03:03,400 17152 DEBUG Starting the simulation
2025-01-24 10:03:08,071 4520 DEBUG Simulating with (3, 3, 3), rep 0
2025-01-24 10:03:08,129 13344 DEBUG Simulating with (3, 3, 3), rep 47
2025-01-24 10:03:08,142 21100 DEBUG Simulating with (3, 3, 3), rep 94
2025-01-24 10:03:08,144 4520 DEBUG Simulating with (3, 3, 3), rep 141
2025-01-24 10:03:08,148 4520 DEBUG Simulating with (8, 5, 5), rep 38
2025-01-24 10:03:08,148 13344 DEBUG Simulating with (8, 5, 5), rep 85
2025-01-24 10:03:08,152 13344 DEBUG Simulating with (13, 7, 7), rep 29
2025-01-24 10:03:08,152 4520 DEBUG Simulating with (8, 5, 5), rep 132
2025-01-24 10:03:08,156 4520 DEBUG Simulating with (13, 7, 7), rep 76
2025-01-24 10:03:08,157 13344 DEBUG Simulating with (13, 7, 7), rep 123
2025-01-24 10:03:08,159 8824 DEBUG Simulating with (18, 10, 10), rep 20
2025-01-24 10:03:08,159 18436 DEBUG Simulating with (18, 10, 10), rep 67
2025-01-24 10:03:08,160 4520 DEBUG Simulating with (18, 10, 10), rep 114
2025-01-24 10:03:08,161 13344 DEBUG Simulating with (23, 12, 12), rep 11
2025-01-24 10:03:08,163 9556 DEBUG Simulating with (23, 12, 12), rep 58
2025-01-24 10:03:08,166 4520 DEBUG Simulating with (23, 12, 12), rep 105
2025-01-24 10:03:08,169 13344 DEBUG Simulating with (29, 15, 15), rep 2
2025-01-24 10:03:08,169 21100 DEBUG Simulating with (29, 15, 15), rep 49
2025-01-24 10:03:08,176 4520 DEBUG Simulating with (29, 15, 15), rep 96
2025-01-24 10:03:08,182 21100 DEBUG Simulating with (34, 17, 17), rep 40
2025-01-24 10:03:08,181 13344 DEBUG Simulating with (29, 15, 15), rep 143
2025-01-24 10:03:08,183 8824 DEBUG Simulating with (34, 17, 17), rep 87
2025-01-24 10:03:08,183 6104 DEBUG Simulating with (34, 17, 17), rep 134
2025-01-24 10:03:08,186 18436 DEBUG Simulating with (39, 20, 20), rep 31
2025-01-24 10:03:08,187 4520 DEBUG Simulating with (39, 20, 20), rep 78
2025-01-24 10:03:08,190 13344 DEBUG Simulating with (39, 20, 20), rep 125
2025-01-24 10:03:08,190 21100 DEBUG Simulating with (44, 22, 22), rep 22
2025-01-24 10:03:08,193 9556 DEBUG Simulating with (44, 22, 22), rep 69
2025-01-24 10:03:08,195 4720 DEBUG Simulating with (44, 22, 22), rep 116
2025-01-24 10:03:08,197 8824 DEBUG Simulating with (50, 25, 25), rep 13
2025-01-24 10:03:08,198 4520 DEBUG Simulating with (50, 25, 25), rep 60
2025-01-24 10:03:08,201 21100 DEBUG Simulating with (50, 25, 25), rep 107
